ISO-10303-21;
HEADER;
FILE_DESCRIPTION((''),'2;1');
FILE_NAME('bottom', '2026-08-13T11:47:27', (''), (''), 'ImageToStl.com STEP Converter','', '');
FILE_SCHEMA(('AUTOMOTIVE_DESIGN_CC2'));
ENDSEC;
DATA;
#1=PRODUCT_DEFINITION_CONTEXT('',#4,'design');
#2=APPLICATION_PROTOCOL_DEFINITION('INTERNATIONAL STANDARD','automotive_design',1994,#4);
#3=(GEOMETRIC_REPRESENTATION_CONTEXT(3)GLOBAL_UNCERTAINTY_ASSIGNED_CONTEXT((#5))GLOBAL_UNIT_ASSIGNED_CONTEXT((#6,#7,#8))REPRESENTATION_CONTEXT('NONE','WORKSPACE'));
#4=APPLICATION_CONTEXT(' ');
#5=UNCERTAINTY_MEASURE_WITH_UNIT(LENGTH_MEASURE(1.0E-006),#6,'','');
#6=(CONVERSION_BASED_UNIT('METRE',#10)LENGTH_UNIT()NAMED_UNIT(#11));
#7=(NAMED_UNIT(#12)PLANE_ANGLE_UNIT()SI_UNIT($,.RADIAN.));
#8=(NAMED_UNIT(#12)SOLID_ANGLE_UNIT()SI_UNIT($,.STERADIAN.));
#9=AXIS2_PLACEMENT_3D('',#14,#15,#16);
#10=LENGTH_MEASURE_WITH_UNIT(LENGTH_MEASURE(1.0),#17);
#11=DIMENSIONAL_EXPONENTS(1.0,0.0,0.0,0.0,0.0,0.0,0.0);
#12=DIMENSIONAL_EXPONENTS(0.0,0.0,0.0,0.0,0.0,0.0,0.0);
#13=PRODUCT_CONTEXT('',#4,'mechanical');
#14=CARTESIAN_POINT('',(0.0,0.0,0.0));
#15=DIRECTION('',(0.0,0.0,1.0));
#16=DIRECTION('',(1.0,0.0,0.0));
#17=(NAMED_UNIT(#11)LENGTH_UNIT()SI_UNIT(.MILLI.,.METRE.));
#18=PRESENTATION_STYLE_ASSIGNMENT((#19));
#19=SURFACE_STYLE_USAGE(.BOTH.,#20);
#20=SURFACE_SIDE_STYLE('',(#21));
#21=SURFACE_STYLE_FILL_AREA(#22);
#22=FILL_AREA_STYLE('',(#23));
#23=FILL_AREA_STYLE_COLOUR('',#24);
#24=COLOUR_RGB('',0.62745,0.62745,0.62745);
#25=PRESENTATION_STYLE_ASSIGNMENT((#26));
#26=SURFACE_STYLE_USAGE(.BOTH.,#27);
#27=SURFACE_SIDE_STYLE('',(#28));
#28=SURFACE_STYLE_FILL_AREA(#29);
#29=FILL_AREA_STYLE('',(#30));
#30=FILL_AREA_STYLE_COLOUR('',#31);
#31=COLOUR_RGB('',0.9,0.9,0.9);
#32=SHAPE_DEFINITION_REPRESENTATION(#33,#34);
#33=PRODUCT_DEFINITION_SHAPE('productshape0','',#37);
#34=MANIFOLD_SURFACE_SHAPE_REPRESENTATION('',(#35,#9),#3);
#35=SHELL_BASED_SURFACE_MODEL('shell0',(#40));
#36=PRODUCT('product0','','',(#13));
#37=PRODUCT_DEFINITION('mesh0','',#38,#2);
#38=PRODUCT_DEFINITION_FORMATION_WITH_SPECIFIED_SOURCE('prodsource0','',#36,.NOT_KNOWN.);
#39=STYLED_ITEM('',(#25),#40);
#40=CLOSED_SHELL('',(#857,#879,#901,#923,#945,#967,#989,#1011,#1033,#1055,#1077,#1099,#1121,#1143,#1165,#1187,#1209,#1231,#1253,#1275,#1297,#1319,#1341,#1363,#1385,#1407,#1429,#1451,#1473,#1495,#1517,#1539,#1561,#1583,#1605,#1627,#1649,#1671,#1693,#1715,#1737,#1759,#1781,#1803,#1825,#1847,#1869,#1891,#1913,#1935,#1957,#1979,#2001,#2023,#2045,#2067,#2089,#2111,#2133,#2155,#2177,#2199,#2221,#2243,#2265,#2287,#2309,#2331,#2353,#2375,#2397,#2419,#2441,#2463,#2485,#2507,#2529,#2551,#2573,#2595,#2617,#2639,#2661,#2683,#2705,#2727,#2749,#2771,#2793,#2815,#2837,#2859,#2881,#2903,#2925,#2947,#2969,#2991,#3013,#3035,#3057,#3079,#3101,#3123,#3145,#3167,#3189,#3211,#3233,#3255,#3277,#3299,#3321,#3343,#3365,#3387,#3409,#3431,#3453,#3475,#3497,#3519,#3541,#3563,#3585,#3607,#3629,#3651,#3673,#3695,#3717,#3739,#3761,#3783,#3805,#3827,#3849,#3871,#3893,#3915,#3937,#3959,#3981,#4003,#4025,#4047,#4069,#4091,#4113,#4135,#4157,#4179,#4201,#4223,#4245,#4267,#4289,#4311,#4333,#4355,#4377,#4399,#4421,#4443,#4465,#4487,#4509,#4531,#4553,#4575,#4597,#4619,#4641,#4663,#4685,#4707,#4729,#4751,#4773,#4795,#4817,#4839,#4861,#4883,#4905,#4927,#4949,#4971,#4993,#5015,#5037,#5059,#5081,#5103,#5125,#5147,#5169,#5191,#5213,#5235,#5257,#5279,#5301,#5323,#5345,#5367,#5389,#5411,#5433,#5455,#5477,#5499,#5521,#5543,#5565,#5587,#5609,#5631,#5653,#5675,#5697,#5719,#5741,#5763,#5785,#5807,#5829,#5851,#5873,#5895,#5917,#5939,#5961,#5983,#6005,#6027,#6049,#6071,#6093,#6115,#6137,#6159,#6181,#6203,#6225,#6247,#6269,#6291,#6313,#6335,#6357,#6379,#6401,#6423,#6445,#6467,#6489,#6511,#6533,#6555,#6577,#6599,#6621,#6643,#6665,#6687,#6709,#6731,#6753,#6775,#6797,#6819,#6841,#6863,#6885,#6907,#6929,#6951,#6973,#6995,#7017,#7039,#7061,#7083,#7105,#7127,#7149,#7171,#7193,#7215,#7237,#7259,#7281,#7303,#7325,#7347,#7369,#7391,#7413,#7435,#7457,#7479,#7501,#7523,#7545,#7567,#7589,#7611,#7633,#7655,#7677,#7699,#7721,#7743,#7765,#7787,#7809,#7831,#7853,#7875,#7897,#7919,#7941,#7963,#7985,#8007,#8029,#8051,#8073,#8095,#8117,#8139,#8161,#8183,#8205,#8227,#8249,#8271,#8293,#8315,#8337,#8359,#8381,#8403,#8425,#8447,#8469,#8491,#8513,#8535,#8557,#8579,#8601,#8623,#8645,#8667,#8689,#8711,#8733,#8755,#8777,#8799,#8821,#8843,#8865,#8887,#8909,#8931,#8953,#8975,#8997,#9019,#9041,#9063,#9085,#9107,#9129,#9151,#9173,#9195,#9217,#9239,#9261,#9283,#9305,#9327,#9349,#9371,#9393,#9415,#9437,#9459,#9481,#9503,#9525,#9547,#9569,#9591,#9613,#9635,#9657,#9679,#9701,#9723,#9745,#9767,#9789,#9811,#9833,#9855,#9877,#9899,#9921,#9943,#9965,#9987,#10009,#10031,#10053,#10075,#10097,#10119,#10141,#10163,#10185,#10207,#10229,#10251,#10273,#10295,#10317,#10339,#10361,#10383,#10405,#10427,#10449,#10471,#10493,#10515,#10537,#10559,#10581,#10603,#10625,#10647,#10669,#10691,#10713,#10735,#10757,#10779,#10801,#10823,#10845,#10867,#10889,#10911,#10933,#10955,#10977,#10999,#11021,#11043,#11065,#11087,#11109,#11131,#11153,#11175,#11197,#11219,#11241,#11263,#11285,#11307,#11329,#11351,#11373,#11395,#11417,#11439,#11461,#11483,#11505,#11527,#11549,#11571,#11593,#11615,#11637,#11659,#11681,#11703,#11725,#11747,#11769,#11791,#11813,#11835,#11857,#11879,#11901,#11923,#11945,#11967,#11989,#12011,#12033,#12055,#12077,#12099,#12121,#12143,#12165,#12187,#12209,#12231,#12253,#12275,#12297,#12319,#12341,#12363,#12385,#12407,#12429,#12451,#12473,#12495,#12517,#12539,#12561,#12583,#12605,#12627,#12649,#12671,#12693,#12715,#12737,#12759,#12781,#12803,#12825,#12847,#12869,#12891,#12913,#12935,#12957,#12979,#13001,#13023,#13045,#13067,#13089,#13111,#13133,#13155,#13177,#13199,#13221,#13243,#13265,#13287,#13309,#13331,#13353,#13375,#13397,#13419,#13441,#13463,#13485,#13507,#13529,#13551,#13573,#13595,#13617,#13639,#13661,#13683,#13705,#13727,#13749,#13771,#13793,#13815,#13837,#13859,#13881,#13903,#13925,#13947,#13969,#13991,#14013,#14035,#14057,#14079,#14101,#14123,#14145,#14167,#14189,#14211,#14233,#14255,#14277,#14299,#14321,#14343,#14365,#14387,#14409,#14431,#14453,#14475,#14497,#14519,#14541,#14563,#14585,#14607,#14629,#14651,#14673,#14695,#14717,#14739,#14761,#14783,#14805,#14827,#14849,#14871,#14893,#14915,#14937,#14959,#14981,#15003,#15025,#15047,#15069,#15091,#15113,#15135,#15157,#15179,#15201,#15223,#15245,#15267,#15289,#15311,#15333,#15355,#15377,#15399,#15421,#15443,#15465,#15487,#15509,#15531,#15553,#15575,#15597,#15619,#15641,#15663,#15685,#15707,#15729,#15751,#15773,#15795,#15817,#15839,#15861,#15883,#15905,#15927,#15949,#15971,#15993,#16015,#16037,#16059,#16081,#16103,#16125,#16147,#16169,#16191,#16213,#16235,#16257,#16279,#16301,#16323,#16345,#16367,#16389,#16411,#16433,#16455,#16477,#16499,#16521,#16543,#16565,#16587,#16609,#16631,#16653,#16675,#16697,#16719,#16741,#16763,#16785,#16807,#16829,#16851,#16873,#16895,#16917,#16939,#16961,#16983,#17005,#17027,#17049,#17071,#17093,#17115,#17137,#17159,#17181,#17203,#17225,#17247,#17269,#17291,#17313,#17335,#17357,#17379,#17401,#17423,#17445,#17467,#17489,#17511,#17533,#17555,#17577,#17599,#17621,#17643,#17665,#17687,#17709,#17731,#17753,#17775,#17797,#17819,#17841,#17863,#17885,#17907,#17929,#17951,#17973,#17995,#18017,#18039,#18061,#18083,#18105,#18127,#18149,#18171,#18193,#18215,#18237,#18259,#18281,#18303,#18325,#18347,#18369,#18391,#18413,#18435,#18457,#18479,#18501,#18523,#18545,#18567,#18589,#18611,#18633,#18655,#18677,#18699));
#41=CARTESIAN_POINT('',(156.718864,-141.3,-10.5));
#42=VERTEX_POINT('',#41);
#43=CARTESIAN_POINT('',(156.772736,-140.890768,-10.5));
#44=VERTEX_POINT('',#43);
#45=CARTESIAN_POINT('',(156.930688,-140.509424,-10.5));
#46=VERTEX_POINT('',#45);
#47=CARTESIAN_POINT('',(157.181968,-140.181968,-10.5));
#48=VERTEX_POINT('',#47);
#49=CARTESIAN_POINT('',(157.509424,-139.930688,-10.5));
#50=VERTEX_POINT('',#49);
#51=CARTESIAN_POINT('',(157.890768,-139.772736,-10.5));
#52=VERTEX_POINT('',#51);
#53=CARTESIAN_POINT('',(158.3,-139.718864,-10.5));
#54=VERTEX_POINT('',#53);
#55=CARTESIAN_POINT('',(158.709232,-139.772736,-10.5));
#56=VERTEX_POINT('',#55);
#57=CARTESIAN_POINT('',(159.09056,-139.930688,-10.5));
#58=VERTEX_POINT('',#57);
#59=CARTESIAN_POINT('',(159.418032,-140.181968,-10.5));
#60=VERTEX_POINT('',#59);
#61=CARTESIAN_POINT('',(159.669296,-140.509424,-10.5));
#62=VERTEX_POINT('',#61);
#63=CARTESIAN_POINT('',(159.827248,-140.890768,-10.5));
#64=VERTEX_POINT('',#63);
#65=CARTESIAN_POINT('',(159.881136,-141.3,-10.5));
#66=VERTEX_POINT('',#65);
#67=CARTESIAN_POINT('',(159.827248,-141.709232,-10.5));
#68=VERTEX_POINT('',#67);
#69=CARTESIAN_POINT('',(159.669296,-142.09056,-10.5));
#70=VERTEX_POINT('',#69);
#71=CARTESIAN_POINT('',(159.418032,-142.418032,-10.5));
#72=VERTEX_POINT('',#71);
#73=CARTESIAN_POINT('',(159.09056,-142.669296,-10.5));
#74=VERTEX_POINT('',#73);
#75=CARTESIAN_POINT('',(158.709232,-142.827248,-10.5));
#76=VERTEX_POINT('',#75);
#77=CARTESIAN_POINT('',(158.3,-142.881136,-10.5));
#78=VERTEX_POINT('',#77);
#79=CARTESIAN_POINT('',(157.890768,-142.827248,-10.5));
#80=VERTEX_POINT('',#79);
#81=CARTESIAN_POINT('',(157.509424,-142.669296,-10.5));
#82=VERTEX_POINT('',#81);
#83=CARTESIAN_POINT('',(157.181968,-142.418032,-10.5));
#84=VERTEX_POINT('',#83);
#85=CARTESIAN_POINT('',(156.930688,-142.09056,-10.5));
#86=VERTEX_POINT('',#85);
#87=CARTESIAN_POINT('',(156.772736,-141.709232,-10.5));
#88=VERTEX_POINT('',#87);
#89=CARTESIAN_POINT('',(156.718864,-141.3,-12.5));
#90=VERTEX_POINT('',#89);
#91=CARTESIAN_POINT('',(156.772736,-141.709232,-12.5));
#92=VERTEX_POINT('',#91);
#93=CARTESIAN_POINT('',(156.930688,-142.09056,-12.5));
#94=VERTEX_POINT('',#93);
#95=CARTESIAN_POINT('',(157.181968,-142.418032,-12.5));
#96=VERTEX_POINT('',#95);
#97=CARTESIAN_POINT('',(157.509424,-142.669296,-12.5));
#98=VERTEX_POINT('',#97);
#99=CARTESIAN_POINT('',(157.890768,-142.827248,-12.5));
#100=VERTEX_POINT('',#99);
#101=CARTESIAN_POINT('',(158.3,-142.881136,-12.5));
#102=VERTEX_POINT('',#101);
#103=CARTESIAN_POINT('',(158.709232,-142.827248,-12.5));
#104=VERTEX_POINT('',#103);
#105=CARTESIAN_POINT('',(159.09056,-142.669296,-12.5));
#106=VERTEX_POINT('',#105);
#107=CARTESIAN_POINT('',(159.418032,-142.418032,-12.5));
#108=VERTEX_POINT('',#107);
#109=CARTESIAN_POINT('',(159.669296,-142.09056,-12.5));
#110=VERTEX_POINT('',#109);
#111=CARTESIAN_POINT('',(159.827248,-141.709232,-12.5));
#112=VERTEX_POINT('',#111);
#113=CARTESIAN_POINT('',(159.881136,-141.3,-12.5));
#114=VERTEX_POINT('',#113);
#115=CARTESIAN_POINT('',(159.827248,-140.890768,-12.5));
#116=VERTEX_POINT('',#115);
#117=CARTESIAN_POINT('',(159.669296,-140.509424,-12.5));
#118=VERTEX_POINT('',#117);
#119=CARTESIAN_POINT('',(159.418032,-140.181968,-12.5));
#120=VERTEX_POINT('',#119);
#121=CARTESIAN_POINT('',(159.09056,-139.930688,-12.5));
#122=VERTEX_POINT('',#121);
#123=CARTESIAN_POINT('',(158.709232,-139.772736,-12.5));
#124=VERTEX_POINT('',#123);
#125=CARTESIAN_POINT('',(158.3,-139.718864,-12.5));
#126=VERTEX_POINT('',#125);
#127=CARTESIAN_POINT('',(157.890768,-139.772736,-12.5));
#128=VERTEX_POINT('',#127);
#129=CARTESIAN_POINT('',(157.509424,-139.930688,-12.5));
#130=VERTEX_POINT('',#129);
#131=CARTESIAN_POINT('',(157.181968,-140.181968,-12.5));
#132=VERTEX_POINT('',#131);
#133=CARTESIAN_POINT('',(156.930688,-140.509424,-12.5));
#134=VERTEX_POINT('',#133);
#135=CARTESIAN_POINT('',(156.772736,-140.890768,-12.5));
#136=VERTEX_POINT('',#135);
#137=CARTESIAN_POINT('',(156.718864,-141.3,-14.5));
#138=VERTEX_POINT('',#137);
#139=CARTESIAN_POINT('',(156.772736,-141.709232,-14.5));
#140=VERTEX_POINT('',#139);
#141=CARTESIAN_POINT('',(156.930688,-142.09056,-14.5));
#142=VERTEX_POINT('',#141);
#143=CARTESIAN_POINT('',(157.181968,-142.418032,-14.5));
#144=VERTEX_POINT('',#143);
#145=CARTESIAN_POINT('',(157.509424,-142.669296,-14.5));
#146=VERTEX_POINT('',#145);
#147=CARTESIAN_POINT('',(157.890768,-142.827248,-14.5));
#148=VERTEX_POINT('',#147);
#149=CARTESIAN_POINT('',(158.3,-142.881136,-14.5));
#150=VERTEX_POINT('',#149);
#151=CARTESIAN_POINT('',(158.709232,-142.827248,-14.5));
#152=VERTEX_POINT('',#151);
#153=CARTESIAN_POINT('',(159.09056,-142.669296,-14.5));
#154=VERTEX_POINT('',#153);
#155=CARTESIAN_POINT('',(159.418032,-142.418032,-14.5));
#156=VERTEX_POINT('',#155);
#157=CARTESIAN_POINT('',(159.669296,-142.09056,-14.5));
#158=VERTEX_POINT('',#157);
#159=CARTESIAN_POINT('',(159.827248,-141.709232,-14.5));
#160=VERTEX_POINT('',#159);
#161=CARTESIAN_POINT('',(159.881136,-141.3,-14.5));
#162=VERTEX_POINT('',#161);
#163=CARTESIAN_POINT('',(159.827248,-140.890768,-14.5));
#164=VERTEX_POINT('',#163);
#165=CARTESIAN_POINT('',(159.669296,-140.509424,-14.5));
#166=VERTEX_POINT('',#165);
#167=CARTESIAN_POINT('',(159.418032,-140.181968,-14.5));
#168=VERTEX_POINT('',#167);
#169=CARTESIAN_POINT('',(159.09056,-139.930688,-14.5));
#170=VERTEX_POINT('',#169);
#171=CARTESIAN_POINT('',(158.709232,-139.772736,-14.5));
#172=VERTEX_POINT('',#171);
#173=CARTESIAN_POINT('',(158.3,-139.718864,-14.5));
#174=VERTEX_POINT('',#173);
#175=CARTESIAN_POINT('',(157.890768,-139.772736,-14.5));
#176=VERTEX_POINT('',#175);
#177=CARTESIAN_POINT('',(157.509424,-139.930688,-14.5));
#178=VERTEX_POINT('',#177);
#179=CARTESIAN_POINT('',(157.181968,-140.181968,-14.5));
#180=VERTEX_POINT('',#179);
#181=CARTESIAN_POINT('',(156.930688,-140.509424,-14.5));
#182=VERTEX_POINT('',#181);
#183=CARTESIAN_POINT('',(156.772736,-140.890768,-14.5));
#184=VERTEX_POINT('',#183);
#185=CARTESIAN_POINT('',(156.718864,-141.3,-14));
#186=VERTEX_POINT('',#185);
#187=CARTESIAN_POINT('',(156.772736,-140.890768,-14));
#188=VERTEX_POINT('',#187);
#189=CARTESIAN_POINT('',(156.930688,-140.509424,-14));
#190=VERTEX_POINT('',#189);
#191=CARTESIAN_POINT('',(157.181968,-140.181968,-14));
#192=VERTEX_POINT('',#191);
#193=CARTESIAN_POINT('',(157.509424,-139.930688,-14));
#194=VERTEX_POINT('',#193);
#195=CARTESIAN_POINT('',(157.890768,-139.772736,-14));
#196=VERTEX_POINT('',#195);
#197=CARTESIAN_POINT('',(158.3,-139.718864,-14));
#198=VERTEX_POINT('',#197);
#199=CARTESIAN_POINT('',(158.709232,-139.772736,-14));
#200=VERTEX_POINT('',#199);
#201=CARTESIAN_POINT('',(159.09056,-139.930688,-14));
#202=VERTEX_POINT('',#201);
#203=CARTESIAN_POINT('',(159.418032,-140.181968,-14));
#204=VERTEX_POINT('',#203);
#205=CARTESIAN_POINT('',(159.669296,-140.509424,-14));
#206=VERTEX_POINT('',#205);
#207=CARTESIAN_POINT('',(159.827248,-140.890768,-14));
#208=VERTEX_POINT('',#207);
#209=CARTESIAN_POINT('',(159.881136,-141.3,-14));
#210=VERTEX_POINT('',#209);
#211=CARTESIAN_POINT('',(159.827248,-141.709232,-14));
#212=VERTEX_POINT('',#211);
#213=CARTESIAN_POINT('',(159.669296,-142.09056,-14));
#214=VERTEX_POINT('',#213);
#215=CARTESIAN_POINT('',(159.418032,-142.418032,-14));
#216=VERTEX_POINT('',#215);
#217=CARTESIAN_POINT('',(159.09056,-142.669296,-14));
#218=VERTEX_POINT('',#217);
#219=CARTESIAN_POINT('',(158.709232,-142.827248,-14));
#220=VERTEX_POINT('',#219);
#221=CARTESIAN_POINT('',(158.3,-142.881136,-14));
#222=VERTEX_POINT('',#221);
#223=CARTESIAN_POINT('',(157.890768,-142.827248,-14));
#224=VERTEX_POINT('',#223);
#225=CARTESIAN_POINT('',(157.509424,-142.669296,-14));
#226=VERTEX_POINT('',#225);
#227=CARTESIAN_POINT('',(157.181968,-142.418032,-14));
#228=VERTEX_POINT('',#227);
#229=CARTESIAN_POINT('',(156.930688,-142.09056,-14));
#230=VERTEX_POINT('',#229);
#231=CARTESIAN_POINT('',(156.772736,-141.709232,-14));
#232=VERTEX_POINT('',#231);
#233=CARTESIAN_POINT('',(243.172112,-141.099984,-10.5));
#234=VERTEX_POINT('',#233);
#235=CARTESIAN_POINT('',(243.227584,-140.678672,-10.5));
#236=VERTEX_POINT('',#235);
#237=CARTESIAN_POINT('',(243.390208,-140.286064,-10.5));
#238=VERTEX_POINT('',#237);
#239=CARTESIAN_POINT('',(243.648912,-139.948912,-10.5));
#240=VERTEX_POINT('',#239);
#241=CARTESIAN_POINT('',(243.986048,-139.690224,-10.5));
#242=VERTEX_POINT('',#241);
#243=CARTESIAN_POINT('',(244.378656,-139.527584,-10.5));
#244=VERTEX_POINT('',#243);
#245=CARTESIAN_POINT('',(244.799984,-139.472128,-10.5));
#246=VERTEX_POINT('',#245);
#247=CARTESIAN_POINT('',(245.221328,-139.527584,-10.5));
#248=VERTEX_POINT('',#247);
#249=CARTESIAN_POINT('',(245.613936,-139.690224,-10.5));
#250=VERTEX_POINT('',#249);
#251=CARTESIAN_POINT('',(245.951088,-139.948912,-10.5));
#252=VERTEX_POINT('',#251);
#253=CARTESIAN_POINT('',(246.209776,-140.286064,-10.5));
#254=VERTEX_POINT('',#253);
#255=CARTESIAN_POINT('',(246.3724,-140.678672,-10.5));
#256=VERTEX_POINT('',#255);
#257=CARTESIAN_POINT('',(246.427872,-141.099984,-10.5));
#258=VERTEX_POINT('',#257);
#259=CARTESIAN_POINT('',(246.3724,-141.521312,-10.5));
#260=VERTEX_POINT('',#259);
#261=CARTESIAN_POINT('',(246.209776,-141.913936,-10.5));
#262=VERTEX_POINT('',#261);
#263=CARTESIAN_POINT('',(245.951088,-142.251088,-10.5));
#264=VERTEX_POINT('',#263);
#265=CARTESIAN_POINT('',(245.613936,-142.509776,-10.5));
#266=VERTEX_POINT('',#265);
#267=CARTESIAN_POINT('',(245.221328,-142.672416,-10.5));
#268=VERTEX_POINT('',#267);
#269=CARTESIAN_POINT('',(244.799984,-142.727872,-10.5));
#270=VERTEX_POINT('',#269);
#271=CARTESIAN_POINT('',(244.378656,-142.672416,-10.5));
#272=VERTEX_POINT('',#271);
#273=CARTESIAN_POINT('',(243.986048,-142.509776,-10.5));
#274=VERTEX_POINT('',#273);
#275=CARTESIAN_POINT('',(243.648912,-142.251088,-10.5));
#276=VERTEX_POINT('',#275);
#277=CARTESIAN_POINT('',(243.390208,-141.913936,-10.5));
#278=VERTEX_POINT('',#277);
#279=CARTESIAN_POINT('',(243.227584,-141.521312,-10.5));
#280=VERTEX_POINT('',#279);
#281=CARTESIAN_POINT('',(243.172112,-141.099984,-12.5));
#282=VERTEX_POINT('',#281);
#283=CARTESIAN_POINT('',(243.227584,-141.521312,-12.5));
#284=VERTEX_POINT('',#283);
#285=CARTESIAN_POINT('',(243.390208,-141.913936,-12.5));
#286=VERTEX_POINT('',#285);
#287=CARTESIAN_POINT('',(243.648912,-142.251088,-12.5));
#288=VERTEX_POINT('',#287);
#289=CARTESIAN_POINT('',(243.986048,-142.509776,-12.5));
#290=VERTEX_POINT('',#289);
#291=CARTESIAN_POINT('',(244.378656,-142.672416,-12.5));
#292=VERTEX_POINT('',#291);
#293=CARTESIAN_POINT('',(244.799984,-142.727872,-12.5));
#294=VERTEX_POINT('',#293);
#295=CARTESIAN_POINT('',(245.221328,-142.672416,-12.5));
#296=VERTEX_POINT('',#295);
#297=CARTESIAN_POINT('',(245.613936,-142.509776,-12.5));
#298=VERTEX_POINT('',#297);
#299=CARTESIAN_POINT('',(245.951088,-142.251088,-12.5));
#300=VERTEX_POINT('',#299);
#301=CARTESIAN_POINT('',(246.209776,-141.913936,-12.5));
#302=VERTEX_POINT('',#301);
#303=CARTESIAN_POINT('',(246.3724,-141.521312,-12.5));
#304=VERTEX_POINT('',#303);
#305=CARTESIAN_POINT('',(246.427872,-141.099984,-12.5));
#306=VERTEX_POINT('',#305);
#307=CARTESIAN_POINT('',(246.3724,-140.678672,-12.5));
#308=VERTEX_POINT('',#307);
#309=CARTESIAN_POINT('',(246.209776,-140.286064,-12.5));
#310=VERTEX_POINT('',#309);
#311=CARTESIAN_POINT('',(245.951088,-139.948912,-12.5));
#312=VERTEX_POINT('',#311);
#313=CARTESIAN_POINT('',(245.613936,-139.690224,-12.5));
#314=VERTEX_POINT('',#313);
#315=CARTESIAN_POINT('',(245.221328,-139.527584,-12.5));
#316=VERTEX_POINT('',#315);
#317=CARTESIAN_POINT('',(244.799984,-139.472128,-12.5));
#318=VERTEX_POINT('',#317);
#319=CARTESIAN_POINT('',(244.378656,-139.527584,-12.5));
#320=VERTEX_POINT('',#319);
#321=CARTESIAN_POINT('',(243.986048,-139.690224,-12.5));
#322=VERTEX_POINT('',#321);
#323=CARTESIAN_POINT('',(243.648912,-139.948912,-12.5));
#324=VERTEX_POINT('',#323);
#325=CARTESIAN_POINT('',(243.390208,-140.286064,-12.5));
#326=VERTEX_POINT('',#325);
#327=CARTESIAN_POINT('',(243.227584,-140.678672,-12.5));
#328=VERTEX_POINT('',#327);
#329=CARTESIAN_POINT('',(243.172112,-141.099984,-14.5));
#330=VERTEX_POINT('',#329);
#331=CARTESIAN_POINT('',(243.227584,-141.521312,-14.5));
#332=VERTEX_POINT('',#331);
#333=CARTESIAN_POINT('',(243.390208,-141.913936,-14.5));
#334=VERTEX_POINT('',#333);
#335=CARTESIAN_POINT('',(243.648912,-142.251088,-14.5));
#336=VERTEX_POINT('',#335);
#337=CARTESIAN_POINT('',(243.986048,-142.509776,-14.5));
#338=VERTEX_POINT('',#337);
#339=CARTESIAN_POINT('',(244.378656,-142.672416,-14.5));
#340=VERTEX_POINT('',#339);
#341=CARTESIAN_POINT('',(244.799984,-142.727872,-14.5));
#342=VERTEX_POINT('',#341);
#343=CARTESIAN_POINT('',(245.221328,-142.672416,-14.5));
#344=VERTEX_POINT('',#343);
#345=CARTESIAN_POINT('',(245.613936,-142.509776,-14.5));
#346=VERTEX_POINT('',#345);
#347=CARTESIAN_POINT('',(245.951088,-142.251088,-14.5));
#348=VERTEX_POINT('',#347);
#349=CARTESIAN_POINT('',(246.209776,-141.913936,-14.5));
#350=VERTEX_POINT('',#349);
#351=CARTESIAN_POINT('',(246.3724,-141.521312,-14.5));
#352=VERTEX_POINT('',#351);
#353=CARTESIAN_POINT('',(246.427872,-141.099984,-14.5));
#354=VERTEX_POINT('',#353);
#355=CARTESIAN_POINT('',(246.3724,-140.678672,-14.5));
#356=VERTEX_POINT('',#355);
#357=CARTESIAN_POINT('',(246.209776,-140.286064,-14.5));
#358=VERTEX_POINT('',#357);
#359=CARTESIAN_POINT('',(245.951088,-139.948912,-14.5));
#360=VERTEX_POINT('',#359);
#361=CARTESIAN_POINT('',(245.613936,-139.690224,-14.5));
#362=VERTEX_POINT('',#361);
#363=CARTESIAN_POINT('',(245.221328,-139.527584,-14.5));
#364=VERTEX_POINT('',#363);
#365=CARTESIAN_POINT('',(244.799984,-139.472128,-14.5));
#366=VERTEX_POINT('',#365);
#367=CARTESIAN_POINT('',(244.378656,-139.527584,-14.5));
#368=VERTEX_POINT('',#367);
#369=CARTESIAN_POINT('',(243.986048,-139.690224,-14.5));
#370=VERTEX_POINT('',#369);
#371=CARTESIAN_POINT('',(243.648912,-139.948912,-14.5));
#372=VERTEX_POINT('',#371);
#373=CARTESIAN_POINT('',(243.390208,-140.286064,-14.5));
#374=VERTEX_POINT('',#373);
#375=CARTESIAN_POINT('',(243.227584,-140.678672,-14.5));
#376=VERTEX_POINT('',#375);
#377=CARTESIAN_POINT('',(243.172112,-141.099984,-14));
#378=VERTEX_POINT('',#377);
#379=CARTESIAN_POINT('',(243.227584,-140.678672,-14));
#380=VERTEX_POINT('',#379);
#381=CARTESIAN_POINT('',(243.390208,-140.286064,-14));
#382=VERTEX_POINT('',#381);
#383=CARTESIAN_POINT('',(243.648912,-139.948912,-14));
#384=VERTEX_POINT('',#383);
#385=CARTESIAN_POINT('',(243.986048,-139.690224,-14));
#386=VERTEX_POINT('',#385);
#387=CARTESIAN_POINT('',(244.378656,-139.527584,-14));
#388=VERTEX_POINT('',#387);
#389=CARTESIAN_POINT('',(244.799984,-139.472128,-14));
#390=VERTEX_POINT('',#389);
#391=CARTESIAN_POINT('',(245.221328,-139.527584,-14));
#392=VERTEX_POINT('',#391);
#393=CARTESIAN_POINT('',(245.613936,-139.690224,-14));
#394=VERTEX_POINT('',#393);
#395=CARTESIAN_POINT('',(245.951088,-139.948912,-14));
#396=VERTEX_POINT('',#395);
#397=CARTESIAN_POINT('',(246.209776,-140.286064,-14));
#398=VERTEX_POINT('',#397);
#399=CARTESIAN_POINT('',(246.3724,-140.678672,-14));
#400=VERTEX_POINT('',#399);
#401=CARTESIAN_POINT('',(246.427872,-141.099984,-14));
#402=VERTEX_POINT('',#401);
#403=CARTESIAN_POINT('',(246.3724,-141.521312,-14));
#404=VERTEX_POINT('',#403);
#405=CARTESIAN_POINT('',(246.209776,-141.913936,-14));
#406=VERTEX_POINT('',#405);
#407=CARTESIAN_POINT('',(245.951088,-142.251088,-14));
#408=VERTEX_POINT('',#407);
#409=CARTESIAN_POINT('',(245.613936,-142.509776,-14));
#410=VERTEX_POINT('',#409);
#411=CARTESIAN_POINT('',(245.221328,-142.672416,-14));
#412=VERTEX_POINT('',#411);
#413=CARTESIAN_POINT('',(244.799984,-142.727872,-14));
#414=VERTEX_POINT('',#413);
#415=CARTESIAN_POINT('',(244.378656,-142.672416,-14));
#416=VERTEX_POINT('',#415);
#417=CARTESIAN_POINT('',(243.986048,-142.509776,-14));
#418=VERTEX_POINT('',#417);
#419=CARTESIAN_POINT('',(243.648912,-142.251088,-14));
#420=VERTEX_POINT('',#419);
#421=CARTESIAN_POINT('',(243.390208,-141.913936,-14));
#422=VERTEX_POINT('',#421);
#423=CARTESIAN_POINT('',(243.227584,-141.521312,-14));
#424=VERTEX_POINT('',#423);
#425=CARTESIAN_POINT('',(156.954592,-66.638396,-10.5));
#426=VERTEX_POINT('',#425);
#427=CARTESIAN_POINT('',(157.009392,-66.2222,-10.5));
#428=VERTEX_POINT('',#427);
#429=CARTESIAN_POINT('',(157.170032,-65.83436,-10.5));
#430=VERTEX_POINT('',#429);
#431=CARTESIAN_POINT('',(157.425584,-65.50132,-10.5));
#432=VERTEX_POINT('',#431);
#433=CARTESIAN_POINT('',(157.758624,-65.245764,-10.5));
#434=VERTEX_POINT('',#433);
#435=CARTESIAN_POINT('',(158.146448,-65.085112,-10.5));
#436=VERTEX_POINT('',#435);
#437=CARTESIAN_POINT('',(158.562672,-65.03032,-10.5));
#438=VERTEX_POINT('',#437);
#439=CARTESIAN_POINT('',(158.978864,-65.085112,-10.5));
#440=VERTEX_POINT('',#439);
#441=CARTESIAN_POINT('',(159.366704,-65.245764,-10.5));
#442=VERTEX_POINT('',#441);
#443=CARTESIAN_POINT('',(159.699744,-65.50132,-10.5));
#444=VERTEX_POINT('',#443);
#445=CARTESIAN_POINT('',(159.955296,-65.83436,-10.5));
#446=VERTEX_POINT('',#445);
#447=CARTESIAN_POINT('',(160.115936,-66.2222,-10.5));
#448=VERTEX_POINT('',#447);
#449=CARTESIAN_POINT('',(160.170736,-66.638396,-10.5));
#450=VERTEX_POINT('',#449);
#451=CARTESIAN_POINT('',(160.115936,-67.054596,-10.5));
#452=VERTEX_POINT('',#451);
#453=CARTESIAN_POINT('',(159.955296,-67.442432,-10.5));
#454=VERTEX_POINT('',#453);
#455=CARTESIAN_POINT('',(159.699744,-67.775472,-10.5));
#456=VERTEX_POINT('',#455);
#457=CARTESIAN_POINT('',(159.366704,-68.031032,-10.5));
#458=VERTEX_POINT('',#457);
#459=CARTESIAN_POINT('',(158.978864,-68.191672,-10.5));
#460=VERTEX_POINT('',#459);
#461=CARTESIAN_POINT('',(158.562672,-68.246464,-10.5));
#462=VERTEX_POINT('',#461);
#463=CARTESIAN_POINT('',(158.146448,-68.191672,-10.5));
#464=VERTEX_POINT('',#463);
#465=CARTESIAN_POINT('',(157.758624,-68.031032,-10.5));
#466=VERTEX_POINT('',#465);
#467=CARTESIAN_POINT('',(157.425584,-67.775472,-10.5));
#468=VERTEX_POINT('',#467);
#469=CARTESIAN_POINT('',(157.170032,-67.442432,-10.5));
#470=VERTEX_POINT('',#469);
#471=CARTESIAN_POINT('',(157.009392,-67.054596,-10.5));
#472=VERTEX_POINT('',#471);
#473=CARTESIAN_POINT('',(156.954592,-66.638396,-12.5));
#474=VERTEX_POINT('',#473);
#475=CARTESIAN_POINT('',(157.009392,-67.054596,-12.5));
#476=VERTEX_POINT('',#475);
#477=CARTESIAN_POINT('',(157.170032,-67.442432,-12.5));
#478=VERTEX_POINT('',#477);
#479=CARTESIAN_POINT('',(157.425584,-67.775472,-12.5));
#480=VERTEX_POINT('',#479);
#481=CARTESIAN_POINT('',(157.758624,-68.031032,-12.5));
#482=VERTEX_POINT('',#481);
#483=CARTESIAN_POINT('',(158.146448,-68.191672,-12.5));
#484=VERTEX_POINT('',#483);
#485=CARTESIAN_POINT('',(158.562672,-68.246464,-12.5));
#486=VERTEX_POINT('',#485);
#487=CARTESIAN_POINT('',(158.978864,-68.191672,-12.5));
#488=VERTEX_POINT('',#487);
#489=CARTESIAN_POINT('',(159.366704,-68.031032,-12.5));
#490=VERTEX_POINT('',#489);
#491=CARTESIAN_POINT('',(159.699744,-67.775472,-12.5));
#492=VERTEX_POINT('',#491);
#493=CARTESIAN_POINT('',(159.955296,-67.442432,-12.5));
#494=VERTEX_POINT('',#493);
#495=CARTESIAN_POINT('',(160.115936,-67.054596,-12.5));
#496=VERTEX_POINT('',#495);
#497=CARTESIAN_POINT('',(160.170736,-66.638396,-12.5));
#498=VERTEX_POINT('',#497);
#499=CARTESIAN_POINT('',(160.115936,-66.2222,-12.5));
#500=VERTEX_POINT('',#499);
#501=CARTESIAN_POINT('',(159.955296,-65.83436,-12.5));
#502=VERTEX_POINT('',#501);
#503=CARTESIAN_POINT('',(159.699744,-65.50132,-12.5));
#504=VERTEX_POINT('',#503);
#505=CARTESIAN_POINT('',(159.366704,-65.245764,-12.5));
#506=VERTEX_POINT('',#505);
#507=CARTESIAN_POINT('',(158.978864,-65.085112,-12.5));
#508=VERTEX_POINT('',#507);
#509=CARTESIAN_POINT('',(158.562672,-65.03032,-12.5));
#510=VERTEX_POINT('',#509);
#511=CARTESIAN_POINT('',(158.146448,-65.085112,-12.5));
#512=VERTEX_POINT('',#511);
#513=CARTESIAN_POINT('',(157.758624,-65.245764,-12.5));
#514=VERTEX_POINT('',#513);
#515=CARTESIAN_POINT('',(157.425584,-65.50132,-12.5));
#516=VERTEX_POINT('',#515);
#517=CARTESIAN_POINT('',(157.170032,-65.83436,-12.5));
#518=VERTEX_POINT('',#517);
#519=CARTESIAN_POINT('',(157.009392,-66.2222,-12.5));
#520=VERTEX_POINT('',#519);
#521=CARTESIAN_POINT('',(156.954592,-66.638396,-14.5));
#522=VERTEX_POINT('',#521);
#523=CARTESIAN_POINT('',(157.009392,-67.054596,-14.5));
#524=VERTEX_POINT('',#523);
#525=CARTESIAN_POINT('',(157.170032,-67.442432,-14.5));
#526=VERTEX_POINT('',#525);
#527=CARTESIAN_POINT('',(157.425584,-67.775472,-14.5));
#528=VERTEX_POINT('',#527);
#529=CARTESIAN_POINT('',(157.758624,-68.031032,-14.5));
#530=VERTEX_POINT('',#529);
#531=CARTESIAN_POINT('',(158.146448,-68.191672,-14.5));
#532=VERTEX_POINT('',#531);
#533=CARTESIAN_POINT('',(158.562672,-68.246464,-14.5));
#534=VERTEX_POINT('',#533);
#535=CARTESIAN_POINT('',(158.978864,-68.191672,-14.5));
#536=VERTEX_POINT('',#535);
#537=CARTESIAN_POINT('',(159.366704,-68.031032,-14.5));
#538=VERTEX_POINT('',#537);
#539=CARTESIAN_POINT('',(159.699744,-67.775472,-14.5));
#540=VERTEX_POINT('',#539);
#541=CARTESIAN_POINT('',(159.955296,-67.442432,-14.5));
#542=VERTEX_POINT('',#541);
#543=CARTESIAN_POINT('',(160.115936,-67.054596,-14.5));
#544=VERTEX_POINT('',#543);
#545=CARTESIAN_POINT('',(160.170736,-66.638396,-14.5));
#546=VERTEX_POINT('',#545);
#547=CARTESIAN_POINT('',(160.115936,-66.2222,-14.5));
#548=VERTEX_POINT('',#547);
#549=CARTESIAN_POINT('',(159.955296,-65.83436,-14.5));
#550=VERTEX_POINT('',#549);
#551=CARTESIAN_POINT('',(159.699744,-65.50132,-14.5));
#552=VERTEX_POINT('',#551);
#553=CARTESIAN_POINT('',(159.366704,-65.245764,-14.5));
#554=VERTEX_POINT('',#553);
#555=CARTESIAN_POINT('',(158.978864,-65.085112,-14.5));
#556=VERTEX_POINT('',#555);
#557=CARTESIAN_POINT('',(158.562672,-65.03032,-14.5));
#558=VERTEX_POINT('',#557);
#559=CARTESIAN_POINT('',(158.146448,-65.085112,-14.5));
#560=VERTEX_POINT('',#559);
#561=CARTESIAN_POINT('',(157.758624,-65.245764,-14.5));
#562=VERTEX_POINT('',#561);
#563=CARTESIAN_POINT('',(157.425584,-65.50132,-14.5));
#564=VERTEX_POINT('',#563);
#565=CARTESIAN_POINT('',(157.170032,-65.83436,-14.5));
#566=VERTEX_POINT('',#565);
#567=CARTESIAN_POINT('',(157.009392,-66.2222,-14.5));
#568=VERTEX_POINT('',#567);
#569=CARTESIAN_POINT('',(156.954592,-66.638396,-14));
#570=VERTEX_POINT('',#569);
#571=CARTESIAN_POINT('',(157.009392,-66.2222,-14));
#572=VERTEX_POINT('',#571);
#573=CARTESIAN_POINT('',(157.170032,-65.83436,-14));
#574=VERTEX_POINT('',#573);
#575=CARTESIAN_POINT('',(157.425584,-65.50132,-14));
#576=VERTEX_POINT('',#575);
#577=CARTESIAN_POINT('',(157.758624,-65.245764,-14));
#578=VERTEX_POINT('',#577);
#579=CARTESIAN_POINT('',(158.146448,-65.085112,-14));
#580=VERTEX_POINT('',#579);
#581=CARTESIAN_POINT('',(158.562672,-65.03032,-14));
#582=VERTEX_POINT('',#581);
#583=CARTESIAN_POINT('',(158.978864,-65.085112,-14));
#584=VERTEX_POINT('',#583);
#585=CARTESIAN_POINT('',(159.366704,-65.245764,-14));
#586=VERTEX_POINT('',#585);
#587=CARTESIAN_POINT('',(159.699744,-65.50132,-14));
#588=VERTEX_POINT('',#587);
#589=CARTESIAN_POINT('',(159.955296,-65.83436,-14));
#590=VERTEX_POINT('',#589);
#591=CARTESIAN_POINT('',(160.115936,-66.2222,-14));
#592=VERTEX_POINT('',#591);
#593=CARTESIAN_POINT('',(160.170736,-66.638396,-14));
#594=VERTEX_POINT('',#593);
#595=CARTESIAN_POINT('',(160.115936,-67.054596,-14));
#596=VERTEX_POINT('',#595);
#597=CARTESIAN_POINT('',(159.955296,-67.442432,-14));
#598=VERTEX_POINT('',#597);
#599=CARTESIAN_POINT('',(159.699744,-67.775472,-14));
#600=VERTEX_POINT('',#599);
#601=CARTESIAN_POINT('',(159.366704,-68.031032,-14));
#602=VERTEX_POINT('',#601);
#603=CARTESIAN_POINT('',(158.978864,-68.191672,-14));
#604=VERTEX_POINT('',#603);
#605=CARTESIAN_POINT('',(158.562672,-68.246464,-14));
#606=VERTEX_POINT('',#605);
#607=CARTESIAN_POINT('',(158.146448,-68.191672,-14));
#608=VERTEX_POINT('',#607);
#609=CARTESIAN_POINT('',(157.758624,-68.031032,-14));
#610=VERTEX_POINT('',#609);
#611=CARTESIAN_POINT('',(157.425584,-67.775472,-14));
#612=VERTEX_POINT('',#611);
#613=CARTESIAN_POINT('',(157.170032,-67.442432,-14));
#614=VERTEX_POINT('',#613);
#615=CARTESIAN_POINT('',(157.009392,-67.054596,-14));
#616=VERTEX_POINT('',#615);
#617=CARTESIAN_POINT('',(243.497056,-101,-10.5));
#618=VERTEX_POINT('',#617);
#619=CARTESIAN_POINT('',(243.555088,-100.55924,-10.5));
#620=VERTEX_POINT('',#619);
#621=CARTESIAN_POINT('',(243.7252,-100.148528,-10.5));
#622=VERTEX_POINT('',#621);
#623=CARTESIAN_POINT('',(243.99584,-99.79584,-10.5));
#624=VERTEX_POINT('',#623);
#625=CARTESIAN_POINT('',(244.348528,-99.525208,-10.5));
#626=VERTEX_POINT('',#625);
#627=CARTESIAN_POINT('',(244.759248,-99.355088,-10.5));
#628=VERTEX_POINT('',#627);
#629=CARTESIAN_POINT('',(245.2,-99.297056,-10.5));
#630=VERTEX_POINT('',#629);
#631=CARTESIAN_POINT('',(245.640752,-99.355088,-10.5));
#632=VERTEX_POINT('',#631);
#633=CARTESIAN_POINT('',(246.051472,-99.525208,-10.5));
#634=VERTEX_POINT('',#633);
#635=CARTESIAN_POINT('',(246.40416,-99.79584,-10.5));
#636=VERTEX_POINT('',#635);
#637=CARTESIAN_POINT('',(246.674784,-100.148528,-10.5));
#638=VERTEX_POINT('',#637);
#639=CARTESIAN_POINT('',(246.844912,-100.55924,-10.5));
#640=VERTEX_POINT('',#639);
#641=CARTESIAN_POINT('',(246.902944,-101,-10.5));
#642=VERTEX_POINT('',#641);
#643=CARTESIAN_POINT('',(246.844912,-101.440752,-10.5));
#644=VERTEX_POINT('',#643);
#645=CARTESIAN_POINT('',(246.674784,-101.851464,-10.5));
#646=VERTEX_POINT('',#645);
#647=CARTESIAN_POINT('',(246.40416,-102.204152,-10.5));
#648=VERTEX_POINT('',#647);
#649=CARTESIAN_POINT('',(246.051472,-102.474784,-10.5));
#650=VERTEX_POINT('',#649);
#651=CARTESIAN_POINT('',(245.640752,-102.644912,-10.5));
#652=VERTEX_POINT('',#651);
#653=CARTESIAN_POINT('',(245.2,-102.702936,-10.5));
#654=VERTEX_POINT('',#653);
#655=CARTESIAN_POINT('',(244.759248,-102.644912,-10.5));
#656=VERTEX_POINT('',#655);
#657=CARTESIAN_POINT('',(244.348528,-102.474784,-10.5));
#658=VERTEX_POINT('',#657);
#659=CARTESIAN_POINT('',(243.99584,-102.204152,-10.5));
#660=VERTEX_POINT('',#659);
#661=CARTESIAN_POINT('',(243.7252,-101.851464,-10.5));
#662=VERTEX_POINT('',#661);
#663=CARTESIAN_POINT('',(243.555088,-101.440752,-10.5));
#664=VERTEX_POINT('',#663);
#665=CARTESIAN_POINT('',(243.497056,-101,-12.5));
#666=VERTEX_POINT('',#665);
#667=CARTESIAN_POINT('',(243.555088,-101.440752,-12.5));
#668=VERTEX_POINT('',#667);
#669=CARTESIAN_POINT('',(243.7252,-101.851464,-12.5));
#670=VERTEX_POINT('',#669);
#671=CARTESIAN_POINT('',(243.99584,-102.204152,-12.5));
#672=VERTEX_POINT('',#671);
#673=CARTESIAN_POINT('',(244.348528,-102.474784,-12.5));
#674=VERTEX_POINT('',#673);
#675=CARTESIAN_POINT('',(244.759248,-102.644912,-12.5));
#676=VERTEX_POINT('',#675);
#677=CARTESIAN_POINT('',(245.2,-102.702936,-12.5));
#678=VERTEX_POINT('',#677);
#679=CARTESIAN_POINT('',(245.640752,-102.644912,-12.5));
#680=VERTEX_POINT('',#679);
#681=CARTESIAN_POINT('',(246.051472,-102.474784,-12.5));
#682=VERTEX_POINT('',#681);
#683=CARTESIAN_POINT('',(246.40416,-102.204152,-12.5));
#684=VERTEX_POINT('',#683);
#685=CARTESIAN_POINT('',(246.674784,-101.851464,-12.5));
#686=VERTEX_POINT('',#685);
#687=CARTESIAN_POINT('',(246.844912,-101.440752,-12.5));
#688=VERTEX_POINT('',#687);
#689=CARTESIAN_POINT('',(246.902944,-101,-12.5));
#690=VERTEX_POINT('',#689);
#691=CARTESIAN_POINT('',(246.844912,-100.55924,-12.5));
#692=VERTEX_POINT('',#691);
#693=CARTESIAN_POINT('',(246.674784,-100.148528,-12.5));
#694=VERTEX_POINT('',#693);
#695=CARTESIAN_POINT('',(246.40416,-99.79584,-12.5));
#696=VERTEX_POINT('',#695);
#697=CARTESIAN_POINT('',(246.051472,-99.525208,-12.5));
#698=VERTEX_POINT('',#697);
#699=CARTESIAN_POINT('',(245.640752,-99.355088,-12.5));
#700=VERTEX_POINT('',#699);
#701=CARTESIAN_POINT('',(245.2,-99.297056,-12.5));
#702=VERTEX_POINT('',#701);
#703=CARTESIAN_POINT('',(244.759248,-99.355088,-12.5));
#704=VERTEX_POINT('',#703);
#705=CARTESIAN_POINT('',(244.348528,-99.525208,-12.5));
#706=VERTEX_POINT('',#705);
#707=CARTESIAN_POINT('',(243.99584,-99.79584,-12.5));
#708=VERTEX_POINT('',#707);
#709=CARTESIAN_POINT('',(243.7252,-100.148528,-12.5));
#710=VERTEX_POINT('',#709);
#711=CARTESIAN_POINT('',(243.555088,-100.55924,-12.5));
#712=VERTEX_POINT('',#711);
#713=CARTESIAN_POINT('',(243.497056,-101,-14.5));
#714=VERTEX_POINT('',#713);
#715=CARTESIAN_POINT('',(243.555088,-101.440752,-14.5));
#716=VERTEX_POINT('',#715);
#717=CARTESIAN_POINT('',(243.7252,-101.851464,-14.5));
#718=VERTEX_POINT('',#717);
#719=CARTESIAN_POINT('',(243.99584,-102.204152,-14.5));
#720=VERTEX_POINT('',#719);
#721=CARTESIAN_POINT('',(244.348528,-102.474784,-14.5));
#722=VERTEX_POINT('',#721);
#723=CARTESIAN_POINT('',(244.759248,-102.644912,-14.5));
#724=VERTEX_POINT('',#723);
#725=CARTESIAN_POINT('',(245.2,-102.702936,-14.5));
#726=VERTEX_POINT('',#725);
#727=CARTESIAN_POINT('',(245.640752,-102.644912,-14.5));
#728=VERTEX_POINT('',#727);
#729=CARTESIAN_POINT('',(246.051472,-102.474784,-14.5));
#730=VERTEX_POINT('',#729);
#731=CARTESIAN_POINT('',(246.40416,-102.204152,-14.5));
#732=VERTEX_POINT('',#731);
#733=CARTESIAN_POINT('',(246.674784,-101.851464,-14.5));
#734=VERTEX_POINT('',#733);
#735=CARTESIAN_POINT('',(246.844912,-101.440752,-14.5));
#736=VERTEX_POINT('',#735);
#737=CARTESIAN_POINT('',(246.902944,-101,-14.5));
#738=VERTEX_POINT('',#737);
#739=CARTESIAN_POINT('',(246.844912,-100.55924,-14.5));
#740=VERTEX_POINT('',#739);
#741=CARTESIAN_POINT('',(246.674784,-100.148528,-14.5));
#742=VERTEX_POINT('',#741);
#743=CARTESIAN_POINT('',(246.40416,-99.79584,-14.5));
#744=VERTEX_POINT('',#743);
#745=CARTESIAN_POINT('',(246.051472,-99.525208,-14.5));
#746=VERTEX_POINT('',#745);
#747=CARTESIAN_POINT('',(245.640752,-99.355088,-14.5));
#748=VERTEX_POINT('',#747);
#749=CARTESIAN_POINT('',(245.2,-99.297056,-14.5));
#750=VERTEX_POINT('',#749);
#751=CARTESIAN_POINT('',(244.759248,-99.355088,-14.5));
#752=VERTEX_POINT('',#751);
#753=CARTESIAN_POINT('',(244.348528,-99.525208,-14.5));
#754=VERTEX_POINT('',#753);
#755=CARTESIAN_POINT('',(243.99584,-99.79584,-14.5));
#756=VERTEX_POINT('',#755);
#757=CARTESIAN_POINT('',(243.7252,-100.148528,-14.5));
#758=VERTEX_POINT('',#757);
#759=CARTESIAN_POINT('',(243.555088,-100.55924,-14.5));
#760=VERTEX_POINT('',#759);
#761=CARTESIAN_POINT('',(243.497056,-101,-14));
#762=VERTEX_POINT('',#761);
#763=CARTESIAN_POINT('',(243.555088,-100.55924,-14));
#764=VERTEX_POINT('',#763);
#765=CARTESIAN_POINT('',(243.7252,-100.148528,-14));
#766=VERTEX_POINT('',#765);
#767=CARTESIAN_POINT('',(243.99584,-99.79584,-14));
#768=VERTEX_POINT('',#767);
#769=CARTESIAN_POINT('',(244.348528,-99.525208,-14));
#770=VERTEX_POINT('',#769);
#771=CARTESIAN_POINT('',(244.759248,-99.355088,-14));
#772=VERTEX_POINT('',#771);
#773=CARTESIAN_POINT('',(245.2,-99.297056,-14));
#774=VERTEX_POINT('',#773);
#775=CARTESIAN_POINT('',(245.640752,-99.355088,-14));
#776=VERTEX_POINT('',#775);
#777=CARTESIAN_POINT('',(246.051472,-99.525208,-14));
#778=VERTEX_POINT('',#777);
#779=CARTESIAN_POINT('',(246.40416,-99.79584,-14));
#780=VERTEX_POINT('',#779);
#781=CARTESIAN_POINT('',(246.674784,-100.148528,-14));
#782=VERTEX_POINT('',#781);
#783=CARTESIAN_POINT('',(246.844912,-100.55924,-14));
#784=VERTEX_POINT('',#783);
#785=CARTESIAN_POINT('',(246.902944,-101,-14));
#786=VERTEX_POINT('',#785);
#787=CARTESIAN_POINT('',(246.844912,-101.440752,-14));
#788=VERTEX_POINT('',#787);
#789=CARTESIAN_POINT('',(246.674784,-101.851464,-14));
#790=VERTEX_POINT('',#789);
#791=CARTESIAN_POINT('',(246.40416,-102.204152,-14));
#792=VERTEX_POINT('',#791);
#793=CARTESIAN_POINT('',(246.051472,-102.474784,-14));
#794=VERTEX_POINT('',#793);
#795=CARTESIAN_POINT('',(245.640752,-102.644912,-14));
#796=VERTEX_POINT('',#795);
#797=CARTESIAN_POINT('',(245.2,-102.702936,-14));
#798=VERTEX_POINT('',#797);
#799=CARTESIAN_POINT('',(244.759248,-102.644912,-14));
#800=VERTEX_POINT('',#799);
#801=CARTESIAN_POINT('',(244.348528,-102.474784,-14));
#802=VERTEX_POINT('',#801);
#803=CARTESIAN_POINT('',(243.99584,-102.204152,-14));
#804=VERTEX_POINT('',#803);
#805=CARTESIAN_POINT('',(243.7252,-101.851464,-14));
#806=VERTEX_POINT('',#805);
#807=CARTESIAN_POINT('',(243.555088,-101.440752,-14));
#808=VERTEX_POINT('',#807);
#809=CARTESIAN_POINT('',(248.945008,-145.3,-14.5));
#810=VERTEX_POINT('',#809);
#811=CARTESIAN_POINT('',(248.945008,-62.500004,-14.5));
#812=VERTEX_POINT('',#811);
#813=CARTESIAN_POINT('',(154.3,-62.500004,-14.5));
#814=VERTEX_POINT('',#813);
#815=CARTESIAN_POINT('',(154.3,-145.3,-14.5));
#816=VERTEX_POINT('',#815);
#817=CARTESIAN_POINT('',(144.3,-155.3,-14.5));
#818=VERTEX_POINT('',#817);
#819=CARTESIAN_POINT('',(144.3,-52.500004,-14.5));
#820=VERTEX_POINT('',#819);
#821=CARTESIAN_POINT('',(258.945008,-52.500004,-14.5));
#822=VERTEX_POINT('',#821);
#823=CARTESIAN_POINT('',(258.945008,-155.3,-14.5));
#824=VERTEX_POINT('',#823);
#825=CARTESIAN_POINT('',(144.3,-155.3,0));
#826=VERTEX_POINT('',#825);
#827=CARTESIAN_POINT('',(144.3,-52.500004,0));
#828=VERTEX_POINT('',#827);
#829=CARTESIAN_POINT('',(258.945008,-52.500004,0));
#830=VERTEX_POINT('',#829);
#831=CARTESIAN_POINT('',(154.3,-145.3,0));
#832=VERTEX_POINT('',#831);
#833=CARTESIAN_POINT('',(248.945008,-145.3,0));
#834=VERTEX_POINT('',#833);
#835=CARTESIAN_POINT('',(248.945008,-145.3,-12.5));
#836=VERTEX_POINT('',#835);
#837=CARTESIAN_POINT('',(154.3,-145.3,-12.5));
#838=VERTEX_POINT('',#837);
#839=CARTESIAN_POINT('',(248.945008,-145.3,-14));
#840=VERTEX_POINT('',#839);
#841=CARTESIAN_POINT('',(248.945008,-62.500004,-14));
#842=VERTEX_POINT('',#841);
#843=CARTESIAN_POINT('',(154.3,-145.3,-14));
#844=VERTEX_POINT('',#843);
#845=CARTESIAN_POINT('',(154.3,-62.500004,0));
#846=VERTEX_POINT('',#845);
#847=CARTESIAN_POINT('',(154.3,-62.500004,-12.5));
#848=VERTEX_POINT('',#847);
#849=CARTESIAN_POINT('',(154.3,-62.500004,-14));
#850=VERTEX_POINT('',#849);
#851=CARTESIAN_POINT('',(248.945008,-62.500004,-12.5));
#852=VERTEX_POINT('',#851);
#853=CARTESIAN_POINT('',(258.945008,-155.3,0));
#854=VERTEX_POINT('',#853);
#855=CARTESIAN_POINT('',(248.945008,-62.500004,0));
#856=VERTEX_POINT('',#855);
#857=FACE_SURFACE('',(#862),#858,.T.);
#858=PLANE('',#859);
#859=AXIS2_PLACEMENT_3D('',#43,#860,#861);
#860=DIRECTION('',(-0.9914462454770343,0.13051567848152362,0));
#861=DIRECTION('',(0,0,-1));
#862=FACE_BOUND('',#863,.T.);
#863=EDGE_LOOP('',(#864,#865,#866));
#864=ORIENTED_EDGE('',*,*,#867,.T.);
#865=ORIENTED_EDGE('',*,*,#868,.T.);
#866=ORIENTED_EDGE('',*,*,#869,.T.);
#867=EDGE_CURVE('',#44,#136,#870,.F.);
#868=EDGE_CURVE('',#136,#42,#871,.T.);
#869=EDGE_CURVE('',#42,#44,#872,.T.);
#870=LINE('',#43,#873);
#871=LINE('',#135,#874);
#872=LINE('',#41,#875);
#873=VECTOR('',#876,1.0);
#874=VECTOR('',#877,1.0);
#875=VECTOR('',#878,1.0);
#876=DIRECTION('',(0,0,-1));
#877=DIRECTION('',(-0.026380052030416115,-0.20039280985500454,0.9793604109893806));
#878=DIRECTION('',(0.13051567848152362,0.9914462454770343,0));
#879=FACE_SURFACE('',(#884),#880,.T.);
#880=PLANE('',#881);
#881=AXIS2_PLACEMENT_3D('',#41,#882,#883);
#882=DIRECTION('',(-0.9914462454770343,0.13051567848152362,0));
#883=DIRECTION('',(0.026380052030416115,0.20039280985500454,-0.9793604109893806));
#884=FACE_BOUND('',#885,.T.);
#885=EDGE_LOOP('',(#886,#887,#888));
#886=ORIENTED_EDGE('',*,*,#889,.T.);
#887=ORIENTED_EDGE('',*,*,#890,.T.);
#888=ORIENTED_EDGE('',*,*,#891,.T.);
#889=EDGE_CURVE('',#42,#136,#892,.F.);
#890=EDGE_CURVE('',#136,#90,#893,.T.);
#891=EDGE_CURVE('',#90,#42,#894,.T.);
#892=LINE('',#41,#895);
#893=LINE('',#135,#896);
#894=LINE('',#89,#897);
#895=VECTOR('',#898,1.0);
#896=VECTOR('',#899,1.0);
#897=VECTOR('',#900,1.0);
#898=DIRECTION('',(0.026380052030416115,0.20039280985500454,-0.9793604109893806));
#899=DIRECTION('',(-0.13051567848152362,-0.9914462454770343,0));
#900=DIRECTION('',(0,0,1));
#901=FACE_SURFACE('',(#906),#902,.T.);
#902=PLANE('',#903);
#903=AXIS2_PLACEMENT_3D('',#41,#904,#905);
#904=DIRECTION('',(-0.991446245477033,-0.13051567848153253,-0));
#905=DIRECTION('',(0,0,-1));
#906=FACE_BOUND('',#907,.T.);
#907=EDGE_LOOP('',(#908,#909,#910));
#908=ORIENTED_EDGE('',*,*,#911,.T.);
#909=ORIENTED_EDGE('',*,*,#912,.T.);
#910=ORIENTED_EDGE('',*,*,#913,.T.);
#911=EDGE_CURVE('',#42,#90,#914,.F.);
#912=EDGE_CURVE('',#90,#88,#915,.T.);
#913=EDGE_CURVE('',#88,#42,#916,.T.);
#914=LINE('',#41,#917);
#915=LINE('',#89,#918);
#916=LINE('',#87,#919);
#917=VECTOR('',#920,1.0);
#918=VECTOR('',#921,1.0);
#919=VECTOR('',#922,1.0);
#920=DIRECTION('',(0,0,-1));
#921=DIRECTION('',(0.026380052030416185,-0.20039280985499114,0.9793604109893832));
#922=DIRECTION('',(-0.13051567848153253,0.991446245477033,0));
#923=FACE_SURFACE('',(#928),#924,.T.);
#924=PLANE('',#925);
#925=AXIS2_PLACEMENT_3D('',#87,#926,#927);
#926=DIRECTION('',(-0.991446245477033,-0.13051567848153253,-0));
#927=DIRECTION('',(-0.026380052030416185,0.20039280985499114,-0.9793604109893832));
#928=FACE_BOUND('',#929,.T.);
#929=EDGE_LOOP('',(#930,#931,#932));
#930=ORIENTED_EDGE('',*,*,#933,.T.);
#931=ORIENTED_EDGE('',*,*,#934,.T.);
#932=ORIENTED_EDGE('',*,*,#935,.T.);
#933=EDGE_CURVE('',#88,#90,#936,.F.);
#934=EDGE_CURVE('',#90,#92,#937,.T.);
#935=EDGE_CURVE('',#92,#88,#938,.T.);
#936=LINE('',#87,#939);
#937=LINE('',#89,#940);
#938=LINE('',#91,#941);
#939=VECTOR('',#942,1.0);
#940=VECTOR('',#943,1.0);
#941=VECTOR('',#944,1.0);
#942=DIRECTION('',(-0.026380052030416185,0.20039280985499114,-0.9793604109893832));
#943=DIRECTION('',(0.13051567848153253,-0.991446245477033,0));
#944=DIRECTION('',(0,0,1));
#945=FACE_SURFACE('',(#950),#946,.T.);
#946=PLANE('',#947);
#947=AXIS2_PLACEMENT_3D('',#87,#948,#949);
#948=DIRECTION('',(-0.9238788723493256,-0.3826850261331614,-0));
#949=DIRECTION('',(0,0,-1));
#950=FACE_BOUND('',#951,.T.);
#951=EDGE_LOOP('',(#952,#953,#954));
#952=ORIENTED_EDGE('',*,*,#955,.T.);
#953=ORIENTED_EDGE('',*,*,#956,.T.);
#954=ORIENTED_EDGE('',*,*,#957,.T.);
#955=EDGE_CURVE('',#88,#92,#958,.F.);
#956=EDGE_CURVE('',#92,#86,#959,.T.);
#957=EDGE_CURVE('',#86,#88,#960,.T.);
#958=LINE('',#87,#961);
#959=LINE('',#91,#962);
#960=LINE('',#85,#963);
#961=VECTOR('',#964,1.0);
#962=VECTOR('',#965,1.0);
#963=VECTOR('',#966,1.0);
#964=DIRECTION('',(0,0,-1));
#965=DIRECTION('',(0.07734608970937593,-0.1867290676705571,0.9793619543833393));
#966=DIRECTION('',(-0.3826850261331614,0.9238788723493256,0));
#967=FACE_SURFACE('',(#972),#968,.T.);
#968=PLANE('',#969);
#969=AXIS2_PLACEMENT_3D('',#85,#970,#971);
#970=DIRECTION('',(-0.9238788723493256,-0.3826850261331614,-0));
#971=DIRECTION('',(-0.07734608970937593,0.1867290676705571,-0.9793619543833393));
#972=FACE_BOUND('',#973,.T.);
#973=EDGE_LOOP('',(#974,#975,#976));
#974=ORIENTED_EDGE('',*,*,#977,.T.);
#975=ORIENTED_EDGE('',*,*,#978,.T.);
#976=ORIENTED_EDGE('',*,*,#979,.T.);
#977=EDGE_CURVE('',#86,#92,#980,.F.);
#978=EDGE_CURVE('',#92,#94,#981,.T.);
#979=EDGE_CURVE('',#94,#86,#982,.T.);
#980=LINE('',#85,#983);
#981=LINE('',#91,#984);
#982=LINE('',#93,#985);
#983=VECTOR('',#986,1.0);
#984=VECTOR('',#987,1.0);
#985=VECTOR('',#988,1.0);
#986=DIRECTION('',(-0.07734608970937593,0.1867290676705571,-0.9793619543833393));
#987=DIRECTION('',(0.3826850261331614,-0.9238788723493256,0));
#988=DIRECTION('',(0,0,1));
#989=FACE_SURFACE('',(#994),#990,.T.);
#990=PLANE('',#991);
#991=AXIS2_PLACEMENT_3D('',#85,#992,#993);
#992=DIRECTION('',(-0.7933511211746223,-0.6087643210068818,-0));
#993=DIRECTION('',(0,0,-1));
#994=FACE_BOUND('',#995,.T.);
#995=EDGE_LOOP('',(#996,#997,#998));
#996=ORIENTED_EDGE('',*,*,#999,.T.);
#997=ORIENTED_EDGE('',*,*,#1000,.T.);
#998=ORIENTED_EDGE('',*,*,#1001,.T.);
#999=EDGE_CURVE('',#86,#94,#1002,.F.);
#1000=EDGE_CURVE('',#94,#84,#1003,.T.);
#1001=EDGE_CURVE('',#84,#86,#1004,.T.);
#1002=LINE('',#85,#1005);
#1003=LINE('',#93,#1006);
#1004=LINE('',#83,#1007);
#1005=VECTOR('',#1008,1.0);
#1006=VECTOR('',#1009,1.0);
#1007=VECTOR('',#1010,1.0);
#1008=DIRECTION('',(0,0,-1));
#1009=DIRECTION('',(0.12304674574762041,-0.16035643076831993,0.9793596446005755));
#1010=DIRECTION('',(-0.6087643210068818,0.7933511211746223,0));
#1011=FACE_SURFACE('',(#1016),#1012,.T.);
#1012=PLANE('',#1013);
#1013=AXIS2_PLACEMENT_3D('',#83,#1014,#1015);
#1014=DIRECTION('',(-0.7933511211746223,-0.6087643210068818,-0));
#1015=DIRECTION('',(-0.12304674574762041,0.16035643076831993,-0.9793596446005755));
#1016=FACE_BOUND('',#1017,.T.);
#1017=EDGE_LOOP('',(#1018,#1019,#1020));
#1018=ORIENTED_EDGE('',*,*,#1021,.T.);
#1019=ORIENTED_EDGE('',*,*,#1022,.T.);
#1020=ORIENTED_EDGE('',*,*,#1023,.T.);
#1021=EDGE_CURVE('',#84,#94,#1024,.F.);
#1022=EDGE_CURVE('',#94,#96,#1025,.T.);
#1023=EDGE_CURVE('',#96,#84,#1026,.T.);
#1024=LINE('',#83,#1027);
#1025=LINE('',#93,#1028);
#1026=LINE('',#95,#1029);
#1027=VECTOR('',#1030,1.0);
#1028=VECTOR('',#1031,1.0);
#1029=VECTOR('',#1032,1.0);
#1030=DIRECTION('',(-0.12304674574762041,0.16035643076831993,-0.9793596446005755));
#1031=DIRECTION('',(0.6087643210068818,-0.7933511211746223,0));
#1032=DIRECTION('',(0,0,1));
#1033=FACE_SURFACE('',(#1038),#1034,.T.);
#1034=PLANE('',#1035);
#1035=AXIS2_PLACEMENT_3D('',#83,#1036,#1037);
#1036=DIRECTION('',(-0.6087586442260364,-0.7933554771223792,-0));
#1037=DIRECTION('',(0,0,-1));
#1038=FACE_BOUND('',#1039,.T.);
#1039=EDGE_LOOP('',(#1040,#1041,#1042));
#1040=ORIENTED_EDGE('',*,*,#1043,.T.);
#1041=ORIENTED_EDGE('',*,*,#1044,.T.);
#1042=ORIENTED_EDGE('',*,*,#1045,.T.);
#1043=EDGE_CURVE('',#84,#96,#1046,.F.);
#1044=EDGE_CURVE('',#96,#82,#1047,.T.);
#1045=EDGE_CURVE('',#82,#84,#1048,.T.);
#1046=LINE('',#83,#1049);
#1047=LINE('',#95,#1050);
#1048=LINE('',#81,#1051);
#1049=VECTOR('',#1052,1.0);
#1050=VECTOR('',#1053,1.0);
#1051=VECTOR('',#1054,1.0);
#1052=DIRECTION('',(0,0,-1));
#1053=DIRECTION('',(0.16034895192518245,-0.12303918406298785,0.9793618191463305));
#1054=DIRECTION('',(-0.7933554771223792,0.6087586442260364,0));
#1055=FACE_SURFACE('',(#1060),#1056,.T.);
#1056=PLANE('',#1057);
#1057=AXIS2_PLACEMENT_3D('',#81,#1058,#1059);
#1058=DIRECTION('',(-0.6087586442260364,-0.7933554771223792,-0));
#1059=DIRECTION('',(-0.16034895192518245,0.12303918406298785,-0.9793618191463305));
#1060=FACE_BOUND('',#1061,.T.);
#1061=EDGE_LOOP('',(#1062,#1063,#1064));
#1062=ORIENTED_EDGE('',*,*,#1065,.T.);
#1063=ORIENTED_EDGE('',*,*,#1066,.T.);
#1064=ORIENTED_EDGE('',*,*,#1067,.T.);
#1065=EDGE_CURVE('',#82,#96,#1068,.F.);
#1066=EDGE_CURVE('',#96,#98,#1069,.T.);
#1067=EDGE_CURVE('',#98,#82,#1070,.T.);
#1068=LINE('',#81,#1071);
#1069=LINE('',#95,#1072);
#1070=LINE('',#97,#1073);
#1071=VECTOR('',#1074,1.0);
#1072=VECTOR('',#1075,1.0);
#1073=VECTOR('',#1076,1.0);
#1074=DIRECTION('',(-0.16034895192518245,0.12303918406298785,-0.9793618191463305));
#1075=DIRECTION('',(0.7933554771223792,-0.6087586442260364,0));
#1076=DIRECTION('',(0,0,1));
#1077=FACE_SURFACE('',(#1082),#1078,.T.);
#1078=PLANE('',#1079);
#1079=AXIS2_PLACEMENT_3D('',#81,#1080,#1081);
#1080=DIRECTION('',(-0.3826713211467935,-0.9238845490491588,-0));
#1081=DIRECTION('',(0,0,-1));
#1082=FACE_BOUND('',#1083,.T.);
#1083=EDGE_LOOP('',(#1084,#1085,#1086));
#1084=ORIENTED_EDGE('',*,*,#1087,.T.);
#1085=ORIENTED_EDGE('',*,*,#1088,.T.);
#1086=ORIENTED_EDGE('',*,*,#1089,.T.);
#1087=EDGE_CURVE('',#82,#98,#1090,.F.);
#1088=EDGE_CURVE('',#98,#80,#1091,.T.);
#1089=EDGE_CURVE('',#80,#82,#1092,.T.);
#1090=LINE('',#81,#1093);
#1091=LINE('',#97,#1094);
#1092=LINE('',#79,#1095);
#1093=VECTOR('',#1096,1.0);
#1094=VECTOR('',#1097,1.0);
#1095=VECTOR('',#1098,1.0);
#1096=DIRECTION('',(0,0,-1));
#1097=DIRECTION('',(0.18673662936445126,-0.07734597654970787,0.9793605215471858));
#1098=DIRECTION('',(-0.9238845490491588,0.3826713211467935,0));
#1099=FACE_SURFACE('',(#1104),#1100,.T.);
#1100=PLANE('',#1101);
#1101=AXIS2_PLACEMENT_3D('',#79,#1102,#1103);
#1102=DIRECTION('',(-0.3826713211467935,-0.9238845490491588,-0));
#1103=DIRECTION('',(-0.18673662936445126,0.07734597654970787,-0.9793605215471858));
#1104=FACE_BOUND('',#1105,.T.);
#1105=EDGE_LOOP('',(#1106,#1107,#1108));
#1106=ORIENTED_EDGE('',*,*,#1109,.T.);
#1107=ORIENTED_EDGE('',*,*,#1110,.T.);
#1108=ORIENTED_EDGE('',*,*,#1111,.T.);
#1109=EDGE_CURVE('',#80,#98,#1112,.F.);
#1110=EDGE_CURVE('',#98,#100,#1113,.T.);
#1111=EDGE_CURVE('',#100,#80,#1114,.T.);
#1112=LINE('',#79,#1115);
#1113=LINE('',#97,#1116);
#1114=LINE('',#99,#1117);
#1115=VECTOR('',#1118,1.0);
#1116=VECTOR('',#1119,1.0);
#1117=VECTOR('',#1120,1.0);
#1118=DIRECTION('',(-0.18673662936445126,0.07734597654970787,-0.9793605215471858));
#1119=DIRECTION('',(0.9238845490491588,-0.3826713211467935,0));
#1120=DIRECTION('',(0,0,1));
#1121=FACE_SURFACE('',(#1126),#1122,.T.);
#1122=PLANE('',#1123);
#1123=AXIS2_PLACEMENT_3D('',#79,#1124,#1125);
#1124=DIRECTION('',(-0.13055378108204757,-0.9914412288407118,-0));
#1125=DIRECTION('',(0,0,-1));
#1126=FACE_BOUND('',#1127,.T.);
#1127=EDGE_LOOP('',(#1128,#1129,#1130));
#1128=ORIENTED_EDGE('',*,*,#1131,.T.);
#1129=ORIENTED_EDGE('',*,*,#1132,.T.);
#1130=ORIENTED_EDGE('',*,*,#1133,.T.);
#1131=EDGE_CURVE('',#80,#100,#1134,.F.);
#1132=EDGE_CURVE('',#100,#78,#1135,.T.);
#1133=EDGE_CURVE('',#78,#80,#1136,.T.);
#1134=LINE('',#79,#1137);
#1135=LINE('',#99,#1138);
#1136=LINE('',#77,#1139);
#1137=VECTOR('',#1140,1.0);
#1138=VECTOR('',#1141,1.0);
#1139=VECTOR('',#1142,1.0);
#1140=DIRECTION('',(0,0,-1));
#1141=DIRECTION('',(0.2003927684307533,-0.026387881458919335,0.9793602085406413));
#1142=DIRECTION('',(-0.9914412288407118,0.13055378108204757,0));
#1143=FACE_SURFACE('',(#1148),#1144,.T.);
#1144=PLANE('',#1145);
#1145=AXIS2_PLACEMENT_3D('',#77,#1146,#1147);
#1146=DIRECTION('',(-0.13055378108204757,-0.9914412288407118,-0));
#1147=DIRECTION('',(-0.2003927684307533,0.026387881458919335,-0.9793602085406413));
#1148=FACE_BOUND('',#1149,.T.);
#1149=EDGE_LOOP('',(#1150,#1151,#1152));
#1150=ORIENTED_EDGE('',*,*,#1153,.T.);
#1151=ORIENTED_EDGE('',*,*,#1154,.T.);
#1152=ORIENTED_EDGE('',*,*,#1155,.T.);
#1153=EDGE_CURVE('',#78,#100,#1156,.F.);
#1154=EDGE_CURVE('',#100,#102,#1157,.T.);
#1155=EDGE_CURVE('',#102,#78,#1158,.T.);
#1156=LINE('',#77,#1159);
#1157=LINE('',#99,#1160);
#1158=LINE('',#101,#1161);
#1159=VECTOR('',#1162,1.0);
#1160=VECTOR('',#1163,1.0);
#1161=VECTOR('',#1164,1.0);
#1162=DIRECTION('',(-0.2003927684307533,0.026387881458919335,-0.9793602085406413));
#1163=DIRECTION('',(0.9914412288407118,-0.13055378108204757,0));
#1164=DIRECTION('',(0,0,1));
#1165=FACE_SURFACE('',(#1170),#1166,.T.);
#1166=PLANE('',#1167);
#1167=AXIS2_PLACEMENT_3D('',#77,#1168,#1169);
#1168=DIRECTION('',(0.1305537810820565,-0.9914412288407107,0));
#1169=DIRECTION('',(0,0,-1));
#1170=FACE_BOUND('',#1171,.T.);
#1171=EDGE_LOOP('',(#1172,#1173,#1174));
#1172=ORIENTED_EDGE('',*,*,#1175,.T.);
#1173=ORIENTED_EDGE('',*,*,#1176,.T.);
#1174=ORIENTED_EDGE('',*,*,#1177,.T.);
#1175=EDGE_CURVE('',#78,#102,#1178,.F.);
#1176=EDGE_CURVE('',#102,#76,#1179,.T.);
#1177=EDGE_CURVE('',#76,#78,#1180,.T.);
#1178=LINE('',#77,#1181);
#1179=LINE('',#101,#1182);
#1180=LINE('',#75,#1183);
#1181=VECTOR('',#1184,1.0);
#1182=VECTOR('',#1185,1.0);
#1183=VECTOR('',#1186,1.0);
#1184=DIRECTION('',(0,0,-1));
#1185=DIRECTION('',(0.20039276843073994,0.026387881458919408,0.9793602085406441));
#1186=DIRECTION('',(-0.9914412288407107,-0.1305537810820565,0));
#1187=FACE_SURFACE('',(#1192),#1188,.T.);
#1188=PLANE('',#1189);
#1189=AXIS2_PLACEMENT_3D('',#75,#1190,#1191);
#1190=DIRECTION('',(0.1305537810820565,-0.9914412288407107,0));
#1191=DIRECTION('',(-0.20039276843073994,-0.026387881458919408,-0.9793602085406441));
#1192=FACE_BOUND('',#1193,.T.);
#1193=EDGE_LOOP('',(#1194,#1195,#1196));
#1194=ORIENTED_EDGE('',*,*,#1197,.T.);
#1195=ORIENTED_EDGE('',*,*,#1198,.T.);
#1196=ORIENTED_EDGE('',*,*,#1199,.T.);
#1197=EDGE_CURVE('',#76,#102,#1200,.F.);
#1198=EDGE_CURVE('',#102,#104,#1201,.T.);
#1199=EDGE_CURVE('',#104,#76,#1202,.T.);
#1200=LINE('',#75,#1203);
#1201=LINE('',#101,#1204);
#1202=LINE('',#103,#1205);
#1203=VECTOR('',#1206,1.0);
#1204=VECTOR('',#1207,1.0);
#1205=VECTOR('',#1208,1.0);
#1206=DIRECTION('',(-0.20039276843073994,-0.026387881458919408,-0.9793602085406441));
#1207=DIRECTION('',(0.9914412288407107,0.1305537810820565,0));
#1208=DIRECTION('',(0,0,1));
#1209=FACE_SURFACE('',(#1214),#1210,.T.);
#1210=PLANE('',#1211);
#1211=AXIS2_PLACEMENT_3D('',#75,#1212,#1213);
#1212=DIRECTION('',(0.3826850261331614,-0.9238788723493256,0));
#1213=DIRECTION('',(0,0,-1));
#1214=FACE_BOUND('',#1215,.T.);
#1215=EDGE_LOOP('',(#1216,#1217,#1218));
#1216=ORIENTED_EDGE('',*,*,#1219,.T.);
#1217=ORIENTED_EDGE('',*,*,#1220,.T.);
#1218=ORIENTED_EDGE('',*,*,#1221,.T.);
#1219=EDGE_CURVE('',#76,#104,#1222,.F.);
#1220=EDGE_CURVE('',#104,#74,#1223,.T.);
#1221=EDGE_CURVE('',#74,#76,#1224,.T.);
#1222=LINE('',#75,#1225);
#1223=LINE('',#103,#1226);
#1224=LINE('',#73,#1227);
#1225=VECTOR('',#1228,1.0);
#1226=VECTOR('',#1229,1.0);
#1227=VECTOR('',#1230,1.0);
#1228=DIRECTION('',(0,0,-1));
#1229=DIRECTION('',(0.1867290676705571,0.07734608970937593,0.9793619543833393));
#1230=DIRECTION('',(-0.9238788723493256,-0.3826850261331614,0));
#1231=FACE_SURFACE('',(#1236),#1232,.T.);
#1232=PLANE('',#1233);
#1233=AXIS2_PLACEMENT_3D('',#73,#1234,#1235);
#1234=DIRECTION('',(0.3826850261331614,-0.9238788723493256,0));
#1235=DIRECTION('',(-0.1867290676705571,-0.07734608970937593,-0.9793619543833393));
#1236=FACE_BOUND('',#1237,.T.);
#1237=EDGE_LOOP('',(#1238,#1239,#1240));
#1238=ORIENTED_EDGE('',*,*,#1241,.T.);
#1239=ORIENTED_EDGE('',*,*,#1242,.T.);
#1240=ORIENTED_EDGE('',*,*,#1243,.T.);
#1241=EDGE_CURVE('',#74,#104,#1244,.F.);
#1242=EDGE_CURVE('',#104,#106,#1245,.T.);
#1243=EDGE_CURVE('',#106,#74,#1246,.T.);
#1244=LINE('',#73,#1247);
#1245=LINE('',#103,#1248);
#1246=LINE('',#105,#1249);
#1247=VECTOR('',#1250,1.0);
#1248=VECTOR('',#1251,1.0);
#1249=VECTOR('',#1252,1.0);
#1250=DIRECTION('',(-0.1867290676705571,-0.07734608970937593,-0.9793619543833393));
#1251=DIRECTION('',(0.9238788723493256,0.3826850261331614,0));
#1252=DIRECTION('',(0,0,1));
#1253=FACE_SURFACE('',(#1258),#1254,.T.);
#1254=PLANE('',#1255);
#1255=AXIS2_PLACEMENT_3D('',#73,#1256,#1257);
#1256=DIRECTION('',(0.6087399228228632,-0.7933698421049382,0));
#1257=DIRECTION('',(0,0,-1));
#1258=FACE_BOUND('',#1259,.T.);
#1259=EDGE_LOOP('',(#1260,#1261,#1262));
#1260=ORIENTED_EDGE('',*,*,#1263,.T.);
#1261=ORIENTED_EDGE('',*,*,#1264,.T.);
#1262=ORIENTED_EDGE('',*,*,#1265,.T.);
#1263=EDGE_CURVE('',#74,#106,#1266,.F.);
#1264=EDGE_CURVE('',#106,#72,#1267,.T.);
#1265=EDGE_CURVE('',#72,#74,#1268,.T.);
#1266=LINE('',#73,#1269);
#1267=LINE('',#105,#1270);
#1268=LINE('',#71,#1271);
#1269=VECTOR('',#1272,1.0);
#1270=VECTOR('',#1273,1.0);
#1271=VECTOR('',#1274,1.0);
#1272=DIRECTION('',(0,0,-1));
#1273=DIRECTION('',(0.16035658535622313,0.12303902948326798,0.9793605887295587));
#1274=DIRECTION('',(-0.7933698421049382,-0.6087399228228632,0));
#1275=FACE_SURFACE('',(#1280),#1276,.T.);
#1276=PLANE('',#1277);
#1277=AXIS2_PLACEMENT_3D('',#71,#1278,#1279);
#1278=DIRECTION('',(0.6087399228228632,-0.7933698421049382,0));
#1279=DIRECTION('',(-0.16035658535622313,-0.12303902948326798,-0.9793605887295587));
#1280=FACE_BOUND('',#1281,.T.);
#1281=EDGE_LOOP('',(#1282,#1283,#1284));
#1282=ORIENTED_EDGE('',*,*,#1285,.T.);
#1283=ORIENTED_EDGE('',*,*,#1286,.T.);
#1284=ORIENTED_EDGE('',*,*,#1287,.T.);
#1285=EDGE_CURVE('',#72,#106,#1288,.F.);
#1286=EDGE_CURVE('',#106,#108,#1289,.T.);
#1287=EDGE_CURVE('',#108,#72,#1290,.T.);
#1288=LINE('',#71,#1291);
#1289=LINE('',#105,#1292);
#1290=LINE('',#107,#1293);
#1291=VECTOR('',#1294,1.0);
#1292=VECTOR('',#1295,1.0);
#1293=VECTOR('',#1296,1.0);
#1294=DIRECTION('',(-0.16035658535622313,-0.12303902948326798,-0.9793605887295587));
#1295=DIRECTION('',(0.7933698421049382,0.6087399228228632,0));
#1296=DIRECTION('',(0,0,1));
#1297=FACE_SURFACE('',(#1302),#1298,.T.);
#1298=PLANE('',#1299);
#1299=AXIS2_PLACEMENT_3D('',#71,#1300,#1301);
#1300=DIRECTION('',(0.7933698421049382,-0.6087399228228632,0));
#1301=DIRECTION('',(0,0,-1));
#1302=FACE_BOUND('',#1303,.T.);
#1303=EDGE_LOOP('',(#1304,#1305,#1306));
#1304=ORIENTED_EDGE('',*,*,#1307,.T.);
#1305=ORIENTED_EDGE('',*,*,#1308,.T.);
#1306=ORIENTED_EDGE('',*,*,#1309,.T.);
#1307=EDGE_CURVE('',#72,#108,#1310,.F.);
#1308=EDGE_CURVE('',#108,#70,#1311,.T.);
#1309=EDGE_CURVE('',#70,#72,#1312,.T.);
#1310=LINE('',#71,#1313);
#1311=LINE('',#107,#1314);
#1312=LINE('',#69,#1315);
#1313=VECTOR('',#1316,1.0);
#1314=VECTOR('',#1317,1.0);
#1315=VECTOR('',#1318,1.0);
#1316=DIRECTION('',(0,0,-1));
#1317=DIRECTION('',(0.12303902948326798,0.16035658535622313,0.9793605887295587));
#1318=DIRECTION('',(-0.6087399228228632,-0.7933698421049382,0));
#1319=FACE_SURFACE('',(#1324),#1320,.T.);
#1320=PLANE('',#1321);
#1321=AXIS2_PLACEMENT_3D('',#69,#1322,#1323);
#1322=DIRECTION('',(0.7933698421049382,-0.6087399228228632,0));
#1323=DIRECTION('',(-0.12303902948326798,-0.16035658535622313,-0.9793605887295587));
#1324=FACE_BOUND('',#1325,.T.);
#1325=EDGE_LOOP('',(#1326,#1327,#1328));
#1326=ORIENTED_EDGE('',*,*,#1329,.T.);
#1327=ORIENTED_EDGE('',*,*,#1330,.T.);
#1328=ORIENTED_EDGE('',*,*,#1331,.T.);
#1329=EDGE_CURVE('',#70,#108,#1332,.F.);
#1330=EDGE_CURVE('',#108,#110,#1333,.T.);
#1331=EDGE_CURVE('',#110,#70,#1334,.T.);
#1332=LINE('',#69,#1335);
#1333=LINE('',#107,#1336);
#1334=LINE('',#109,#1337);
#1335=VECTOR('',#1338,1.0);
#1336=VECTOR('',#1339,1.0);
#1337=VECTOR('',#1340,1.0);
#1338=DIRECTION('',(-0.12303902948326798,-0.16035658535622313,-0.9793605887295587));
#1339=DIRECTION('',(0.6087399228228632,0.7933698421049382,0));
#1340=DIRECTION('',(0,0,1));
#1341=FACE_SURFACE('',(#1346),#1342,.T.);
#1342=PLANE('',#1343);
#1343=AXIS2_PLACEMENT_3D('',#69,#1344,#1345);
#1344=DIRECTION('',(0.9238788723493256,-0.3826850261331614,0));
#1345=DIRECTION('',(0,0,-1));
#1346=FACE_BOUND('',#1347,.T.);
#1347=EDGE_LOOP('',(#1348,#1349,#1350));
#1348=ORIENTED_EDGE('',*,*,#1351,.T.);
#1349=ORIENTED_EDGE('',*,*,#1352,.T.);
#1350=ORIENTED_EDGE('',*,*,#1353,.T.);
#1351=EDGE_CURVE('',#70,#110,#1354,.F.);
#1352=EDGE_CURVE('',#110,#68,#1355,.T.);
#1353=EDGE_CURVE('',#68,#70,#1356,.T.);
#1354=LINE('',#69,#1357);
#1355=LINE('',#109,#1358);
#1356=LINE('',#67,#1359);
#1357=VECTOR('',#1360,1.0);
#1358=VECTOR('',#1361,1.0);
#1359=VECTOR('',#1362,1.0);
#1360=DIRECTION('',(0,0,-1));
#1361=DIRECTION('',(0.07734608970937593,0.1867290676705571,0.9793619543833393));
#1362=DIRECTION('',(-0.3826850261331614,-0.9238788723493256,0));
#1363=FACE_SURFACE('',(#1368),#1364,.T.);
#1364=PLANE('',#1365);
#1365=AXIS2_PLACEMENT_3D('',#67,#1366,#1367);
#1366=DIRECTION('',(0.9238788723493256,-0.3826850261331614,0));
#1367=DIRECTION('',(-0.07734608970937593,-0.1867290676705571,-0.9793619543833393));
#1368=FACE_BOUND('',#1369,.T.);
#1369=EDGE_LOOP('',(#1370,#1371,#1372));
#1370=ORIENTED_EDGE('',*,*,#1373,.T.);
#1371=ORIENTED_EDGE('',*,*,#1374,.T.);
#1372=ORIENTED_EDGE('',*,*,#1375,.T.);
#1373=EDGE_CURVE('',#68,#110,#1376,.F.);
#1374=EDGE_CURVE('',#110,#112,#1377,.T.);
#1375=EDGE_CURVE('',#112,#68,#1378,.T.);
#1376=LINE('',#67,#1379);
#1377=LINE('',#109,#1380);
#1378=LINE('',#111,#1381);
#1379=VECTOR('',#1382,1.0);
#1380=VECTOR('',#1383,1.0);
#1381=VECTOR('',#1384,1.0);
#1382=DIRECTION('',(-0.07734608970937593,-0.1867290676705571,-0.9793619543833393));
#1383=DIRECTION('',(0.3826850261331614,0.9238788723493256,0));
#1384=DIRECTION('',(0,0,1));
#1385=FACE_SURFACE('',(#1390),#1386,.T.);
#1386=PLANE('',#1387);
#1387=AXIS2_PLACEMENT_3D('',#67,#1388,#1389);
#1388=DIRECTION('',(0.9914412288407107,-0.1305537810820565,0));
#1389=DIRECTION('',(0,0,-1));
#1390=FACE_BOUND('',#1391,.T.);
#1391=EDGE_LOOP('',(#1392,#1393,#1394));
#1392=ORIENTED_EDGE('',*,*,#1395,.T.);
#1393=ORIENTED_EDGE('',*,*,#1396,.T.);
#1394=ORIENTED_EDGE('',*,*,#1397,.T.);
#1395=EDGE_CURVE('',#68,#112,#1398,.F.);
#1396=EDGE_CURVE('',#112,#66,#1399,.T.);
#1397=EDGE_CURVE('',#66,#68,#1400,.T.);
#1398=LINE('',#67,#1401);
#1399=LINE('',#111,#1402);
#1400=LINE('',#65,#1403);
#1401=VECTOR('',#1404,1.0);
#1402=VECTOR('',#1405,1.0);
#1403=VECTOR('',#1406,1.0);
#1404=DIRECTION('',(0,0,-1));
#1405=DIRECTION('',(0.026387881458919408,0.20039276843073994,0.9793602085406441));
#1406=DIRECTION('',(-0.1305537810820565,-0.9914412288407107,0));
#1407=FACE_SURFACE('',(#1412),#1408,.T.);
#1408=PLANE('',#1409);
#1409=AXIS2_PLACEMENT_3D('',#65,#1410,#1411);
#1410=DIRECTION('',(0.9914412288407107,-0.1305537810820565,0));
#1411=DIRECTION('',(-0.026387881458919408,-0.20039276843073994,-0.9793602085406441));
#1412=FACE_BOUND('',#1413,.T.);
#1413=EDGE_LOOP('',(#1414,#1415,#1416));
#1414=ORIENTED_EDGE('',*,*,#1417,.T.);
#1415=ORIENTED_EDGE('',*,*,#1418,.T.);
#1416=ORIENTED_EDGE('',*,*,#1419,.T.);
#1417=EDGE_CURVE('',#66,#112,#1420,.F.);
#1418=EDGE_CURVE('',#112,#114,#1421,.T.);
#1419=EDGE_CURVE('',#114,#66,#1422,.T.);
#1420=LINE('',#65,#1423);
#1421=LINE('',#111,#1424);
#1422=LINE('',#113,#1425);
#1423=VECTOR('',#1426,1.0);
#1424=VECTOR('',#1427,1.0);
#1425=VECTOR('',#1428,1.0);
#1426=DIRECTION('',(-0.026387881458919408,-0.20039276843073994,-0.9793602085406441));
#1427=DIRECTION('',(0.1305537810820565,0.9914412288407107,0));
#1428=DIRECTION('',(0,0,1));
#1429=FACE_SURFACE('',(#1434),#1430,.T.);
#1430=PLANE('',#1431);
#1431=AXIS2_PLACEMENT_3D('',#65,#1432,#1433);
#1432=DIRECTION('',(0.9914412288407118,0.13055378108204757,0));
#1433=DIRECTION('',(0,0,-1));
#1434=FACE_BOUND('',#1435,.T.);
#1435=EDGE_LOOP('',(#1436,#1437,#1438));
#1436=ORIENTED_EDGE('',*,*,#1439,.T.);
#1437=ORIENTED_EDGE('',*,*,#1440,.T.);
#1438=ORIENTED_EDGE('',*,*,#1441,.T.);
#1439=EDGE_CURVE('',#66,#114,#1442,.F.);
#1440=EDGE_CURVE('',#114,#64,#1443,.T.);
#1441=EDGE_CURVE('',#64,#66,#1444,.T.);
#1442=LINE('',#65,#1445);
#1443=LINE('',#113,#1446);
#1444=LINE('',#63,#1447);
#1445=VECTOR('',#1448,1.0);
#1446=VECTOR('',#1449,1.0);
#1447=VECTOR('',#1450,1.0);
#1448=DIRECTION('',(0,0,-1));
#1449=DIRECTION('',(-0.026387881458919335,0.2003927684307533,0.9793602085406413));
#1450=DIRECTION('',(0.13055378108204757,-0.9914412288407118,0));
#1451=FACE_SURFACE('',(#1456),#1452,.T.);
#1452=PLANE('',#1453);
#1453=AXIS2_PLACEMENT_3D('',#63,#1454,#1455);
#1454=DIRECTION('',(0.9914412288407118,0.13055378108204757,0));
#1455=DIRECTION('',(0.026387881458919335,-0.2003927684307533,-0.9793602085406413));
#1456=FACE_BOUND('',#1457,.T.);
#1457=EDGE_LOOP('',(#1458,#1459,#1460));
#1458=ORIENTED_EDGE('',*,*,#1461,.T.);
#1459=ORIENTED_EDGE('',*,*,#1462,.T.);
#1460=ORIENTED_EDGE('',*,*,#1463,.T.);
#1461=EDGE_CURVE('',#64,#114,#1464,.F.);
#1462=EDGE_CURVE('',#114,#116,#1465,.T.);
#1463=EDGE_CURVE('',#116,#64,#1466,.T.);
#1464=LINE('',#63,#1467);
#1465=LINE('',#113,#1468);
#1466=LINE('',#115,#1469);
#1467=VECTOR('',#1470,1.0);
#1468=VECTOR('',#1471,1.0);
#1469=VECTOR('',#1472,1.0);
#1470=DIRECTION('',(0.026387881458919335,-0.2003927684307533,-0.9793602085406413));
#1471=DIRECTION('',(-0.13055378108204757,0.9914412288407118,0));
#1472=DIRECTION('',(0,0,1));
#1473=FACE_SURFACE('',(#1478),#1474,.T.);
#1474=PLANE('',#1475);
#1475=AXIS2_PLACEMENT_3D('',#63,#1476,#1477);
#1476=DIRECTION('',(0.9238845490491588,0.3826713211467935,0));
#1477=DIRECTION('',(0,0,-1));
#1478=FACE_BOUND('',#1479,.T.);
#1479=EDGE_LOOP('',(#1480,#1481,#1482));
#1480=ORIENTED_EDGE('',*,*,#1483,.T.);
#1481=ORIENTED_EDGE('',*,*,#1484,.T.);
#1482=ORIENTED_EDGE('',*,*,#1485,.T.);
#1483=EDGE_CURVE('',#64,#116,#1486,.F.);
#1484=EDGE_CURVE('',#116,#62,#1487,.T.);
#1485=EDGE_CURVE('',#62,#64,#1488,.T.);
#1486=LINE('',#63,#1489);
#1487=LINE('',#115,#1490);
#1488=LINE('',#61,#1491);
#1489=VECTOR('',#1492,1.0);
#1490=VECTOR('',#1493,1.0);
#1491=VECTOR('',#1494,1.0);
#1492=DIRECTION('',(0,0,-1));
#1493=DIRECTION('',(-0.07734597654970787,0.18673662936445126,0.9793605215471858));
#1494=DIRECTION('',(0.3826713211467935,-0.9238845490491588,0));
#1495=FACE_SURFACE('',(#1500),#1496,.T.);
#1496=PLANE('',#1497);
#1497=AXIS2_PLACEMENT_3D('',#61,#1498,#1499);
#1498=DIRECTION('',(0.9238845490491588,0.3826713211467935,0));
#1499=DIRECTION('',(0.07734597654970787,-0.18673662936445126,-0.9793605215471858));
#1500=FACE_BOUND('',#1501,.T.);
#1501=EDGE_LOOP('',(#1502,#1503,#1504));
#1502=ORIENTED_EDGE('',*,*,#1505,.T.);
#1503=ORIENTED_EDGE('',*,*,#1506,.T.);
#1504=ORIENTED_EDGE('',*,*,#1507,.T.);
#1505=EDGE_CURVE('',#62,#116,#1508,.F.);
#1506=EDGE_CURVE('',#116,#118,#1509,.T.);
#1507=EDGE_CURVE('',#118,#62,#1510,.T.);
#1508=LINE('',#61,#1511);
#1509=LINE('',#115,#1512);
#1510=LINE('',#117,#1513);
#1511=VECTOR('',#1514,1.0);
#1512=VECTOR('',#1515,1.0);
#1513=VECTOR('',#1516,1.0);
#1514=DIRECTION('',(0.07734597654970787,-0.18673662936445126,-0.9793605215471858));
#1515=DIRECTION('',(-0.3826713211467935,0.9238845490491588,0));
#1516=DIRECTION('',(0,0,1));
#1517=FACE_SURFACE('',(#1522),#1518,.T.);
#1518=PLANE('',#1519);
#1519=AXIS2_PLACEMENT_3D('',#61,#1520,#1521);
#1520=DIRECTION('',(0.7933554771223792,0.6087586442260364,0));
#1521=DIRECTION('',(0,0,-1));
#1522=FACE_BOUND('',#1523,.T.);
#1523=EDGE_LOOP('',(#1524,#1525,#1526));
#1524=ORIENTED_EDGE('',*,*,#1527,.T.);
#1525=ORIENTED_EDGE('',*,*,#1528,.T.);
#1526=ORIENTED_EDGE('',*,*,#1529,.T.);
#1527=EDGE_CURVE('',#62,#118,#1530,.F.);
#1528=EDGE_CURVE('',#118,#60,#1531,.T.);
#1529=EDGE_CURVE('',#60,#62,#1532,.T.);
#1530=LINE('',#61,#1533);
#1531=LINE('',#117,#1534);
#1532=LINE('',#59,#1535);
#1533=VECTOR('',#1536,1.0);
#1534=VECTOR('',#1537,1.0);
#1535=VECTOR('',#1538,1.0);
#1536=DIRECTION('',(0,0,-1));
#1537=DIRECTION('',(-0.12303918406298785,0.16034895192518245,0.9793618191463305));
#1538=DIRECTION('',(0.6087586442260364,-0.7933554771223792,0));
#1539=FACE_SURFACE('',(#1544),#1540,.T.);
#1540=PLANE('',#1541);
#1541=AXIS2_PLACEMENT_3D('',#59,#1542,#1543);
#1542=DIRECTION('',(0.7933554771223792,0.6087586442260364,0));
#1543=DIRECTION('',(0.12303918406298785,-0.16034895192518245,-0.9793618191463305));
#1544=FACE_BOUND('',#1545,.T.);
#1545=EDGE_LOOP('',(#1546,#1547,#1548));
#1546=ORIENTED_EDGE('',*,*,#1549,.T.);
#1547=ORIENTED_EDGE('',*,*,#1550,.T.);
#1548=ORIENTED_EDGE('',*,*,#1551,.T.);
#1549=EDGE_CURVE('',#60,#118,#1552,.F.);
#1550=EDGE_CURVE('',#118,#120,#1553,.T.);
#1551=EDGE_CURVE('',#120,#60,#1554,.T.);
#1552=LINE('',#59,#1555);
#1553=LINE('',#117,#1556);
#1554=LINE('',#119,#1557);
#1555=VECTOR('',#1558,1.0);
#1556=VECTOR('',#1559,1.0);
#1557=VECTOR('',#1560,1.0);
#1558=DIRECTION('',(0.12303918406298785,-0.16034895192518245,-0.9793618191463305));
#1559=DIRECTION('',(-0.6087586442260364,0.7933554771223792,0));
#1560=DIRECTION('',(0,0,1));
#1561=FACE_SURFACE('',(#1566),#1562,.T.);
#1562=PLANE('',#1563);
#1563=AXIS2_PLACEMENT_3D('',#59,#1564,#1565);
#1564=DIRECTION('',(0.6087643210068818,0.7933511211746223,0));
#1565=DIRECTION('',(0,0,-1));
#1566=FACE_BOUND('',#1567,.T.);
#1567=EDGE_LOOP('',(#1568,#1569,#1570));
#1568=ORIENTED_EDGE('',*,*,#1571,.T.);
#1569=ORIENTED_EDGE('',*,*,#1572,.T.);
#1570=ORIENTED_EDGE('',*,*,#1573,.T.);
#1571=EDGE_CURVE('',#60,#120,#1574,.F.);
#1572=EDGE_CURVE('',#120,#58,#1575,.T.);
#1573=EDGE_CURVE('',#58,#60,#1576,.T.);
#1574=LINE('',#59,#1577);
#1575=LINE('',#119,#1578);
#1576=LINE('',#57,#1579);
#1577=VECTOR('',#1580,1.0);
#1578=VECTOR('',#1581,1.0);
#1579=VECTOR('',#1582,1.0);
#1580=DIRECTION('',(0,0,-1));
#1581=DIRECTION('',(-0.16035643076831993,0.12304674574762041,0.9793596446005755));
#1582=DIRECTION('',(0.7933511211746223,-0.6087643210068818,0));
#1583=FACE_SURFACE('',(#1588),#1584,.T.);
#1584=PLANE('',#1585);
#1585=AXIS2_PLACEMENT_3D('',#57,#1586,#1587);
#1586=DIRECTION('',(0.6087643210068818,0.7933511211746223,0));
#1587=DIRECTION('',(0.16035643076831993,-0.12304674574762041,-0.9793596446005755));
#1588=FACE_BOUND('',#1589,.T.);
#1589=EDGE_LOOP('',(#1590,#1591,#1592));
#1590=ORIENTED_EDGE('',*,*,#1593,.T.);
#1591=ORIENTED_EDGE('',*,*,#1594,.T.);
#1592=ORIENTED_EDGE('',*,*,#1595,.T.);
#1593=EDGE_CURVE('',#58,#120,#1596,.F.);
#1594=EDGE_CURVE('',#120,#122,#1597,.T.);
#1595=EDGE_CURVE('',#122,#58,#1598,.T.);
#1596=LINE('',#57,#1599);
#1597=LINE('',#119,#1600);
#1598=LINE('',#121,#1601);
#1599=VECTOR('',#1602,1.0);
#1600=VECTOR('',#1603,1.0);
#1601=VECTOR('',#1604,1.0);
#1602=DIRECTION('',(0.16035643076831993,-0.12304674574762041,-0.9793596446005755));
#1603=DIRECTION('',(-0.7933511211746223,0.6087643210068818,0));
#1604=DIRECTION('',(0,0,1));
#1605=FACE_SURFACE('',(#1610),#1606,.T.);
#1606=PLANE('',#1607);
#1607=AXIS2_PLACEMENT_3D('',#57,#1608,#1609);
#1608=DIRECTION('',(0.3826850261331614,0.9238788723493256,0));
#1609=DIRECTION('',(0,0,-1));
#1610=FACE_BOUND('',#1611,.T.);
#1611=EDGE_LOOP('',(#1612,#1613,#1614));
#1612=ORIENTED_EDGE('',*,*,#1615,.T.);
#1613=ORIENTED_EDGE('',*,*,#1616,.T.);
#1614=ORIENTED_EDGE('',*,*,#1617,.T.);
#1615=EDGE_CURVE('',#58,#122,#1618,.F.);
#1616=EDGE_CURVE('',#122,#56,#1619,.T.);
#1617=EDGE_CURVE('',#56,#58,#1620,.T.);
#1618=LINE('',#57,#1621);
#1619=LINE('',#121,#1622);
#1620=LINE('',#55,#1623);
#1621=VECTOR('',#1624,1.0);
#1622=VECTOR('',#1625,1.0);
#1623=VECTOR('',#1626,1.0);
#1624=DIRECTION('',(0,0,-1));
#1625=DIRECTION('',(-0.1867290676705571,0.07734608970937593,0.9793619543833393));
#1626=DIRECTION('',(0.9238788723493256,-0.3826850261331614,0));
#1627=FACE_SURFACE('',(#1632),#1628,.T.);
#1628=PLANE('',#1629);
#1629=AXIS2_PLACEMENT_3D('',#55,#1630,#1631);
#1630=DIRECTION('',(0.3826850261331614,0.9238788723493256,0));
#1631=DIRECTION('',(0.1867290676705571,-0.07734608970937593,-0.9793619543833393));
#1632=FACE_BOUND('',#1633,.T.);
#1633=EDGE_LOOP('',(#1634,#1635,#1636));
#1634=ORIENTED_EDGE('',*,*,#1637,.T.);
#1635=ORIENTED_EDGE('',*,*,#1638,.T.);
#1636=ORIENTED_EDGE('',*,*,#1639,.T.);
#1637=EDGE_CURVE('',#56,#122,#1640,.F.);
#1638=EDGE_CURVE('',#122,#124,#1641,.T.);
#1639=EDGE_CURVE('',#124,#56,#1642,.T.);
#1640=LINE('',#55,#1643);
#1641=LINE('',#121,#1644);
#1642=LINE('',#123,#1645);
#1643=VECTOR('',#1646,1.0);
#1644=VECTOR('',#1647,1.0);
#1645=VECTOR('',#1648,1.0);
#1646=DIRECTION('',(0.1867290676705571,-0.07734608970937593,-0.9793619543833393));
#1647=DIRECTION('',(-0.9238788723493256,0.3826850261331614,0));
#1648=DIRECTION('',(0,0,1));
#1649=FACE_SURFACE('',(#1654),#1650,.T.);
#1650=PLANE('',#1651);
#1651=AXIS2_PLACEMENT_3D('',#55,#1652,#1653);
#1652=DIRECTION('',(0.13051567848153253,0.991446245477033,0));
#1653=DIRECTION('',(0,0,-1));
#1654=FACE_BOUND('',#1655,.T.);
#1655=EDGE_LOOP('',(#1656,#1657,#1658));
#1656=ORIENTED_EDGE('',*,*,#1659,.T.);
#1657=ORIENTED_EDGE('',*,*,#1660,.T.);
#1658=ORIENTED_EDGE('',*,*,#1661,.T.);
#1659=EDGE_CURVE('',#56,#124,#1662,.F.);
#1660=EDGE_CURVE('',#124,#54,#1663,.T.);
#1661=EDGE_CURVE('',#54,#56,#1664,.T.);
#1662=LINE('',#55,#1665);
#1663=LINE('',#123,#1666);
#1664=LINE('',#53,#1667);
#1665=VECTOR('',#1668,1.0);
#1666=VECTOR('',#1669,1.0);
#1667=VECTOR('',#1670,1.0);
#1668=DIRECTION('',(0,0,-1));
#1669=DIRECTION('',(-0.20039280985499114,0.026380052030416185,0.9793604109893832));
#1670=DIRECTION('',(0.991446245477033,-0.13051567848153253,0));
#1671=FACE_SURFACE('',(#1676),#1672,.T.);
#1672=PLANE('',#1673);
#1673=AXIS2_PLACEMENT_3D('',#53,#1674,#1675);
#1674=DIRECTION('',(0.13051567848153253,0.991446245477033,0));
#1675=DIRECTION('',(0.20039280985499114,-0.026380052030416185,-0.9793604109893832));
#1676=FACE_BOUND('',#1677,.T.);
#1677=EDGE_LOOP('',(#1678,#1679,#1680));
#1678=ORIENTED_EDGE('',*,*,#1681,.T.);
#1679=ORIENTED_EDGE('',*,*,#1682,.T.);
#1680=ORIENTED_EDGE('',*,*,#1683,.T.);
#1681=EDGE_CURVE('',#54,#124,#1684,.F.);
#1682=EDGE_CURVE('',#124,#126,#1685,.T.);
#1683=EDGE_CURVE('',#126,#54,#1686,.T.);
#1684=LINE('',#53,#1687);
#1685=LINE('',#123,#1688);
#1686=LINE('',#125,#1689);
#1687=VECTOR('',#1690,1.0);
#1688=VECTOR('',#1691,1.0);
#1689=VECTOR('',#1692,1.0);
#1690=DIRECTION('',(0.20039280985499114,-0.026380052030416185,-0.9793604109893832));
#1691=DIRECTION('',(-0.991446245477033,0.13051567848153253,0));
#1692=DIRECTION('',(0,0,1));
#1693=FACE_SURFACE('',(#1698),#1694,.T.);
#1694=PLANE('',#1695);
#1695=AXIS2_PLACEMENT_3D('',#53,#1696,#1697);
#1696=DIRECTION('',(-0.13051567848152362,0.9914462454770343,0));
#1697=DIRECTION('',(0,0,-1));
#1698=FACE_BOUND('',#1699,.T.);
#1699=EDGE_LOOP('',(#1700,#1701,#1702));
#1700=ORIENTED_EDGE('',*,*,#1703,.T.);
#1701=ORIENTED_EDGE('',*,*,#1704,.T.);
#1702=ORIENTED_EDGE('',*,*,#1705,.T.);
#1703=EDGE_CURVE('',#54,#126,#1706,.F.);
#1704=EDGE_CURVE('',#126,#52,#1707,.T.);
#1705=EDGE_CURVE('',#52,#54,#1708,.T.);
#1706=LINE('',#53,#1709);
#1707=LINE('',#125,#1710);
#1708=LINE('',#51,#1711);
#1709=VECTOR('',#1712,1.0);
#1710=VECTOR('',#1713,1.0);
#1711=VECTOR('',#1714,1.0);
#1712=DIRECTION('',(0,0,-1));
#1713=DIRECTION('',(-0.20039280985500454,-0.026380052030416115,0.9793604109893806));
#1714=DIRECTION('',(0.9914462454770343,0.13051567848152362,0));
#1715=FACE_SURFACE('',(#1720),#1716,.T.);
#1716=PLANE('',#1717);
#1717=AXIS2_PLACEMENT_3D('',#51,#1718,#1719);
#1718=DIRECTION('',(-0.13051567848152362,0.9914462454770343,0));
#1719=DIRECTION('',(0.20039280985500454,0.026380052030416115,-0.9793604109893806));
#1720=FACE_BOUND('',#1721,.T.);
#1721=EDGE_LOOP('',(#1722,#1723,#1724));
#1722=ORIENTED_EDGE('',*,*,#1725,.T.);
#1723=ORIENTED_EDGE('',*,*,#1726,.T.);
#1724=ORIENTED_EDGE('',*,*,#1727,.T.);
#1725=EDGE_CURVE('',#52,#126,#1728,.F.);
#1726=EDGE_CURVE('',#126,#128,#1729,.T.);
#1727=EDGE_CURVE('',#128,#52,#1730,.T.);
#1728=LINE('',#51,#1731);
#1729=LINE('',#125,#1732);
#1730=LINE('',#127,#1733);
#1731=VECTOR('',#1734,1.0);
#1732=VECTOR('',#1735,1.0);
#1733=VECTOR('',#1736,1.0);
#1734=DIRECTION('',(0.20039280985500454,0.026380052030416115,-0.9793604109893806));
#1735=DIRECTION('',(-0.9914462454770343,-0.13051567848152362,0));
#1736=DIRECTION('',(0,0,1));
#1737=FACE_SURFACE('',(#1742),#1738,.T.);
#1738=PLANE('',#1739);
#1739=AXIS2_PLACEMENT_3D('',#51,#1740,#1741);
#1740=DIRECTION('',(-0.3826713211467935,0.9238845490491588,0));
#1741=DIRECTION('',(0,0,-1));
#1742=FACE_BOUND('',#1743,.T.);
#1743=EDGE_LOOP('',(#1744,#1745,#1746));
#1744=ORIENTED_EDGE('',*,*,#1747,.T.);
#1745=ORIENTED_EDGE('',*,*,#1748,.T.);
#1746=ORIENTED_EDGE('',*,*,#1749,.T.);
#1747=EDGE_CURVE('',#52,#128,#1750,.F.);
#1748=EDGE_CURVE('',#128,#50,#1751,.T.);
#1749=EDGE_CURVE('',#50,#52,#1752,.T.);
#1750=LINE('',#51,#1753);
#1751=LINE('',#127,#1754);
#1752=LINE('',#49,#1755);
#1753=VECTOR('',#1756,1.0);
#1754=VECTOR('',#1757,1.0);
#1755=VECTOR('',#1758,1.0);
#1756=DIRECTION('',(0,0,-1));
#1757=DIRECTION('',(-0.18673662936445126,-0.07734597654970787,0.9793605215471858));
#1758=DIRECTION('',(0.9238845490491588,0.3826713211467935,0));
#1759=FACE_SURFACE('',(#1764),#1760,.T.);
#1760=PLANE('',#1761);
#1761=AXIS2_PLACEMENT_3D('',#49,#1762,#1763);
#1762=DIRECTION('',(-0.3826713211467935,0.9238845490491588,0));
#1763=DIRECTION('',(0.18673662936445126,0.07734597654970787,-0.9793605215471858));
#1764=FACE_BOUND('',#1765,.T.);
#1765=EDGE_LOOP('',(#1766,#1767,#1768));
#1766=ORIENTED_EDGE('',*,*,#1769,.T.);
#1767=ORIENTED_EDGE('',*,*,#1770,.T.);
#1768=ORIENTED_EDGE('',*,*,#1771,.T.);
#1769=EDGE_CURVE('',#50,#128,#1772,.F.);
#1770=EDGE_CURVE('',#128,#130,#1773,.T.);
#1771=EDGE_CURVE('',#130,#50,#1774,.T.);
#1772=LINE('',#49,#1775);
#1773=LINE('',#127,#1776);
#1774=LINE('',#129,#1777);
#1775=VECTOR('',#1778,1.0);
#1776=VECTOR('',#1779,1.0);
#1777=VECTOR('',#1780,1.0);
#1778=DIRECTION('',(0.18673662936445126,0.07734597654970787,-0.9793605215471858));
#1779=DIRECTION('',(-0.9238845490491588,-0.3826713211467935,0));
#1780=DIRECTION('',(0,0,1));
#1781=FACE_SURFACE('',(#1786),#1782,.T.);
#1782=PLANE('',#1783);
#1783=AXIS2_PLACEMENT_3D('',#49,#1784,#1785);
#1784=DIRECTION('',(-0.6087830422768121,0.7933367553795735,0));
#1785=DIRECTION('',(0,0,-1));
#1786=FACE_BOUND('',#1787,.T.);
#1787=EDGE_LOOP('',(#1788,#1789,#1790));
#1788=ORIENTED_EDGE('',*,*,#1791,.T.);
#1789=ORIENTED_EDGE('',*,*,#1792,.T.);
#1790=ORIENTED_EDGE('',*,*,#1793,.T.);
#1791=EDGE_CURVE('',#50,#130,#1794,.F.);
#1792=EDGE_CURVE('',#130,#48,#1795,.T.);
#1793=EDGE_CURVE('',#48,#50,#1796,.T.);
#1794=LINE('',#49,#1797);
#1795=LINE('',#129,#1798);
#1796=LINE('',#47,#1799);
#1797=VECTOR('',#1800,1.0);
#1798=VECTOR('',#1801,1.0);
#1799=VECTOR('',#1802,1.0);
#1800=DIRECTION('',(0,0,-1));
#1801=DIRECTION('',(-0.16034879734424964,-0.12304690033673653,0.9793608750137888));
#1802=DIRECTION('',(0.7933367553795735,0.6087830422768121,0));
#1803=FACE_SURFACE('',(#1808),#1804,.T.);
#1804=PLANE('',#1805);
#1805=AXIS2_PLACEMENT_3D('',#47,#1806,#1807);
#1806=DIRECTION('',(-0.6087830422768121,0.7933367553795735,0));
#1807=DIRECTION('',(0.16034879734424964,0.12304690033673653,-0.9793608750137888));
#1808=FACE_BOUND('',#1809,.T.);
#1809=EDGE_LOOP('',(#1810,#1811,#1812));
#1810=ORIENTED_EDGE('',*,*,#1813,.T.);
#1811=ORIENTED_EDGE('',*,*,#1814,.T.);
#1812=ORIENTED_EDGE('',*,*,#1815,.T.);
#1813=EDGE_CURVE('',#48,#130,#1816,.F.);
#1814=EDGE_CURVE('',#130,#132,#1817,.T.);
#1815=EDGE_CURVE('',#132,#48,#1818,.T.);
#1816=LINE('',#47,#1819);
#1817=LINE('',#129,#1820);
#1818=LINE('',#131,#1821);
#1819=VECTOR('',#1822,1.0);
#1820=VECTOR('',#1823,1.0);
#1821=VECTOR('',#1824,1.0);
#1822=DIRECTION('',(0.16034879734424964,0.12304690033673653,-0.9793608750137888));
#1823=DIRECTION('',(-0.7933367553795735,-0.6087830422768121,0));
#1824=DIRECTION('',(0,0,1));
#1825=FACE_SURFACE('',(#1830),#1826,.T.);
#1826=PLANE('',#1827);
#1827=AXIS2_PLACEMENT_3D('',#47,#1828,#1829);
#1828=DIRECTION('',(-0.7933367553795735,0.6087830422768121,0));
#1829=DIRECTION('',(0,0,-1));
#1830=FACE_BOUND('',#1831,.T.);
#1831=EDGE_LOOP('',(#1832,#1833,#1834));
#1832=ORIENTED_EDGE('',*,*,#1835,.T.);
#1833=ORIENTED_EDGE('',*,*,#1836,.T.);
#1834=ORIENTED_EDGE('',*,*,#1837,.T.);
#1835=EDGE_CURVE('',#48,#132,#1838,.F.);
#1836=EDGE_CURVE('',#132,#46,#1839,.T.);
#1837=EDGE_CURVE('',#46,#48,#1840,.T.);
#1838=LINE('',#47,#1841);
#1839=LINE('',#131,#1842);
#1840=LINE('',#45,#1843);
#1841=VECTOR('',#1844,1.0);
#1842=VECTOR('',#1845,1.0);
#1843=VECTOR('',#1846,1.0);
#1844=DIRECTION('',(0,0,-1));
#1845=DIRECTION('',(-0.12304690033673653,-0.16034879734424964,0.9793608750137888));
#1846=DIRECTION('',(0.6087830422768121,0.7933367553795735,0));
#1847=FACE_SURFACE('',(#1852),#1848,.T.);
#1848=PLANE('',#1849);
#1849=AXIS2_PLACEMENT_3D('',#45,#1850,#1851);
#1850=DIRECTION('',(-0.7933367553795735,0.6087830422768121,0));
#1851=DIRECTION('',(0.12304690033673653,0.16034879734424964,-0.9793608750137888));
#1852=FACE_BOUND('',#1853,.T.);
#1853=EDGE_LOOP('',(#1854,#1855,#1856));
#1854=ORIENTED_EDGE('',*,*,#1857,.T.);
#1855=ORIENTED_EDGE('',*,*,#1858,.T.);
#1856=ORIENTED_EDGE('',*,*,#1859,.T.);
#1857=EDGE_CURVE('',#46,#132,#1860,.F.);
#1858=EDGE_CURVE('',#132,#134,#1861,.T.);
#1859=EDGE_CURVE('',#134,#46,#1862,.T.);
#1860=LINE('',#45,#1863);
#1861=LINE('',#131,#1864);
#1862=LINE('',#133,#1865);
#1863=VECTOR('',#1866,1.0);
#1864=VECTOR('',#1867,1.0);
#1865=VECTOR('',#1868,1.0);
#1866=DIRECTION('',(0.12304690033673653,0.16034879734424964,-0.9793608750137888));
#1867=DIRECTION('',(-0.6087830422768121,-0.7933367553795735,0));
#1868=DIRECTION('',(0,0,1));
#1869=FACE_SURFACE('',(#1874),#1870,.T.);
#1870=PLANE('',#1871);
#1871=AXIS2_PLACEMENT_3D('',#45,#1872,#1873);
#1872=DIRECTION('',(-0.9238845490491588,0.3826713211467935,0));
#1873=DIRECTION('',(0,0,-1));
#1874=FACE_BOUND('',#1875,.T.);
#1875=EDGE_LOOP('',(#1876,#1877,#1878));
#1876=ORIENTED_EDGE('',*,*,#1879,.T.);
#1877=ORIENTED_EDGE('',*,*,#1880,.T.);
#1878=ORIENTED_EDGE('',*,*,#1881,.T.);
#1879=EDGE_CURVE('',#46,#134,#1882,.F.);
#1880=EDGE_CURVE('',#134,#44,#1883,.T.);
#1881=EDGE_CURVE('',#44,#46,#1884,.T.);
#1882=LINE('',#45,#1885);
#1883=LINE('',#133,#1886);
#1884=LINE('',#43,#1887);
#1885=VECTOR('',#1888,1.0);
#1886=VECTOR('',#1889,1.0);
#1887=VECTOR('',#1890,1.0);
#1888=DIRECTION('',(0,0,-1));
#1889=DIRECTION('',(-0.07734597654970787,-0.18673662936445126,0.9793605215471858));
#1890=DIRECTION('',(0.3826713211467935,0.9238845490491588,0));
#1891=FACE_SURFACE('',(#1896),#1892,.T.);
#1892=PLANE('',#1893);
#1893=AXIS2_PLACEMENT_3D('',#43,#1894,#1895);
#1894=DIRECTION('',(-0.9238845490491588,0.3826713211467935,0));
#1895=DIRECTION('',(0.07734597654970787,0.18673662936445126,-0.9793605215471858));
#1896=FACE_BOUND('',#1897,.T.);
#1897=EDGE_LOOP('',(#1898,#1899,#1900));
#1898=ORIENTED_EDGE('',*,*,#1901,.T.);
#1899=ORIENTED_EDGE('',*,*,#1902,.T.);
#1900=ORIENTED_EDGE('',*,*,#1903,.T.);
#1901=EDGE_CURVE('',#44,#134,#1904,.F.);
#1902=EDGE_CURVE('',#134,#136,#1905,.T.);
#1903=EDGE_CURVE('',#136,#44,#1906,.T.);
#1904=LINE('',#43,#1907);
#1905=LINE('',#133,#1908);
#1906=LINE('',#135,#1909);
#1907=VECTOR('',#1910,1.0);
#1908=VECTOR('',#1911,1.0);
#1909=VECTOR('',#1912,1.0);
#1910=DIRECTION('',(0.07734597654970787,0.18673662936445126,-0.9793605215471858));
#1911=DIRECTION('',(-0.3826713211467935,-0.9238845490491588,0));
#1912=DIRECTION('',(0,0,1));
#1913=FACE_SURFACE('',(#1918),#1914,.T.);
#1914=PLANE('',#1915);
#1915=AXIS2_PLACEMENT_3D('',#139,#1916,#1917);
#1916=DIRECTION('',(-0.991446245477033,-0.13051567848153253,0));
#1917=DIRECTION('',(0,0,1));
#1918=FACE_BOUND('',#1919,.T.);
#1919=EDGE_LOOP('',(#1920,#1921,#1922));
#1920=ORIENTED_EDGE('',*,*,#1923,.T.);
#1921=ORIENTED_EDGE('',*,*,#1924,.T.);
#1922=ORIENTED_EDGE('',*,*,#1925,.T.);
#1923=EDGE_CURVE('',#140,#232,#1926,.F.);
#1924=EDGE_CURVE('',#232,#138,#1927,.T.);
#1925=EDGE_CURVE('',#138,#140,#1928,.T.);
#1926=LINE('',#139,#1929);
#1927=LINE('',#231,#1930);
#1928=LINE('',#137,#1931);
#1929=VECTOR('',#1932,1.0);
#1930=VECTOR('',#1933,1.0);
#1931=VECTOR('',#1934,1.0);
#1932=DIRECTION('',(0,0,1));
#1933=DIRECTION('',(-0.08308941102879157,0.631178457345641,-0.771174367285159));
#1934=DIRECTION('',(0.13051567848153253,-0.991446245477033,0));
#1935=FACE_SURFACE('',(#1940),#1936,.T.);
#1936=PLANE('',#1937);
#1937=AXIS2_PLACEMENT_3D('',#137,#1938,#1939);
#1938=DIRECTION('',(-0.991446245477033,-0.13051567848153253,0));
#1939=DIRECTION('',(0.08308941102879157,-0.631178457345641,0.771174367285159));
#1940=FACE_BOUND('',#1941,.T.);
#1941=EDGE_LOOP('',(#1942,#1943,#1944));
#1942=ORIENTED_EDGE('',*,*,#1945,.T.);
#1943=ORIENTED_EDGE('',*,*,#1946,.T.);
#1944=ORIENTED_EDGE('',*,*,#1947,.T.);
#1945=EDGE_CURVE('',#138,#232,#1948,.F.);
#1946=EDGE_CURVE('',#232,#186,#1949,.T.);
#1947=EDGE_CURVE('',#186,#138,#1950,.T.);
#1948=LINE('',#137,#1951);
#1949=LINE('',#231,#1952);
#1950=LINE('',#185,#1953);
#1951=VECTOR('',#1954,1.0);
#1952=VECTOR('',#1955,1.0);
#1953=VECTOR('',#1956,1.0);
#1954=DIRECTION('',(0.08308941102879157,-0.631178457345641,0.771174367285159));
#1955=DIRECTION('',(-0.13051567848153253,0.991446245477033,0));
#1956=DIRECTION('',(0,0,-1));
#1957=FACE_SURFACE('',(#1962),#1958,.T.);
#1958=PLANE('',#1959);
#1959=AXIS2_PLACEMENT_3D('',#137,#1960,#1961);
#1960=DIRECTION('',(-0.9914462454770343,0.13051567848152362,0));
#1961=DIRECTION('',(0,0,1));
#1962=FACE_BOUND('',#1963,.T.);
#1963=EDGE_LOOP('',(#1964,#1965,#1966));
#1964=ORIENTED_EDGE('',*,*,#1967,.T.);
#1965=ORIENTED_EDGE('',*,*,#1968,.T.);
#1966=ORIENTED_EDGE('',*,*,#1969,.T.);
#1967=EDGE_CURVE('',#138,#186,#1970,.F.);
#1968=EDGE_CURVE('',#186,#184,#1971,.T.);
#1969=EDGE_CURVE('',#184,#138,#1972,.T.);
#1970=LINE('',#137,#1973);
#1971=LINE('',#185,#1974);
#1972=LINE('',#183,#1975);
#1973=VECTOR('',#1976,1.0);
#1974=VECTOR('',#1977,1.0);
#1975=VECTOR('',#1978,1.0);
#1976=DIRECTION('',(0,0,1));
#1977=DIRECTION('',(0.08308941102878926,0.6311784573456674,-0.7711743672851376));
#1978=DIRECTION('',(-0.13051567848152362,-0.9914462454770343,0));
#1979=FACE_SURFACE('',(#1984),#1980,.T.);
#1980=PLANE('',#1981);
#1981=AXIS2_PLACEMENT_3D('',#183,#1982,#1983);
#1982=DIRECTION('',(-0.9914462454770343,0.13051567848152362,0));
#1983=DIRECTION('',(-0.08308941102878926,-0.6311784573456674,0.7711743672851376));
#1984=FACE_BOUND('',#1985,.T.);
#1985=EDGE_LOOP('',(#1986,#1987,#1988));
#1986=ORIENTED_EDGE('',*,*,#1989,.T.);
#1987=ORIENTED_EDGE('',*,*,#1990,.T.);
#1988=ORIENTED_EDGE('',*,*,#1991,.T.);
#1989=EDGE_CURVE('',#184,#186,#1992,.F.);
#1990=EDGE_CURVE('',#186,#188,#1993,.T.);
#1991=EDGE_CURVE('',#188,#184,#1994,.T.);
#1992=LINE('',#183,#1995);
#1993=LINE('',#185,#1996);
#1994=LINE('',#187,#1997);
#1995=VECTOR('',#1998,1.0);
#1996=VECTOR('',#1999,1.0);
#1997=VECTOR('',#2000,1.0);
#1998=DIRECTION('',(-0.08308941102878926,-0.6311784573456674,0.7711743672851376));
#1999=DIRECTION('',(0.13051567848152362,0.9914462454770343,0));
#2000=DIRECTION('',(0,0,-1));
#2001=FACE_SURFACE('',(#2006),#2002,.T.);
#2002=PLANE('',#2003);
#2003=AXIS2_PLACEMENT_3D('',#183,#2004,#2005);
#2004=DIRECTION('',(-0.9238845490491588,0.3826713211467935,0));
#2005=DIRECTION('',(0,0,1));
#2006=FACE_BOUND('',#2007,.T.);
#2007=EDGE_LOOP('',(#2008,#2009,#2010));
#2008=ORIENTED_EDGE('',*,*,#2011,.T.);
#2009=ORIENTED_EDGE('',*,*,#2012,.T.);
#2010=ORIENTED_EDGE('',*,*,#2013,.T.);
#2011=EDGE_CURVE('',#184,#188,#2014,.F.);
#2012=EDGE_CURVE('',#188,#182,#2015,.T.);
#2013=EDGE_CURVE('',#182,#184,#2016,.T.);
#2014=LINE('',#183,#2017);
#2015=LINE('',#187,#2018);
#2016=LINE('',#181,#2019);
#2017=VECTOR('',#2020,1.0);
#2018=VECTOR('',#2021,1.0);
#2019=VECTOR('',#2022,1.0);
#2020=DIRECTION('',(0,0,1));
#2021=DIRECTION('',(0.24361734015482897,0.5881660945351083,-0.7711752309398976));
#2022=DIRECTION('',(-0.3826713211467935,-0.9238845490491588,0));
#2023=FACE_SURFACE('',(#2028),#2024,.T.);
#2024=PLANE('',#2025);
#2025=AXIS2_PLACEMENT_3D('',#181,#2026,#2027);
#2026=DIRECTION('',(-0.9238845490491588,0.3826713211467935,0));
#2027=DIRECTION('',(-0.24361734015482897,-0.5881660945351083,0.7711752309398976));
#2028=FACE_BOUND('',#2029,.T.);
#2029=EDGE_LOOP('',(#2030,#2031,#2032));
#2030=ORIENTED_EDGE('',*,*,#2033,.T.);
#2031=ORIENTED_EDGE('',*,*,#2034,.T.);
#2032=ORIENTED_EDGE('',*,*,#2035,.T.);
#2033=EDGE_CURVE('',#182,#188,#2036,.F.);
#2034=EDGE_CURVE('',#188,#190,#2037,.T.);
#2035=EDGE_CURVE('',#190,#182,#2038,.T.);
#2036=LINE('',#181,#2039);
#2037=LINE('',#187,#2040);
#2038=LINE('',#189,#2041);
#2039=VECTOR('',#2042,1.0);
#2040=VECTOR('',#2043,1.0);
#2041=VECTOR('',#2044,1.0);
#2042=DIRECTION('',(-0.24361734015482897,-0.5881660945351083,0.7711752309398976));
#2043=DIRECTION('',(0.3826713211467935,0.9238845490491588,0));
#2044=DIRECTION('',(0,0,-1));
#2045=FACE_SURFACE('',(#2050),#2046,.T.);
#2046=PLANE('',#2047);
#2047=AXIS2_PLACEMENT_3D('',#181,#2048,#2049);
#2048=DIRECTION('',(-0.7933367553795735,0.6087830422768121,0));
#2049=DIRECTION('',(0,0,1));
#2050=FACE_BOUND('',#2051,.T.);
#2051=EDGE_LOOP('',(#2052,#2053,#2054));
#2052=ORIENTED_EDGE('',*,*,#2055,.T.);
#2053=ORIENTED_EDGE('',*,*,#2056,.T.);
#2054=ORIENTED_EDGE('',*,*,#2057,.T.);
#2055=EDGE_CURVE('',#182,#190,#2058,.F.);
#2056=EDGE_CURVE('',#190,#180,#2059,.T.);
#2057=EDGE_CURVE('',#180,#182,#2060,.T.);
#2058=LINE('',#181,#2061);
#2059=LINE('',#189,#2062);
#2060=LINE('',#179,#2063);
#2061=VECTOR('',#2064,1.0);
#2062=VECTOR('',#2065,1.0);
#2063=VECTOR('',#2066,1.0);
#2064=DIRECTION('',(0,0,1));
#2065=DIRECTION('',(0.3875632117427416,0.5050537212051125,-0.7711779921655696));
#2066=DIRECTION('',(-0.6087830422768121,-0.7933367553795735,0));
#2067=FACE_SURFACE('',(#2072),#2068,.T.);
#2068=PLANE('',#2069);
#2069=AXIS2_PLACEMENT_3D('',#179,#2070,#2071);
#2070=DIRECTION('',(-0.7933367553795735,0.6087830422768121,0));
#2071=DIRECTION('',(-0.3875632117427416,-0.5050537212051125,0.7711779921655696));
#2072=FACE_BOUND('',#2073,.T.);
#2073=EDGE_LOOP('',(#2074,#2075,#2076));
#2074=ORIENTED_EDGE('',*,*,#2077,.T.);
#2075=ORIENTED_EDGE('',*,*,#2078,.T.);
#2076=ORIENTED_EDGE('',*,*,#2079,.T.);
#2077=EDGE_CURVE('',#180,#190,#2080,.F.);
#2078=EDGE_CURVE('',#190,#192,#2081,.T.);
#2079=EDGE_CURVE('',#192,#180,#2082,.T.);
#2080=LINE('',#179,#2083);
#2081=LINE('',#189,#2084);
#2082=LINE('',#191,#2085);
#2083=VECTOR('',#2086,1.0);
#2084=VECTOR('',#2087,1.0);
#2085=VECTOR('',#2088,1.0);
#2086=DIRECTION('',(-0.3875632117427416,-0.5050537212051125,0.7711779921655696));
#2087=DIRECTION('',(0.6087830422768121,0.7933367553795735,0));
#2088=DIRECTION('',(0,0,-1));
#2089=FACE_SURFACE('',(#2094),#2090,.T.);
#2090=PLANE('',#2091);
#2091=AXIS2_PLACEMENT_3D('',#179,#2092,#2093);
#2092=DIRECTION('',(-0.6087830422768121,0.7933367553795735,0));
#2093=DIRECTION('',(0,0,1));
#2094=FACE_BOUND('',#2095,.T.);
#2095=EDGE_LOOP('',(#2096,#2097,#2098));
#2096=ORIENTED_EDGE('',*,*,#2099,.T.);
#2097=ORIENTED_EDGE('',*,*,#2100,.T.);
#2098=ORIENTED_EDGE('',*,*,#2101,.T.);
#2099=EDGE_CURVE('',#180,#192,#2102,.F.);
#2100=EDGE_CURVE('',#192,#178,#2103,.T.);
#2101=EDGE_CURVE('',#178,#180,#2104,.T.);
#2102=LINE('',#179,#2105);
#2103=LINE('',#191,#2106);
#2104=LINE('',#177,#2107);
#2105=VECTOR('',#2108,1.0);
#2106=VECTOR('',#2109,1.0);
#2107=VECTOR('',#2110,1.0);
#2108=DIRECTION('',(0,0,1));
#2109=DIRECTION('',(0.5050537212051125,0.3875632117427416,-0.7711779921655696));
#2110=DIRECTION('',(-0.7933367553795735,-0.6087830422768121,0));
#2111=FACE_SURFACE('',(#2116),#2112,.T.);
#2112=PLANE('',#2113);
#2113=AXIS2_PLACEMENT_3D('',#177,#2114,#2115);
#2114=DIRECTION('',(-0.6087830422768121,0.7933367553795735,0));
#2115=DIRECTION('',(-0.5050537212051125,-0.3875632117427416,0.7711779921655696));
#2116=FACE_BOUND('',#2117,.T.);
#2117=EDGE_LOOP('',(#2118,#2119,#2120));
#2118=ORIENTED_EDGE('',*,*,#2121,.T.);
#2119=ORIENTED_EDGE('',*,*,#2122,.T.);
#2120=ORIENTED_EDGE('',*,*,#2123,.T.);
#2121=EDGE_CURVE('',#178,#192,#2124,.F.);
#2122=EDGE_CURVE('',#192,#194,#2125,.T.);
#2123=EDGE_CURVE('',#194,#178,#2126,.T.);
#2124=LINE('',#177,#2127);
#2125=LINE('',#191,#2128);
#2126=LINE('',#193,#2129);
#2127=VECTOR('',#2130,1.0);
#2128=VECTOR('',#2131,1.0);
#2129=VECTOR('',#2132,1.0);
#2130=DIRECTION('',(-0.5050537212051125,-0.3875632117427416,0.7711779921655696));
#2131=DIRECTION('',(0.7933367553795735,0.6087830422768121,0));
#2132=DIRECTION('',(0,0,-1));
#2133=FACE_SURFACE('',(#2138),#2134,.T.);
#2134=PLANE('',#2135);
#2135=AXIS2_PLACEMENT_3D('',#177,#2136,#2137);
#2136=DIRECTION('',(-0.3826713211467935,0.9238845490491588,0));
#2137=DIRECTION('',(0,0,1));
#2138=FACE_BOUND('',#2139,.T.);
#2139=EDGE_LOOP('',(#2140,#2141,#2142));
#2140=ORIENTED_EDGE('',*,*,#2143,.T.);
#2141=ORIENTED_EDGE('',*,*,#2144,.T.);
#2142=ORIENTED_EDGE('',*,*,#2145,.T.);
#2143=EDGE_CURVE('',#178,#194,#2146,.F.);
#2144=EDGE_CURVE('',#194,#176,#2147,.T.);
#2145=EDGE_CURVE('',#176,#178,#2148,.T.);
#2146=LINE('',#177,#2149);
#2147=LINE('',#193,#2150);
#2148=LINE('',#175,#2151);
#2149=VECTOR('',#2152,1.0);
#2150=VECTOR('',#2153,1.0);
#2151=VECTOR('',#2154,1.0);
#2152=DIRECTION('',(0,0,1));
#2153=DIRECTION('',(0.5881660945351083,0.24361734015482897,-0.7711752309398976));
#2154=DIRECTION('',(-0.9238845490491588,-0.3826713211467935,0));
#2155=FACE_SURFACE('',(#2160),#2156,.T.);
#2156=PLANE('',#2157);
#2157=AXIS2_PLACEMENT_3D('',#175,#2158,#2159);
#2158=DIRECTION('',(-0.3826713211467935,0.9238845490491588,0));
#2159=DIRECTION('',(-0.5881660945351083,-0.24361734015482897,0.7711752309398976));
#2160=FACE_BOUND('',#2161,.T.);
#2161=EDGE_LOOP('',(#2162,#2163,#2164));
#2162=ORIENTED_EDGE('',*,*,#2165,.T.);
#2163=ORIENTED_EDGE('',*,*,#2166,.T.);
#2164=ORIENTED_EDGE('',*,*,#2167,.T.);
#2165=EDGE_CURVE('',#176,#194,#2168,.F.);
#2166=EDGE_CURVE('',#194,#196,#2169,.T.);
#2167=EDGE_CURVE('',#196,#176,#2170,.T.);
#2168=LINE('',#175,#2171);
#2169=LINE('',#193,#2172);
#2170=LINE('',#195,#2173);
#2171=VECTOR('',#2174,1.0);
#2172=VECTOR('',#2175,1.0);
#2173=VECTOR('',#2176,1.0);
#2174=DIRECTION('',(-0.5881660945351083,-0.24361734015482897,0.7711752309398976));
#2175=DIRECTION('',(0.9238845490491588,0.3826713211467935,0));
#2176=DIRECTION('',(0,0,-1));
#2177=FACE_SURFACE('',(#2182),#2178,.T.);
#2178=PLANE('',#2179);
#2179=AXIS2_PLACEMENT_3D('',#175,#2180,#2181);
#2180=DIRECTION('',(-0.13051567848152362,0.9914462454770343,0));
#2181=DIRECTION('',(0,0,1));
#2182=FACE_BOUND('',#2183,.T.);
#2183=EDGE_LOOP('',(#2184,#2185,#2186));
#2184=ORIENTED_EDGE('',*,*,#2187,.T.);
#2185=ORIENTED_EDGE('',*,*,#2188,.T.);
#2186=ORIENTED_EDGE('',*,*,#2189,.T.);
#2187=EDGE_CURVE('',#176,#196,#2190,.F.);
#2188=EDGE_CURVE('',#196,#174,#2191,.T.);
#2189=EDGE_CURVE('',#174,#176,#2192,.T.);
#2190=LINE('',#175,#2193);
#2191=LINE('',#195,#2194);
#2192=LINE('',#173,#2195);
#2193=VECTOR('',#2196,1.0);
#2194=VECTOR('',#2197,1.0);
#2195=VECTOR('',#2198,1.0);
#2196=DIRECTION('',(0,0,1));
#2197=DIRECTION('',(0.6311784573456674,0.08308941102878926,-0.7711743672851376));
#2198=DIRECTION('',(-0.9914462454770343,-0.13051567848152362,0));
#2199=FACE_SURFACE('',(#2204),#2200,.T.);
#2200=PLANE('',#2201);
#2201=AXIS2_PLACEMENT_3D('',#173,#2202,#2203);
#2202=DIRECTION('',(-0.13051567848152362,0.9914462454770343,0));
#2203=DIRECTION('',(-0.6311784573456674,-0.08308941102878926,0.7711743672851376));
#2204=FACE_BOUND('',#2205,.T.);
#2205=EDGE_LOOP('',(#2206,#2207,#2208));
#2206=ORIENTED_EDGE('',*,*,#2209,.T.);
#2207=ORIENTED_EDGE('',*,*,#2210,.T.);
#2208=ORIENTED_EDGE('',*,*,#2211,.T.);
#2209=EDGE_CURVE('',#174,#196,#2212,.F.);
#2210=EDGE_CURVE('',#196,#198,#2213,.T.);
#2211=EDGE_CURVE('',#198,#174,#2214,.T.);
#2212=LINE('',#173,#2215);
#2213=LINE('',#195,#2216);
#2214=LINE('',#197,#2217);
#2215=VECTOR('',#2218,1.0);
#2216=VECTOR('',#2219,1.0);
#2217=VECTOR('',#2220,1.0);
#2218=DIRECTION('',(-0.6311784573456674,-0.08308941102878926,0.7711743672851376));
#2219=DIRECTION('',(0.9914462454770343,0.13051567848152362,0));
#2220=DIRECTION('',(0,0,-1));
#2221=FACE_SURFACE('',(#2226),#2222,.T.);
#2222=PLANE('',#2223);
#2223=AXIS2_PLACEMENT_3D('',#173,#2224,#2225);
#2224=DIRECTION('',(0.13051567848153253,0.991446245477033,-0));
#2225=DIRECTION('',(0,0,1));
#2226=FACE_BOUND('',#2227,.T.);
#2227=EDGE_LOOP('',(#2228,#2229,#2230));
#2228=ORIENTED_EDGE('',*,*,#2231,.T.);
#2229=ORIENTED_EDGE('',*,*,#2232,.T.);
#2230=ORIENTED_EDGE('',*,*,#2233,.T.);
#2231=EDGE_CURVE('',#174,#198,#2234,.F.);
#2232=EDGE_CURVE('',#198,#172,#2235,.T.);
#2233=EDGE_CURVE('',#172,#174,#2236,.T.);
#2234=LINE('',#173,#2237);
#2235=LINE('',#197,#2238);
#2236=LINE('',#171,#2239);
#2237=VECTOR('',#2240,1.0);
#2238=VECTOR('',#2241,1.0);
#2239=VECTOR('',#2242,1.0);
#2240=DIRECTION('',(0,0,1));
#2241=DIRECTION('',(0.631178457345641,-0.08308941102879157,-0.771174367285159));
#2242=DIRECTION('',(-0.991446245477033,0.13051567848153253,0));
#2243=FACE_SURFACE('',(#2248),#2244,.T.);
#2244=PLANE('',#2245);
#2245=AXIS2_PLACEMENT_3D('',#171,#2246,#2247);
#2246=DIRECTION('',(0.13051567848153253,0.991446245477033,-0));
#2247=DIRECTION('',(-0.631178457345641,0.08308941102879157,0.771174367285159));
#2248=FACE_BOUND('',#2249,.T.);
#2249=EDGE_LOOP('',(#2250,#2251,#2252));
#2250=ORIENTED_EDGE('',*,*,#2253,.T.);
#2251=ORIENTED_EDGE('',*,*,#2254,.T.);
#2252=ORIENTED_EDGE('',*,*,#2255,.T.);
#2253=EDGE_CURVE('',#172,#198,#2256,.F.);
#2254=EDGE_CURVE('',#198,#200,#2257,.T.);
#2255=EDGE_CURVE('',#200,#172,#2258,.T.);
#2256=LINE('',#171,#2259);
#2257=LINE('',#197,#2260);
#2258=LINE('',#199,#2261);
#2259=VECTOR('',#2262,1.0);
#2260=VECTOR('',#2263,1.0);
#2261=VECTOR('',#2264,1.0);
#2262=DIRECTION('',(-0.631178457345641,0.08308941102879157,0.771174367285159));
#2263=DIRECTION('',(0.991446245477033,-0.13051567848153253,0));
#2264=DIRECTION('',(0,0,-1));
#2265=FACE_SURFACE('',(#2270),#2266,.T.);
#2266=PLANE('',#2267);
#2267=AXIS2_PLACEMENT_3D('',#171,#2268,#2269);
#2268=DIRECTION('',(0.3826850261331614,0.9238788723493256,-0));
#2269=DIRECTION('',(0,0,1));
#2270=FACE_BOUND('',#2271,.T.);
#2271=EDGE_LOOP('',(#2272,#2273,#2274));
#2272=ORIENTED_EDGE('',*,*,#2275,.T.);
#2273=ORIENTED_EDGE('',*,*,#2276,.T.);
#2274=ORIENTED_EDGE('',*,*,#2277,.T.);
#2275=EDGE_CURVE('',#172,#200,#2278,.F.);
#2276=EDGE_CURVE('',#200,#170,#2279,.T.);
#2277=EDGE_CURVE('',#170,#172,#2280,.T.);
#2278=LINE('',#171,#2281);
#2279=LINE('',#199,#2282);
#2280=LINE('',#169,#2283);
#2281=VECTOR('',#2284,1.0);
#2282=VECTOR('',#2285,1.0);
#2283=VECTOR('',#2286,1.0);
#2284=DIRECTION('',(0,0,1));
#2285=DIRECTION('',(0.5881499535318933,-0.24362087614930025,-0.7711864241963022));
#2286=DIRECTION('',(-0.9238788723493256,0.3826850261331614,0));
#2287=FACE_SURFACE('',(#2292),#2288,.T.);
#2288=PLANE('',#2289);
#2289=AXIS2_PLACEMENT_3D('',#169,#2290,#2291);
#2290=DIRECTION('',(0.3826850261331614,0.9238788723493256,-0));
#2291=DIRECTION('',(-0.5881499535318933,0.24362087614930025,0.7711864241963022));
#2292=FACE_BOUND('',#2293,.T.);
#2293=EDGE_LOOP('',(#2294,#2295,#2296));
#2294=ORIENTED_EDGE('',*,*,#2297,.T.);
#2295=ORIENTED_EDGE('',*,*,#2298,.T.);
#2296=ORIENTED_EDGE('',*,*,#2299,.T.);
#2297=EDGE_CURVE('',#170,#200,#2300,.F.);
#2298=EDGE_CURVE('',#200,#202,#2301,.T.);
#2299=EDGE_CURVE('',#202,#170,#2302,.T.);
#2300=LINE('',#169,#2303);
#2301=LINE('',#199,#2304);
#2302=LINE('',#201,#2305);
#2303=VECTOR('',#2306,1.0);
#2304=VECTOR('',#2307,1.0);
#2305=VECTOR('',#2308,1.0);
#2306=DIRECTION('',(-0.5881499535318933,0.24362087614930025,0.7711864241963022));
#2307=DIRECTION('',(0.9238788723493256,-0.3826850261331614,0));
#2308=DIRECTION('',(0,0,-1));
#2309=FACE_SURFACE('',(#2314),#2310,.T.);
#2310=PLANE('',#2311);
#2311=AXIS2_PLACEMENT_3D('',#169,#2312,#2313);
#2312=DIRECTION('',(0.6087643210068818,0.7933511211746223,-0));
#2313=DIRECTION('',(0,0,1));
#2314=FACE_BOUND('',#2315,.T.);
#2315=EDGE_LOOP('',(#2316,#2317,#2318));
#2316=ORIENTED_EDGE('',*,*,#2319,.T.);
#2317=ORIENTED_EDGE('',*,*,#2320,.T.);
#2318=ORIENTED_EDGE('',*,*,#2321,.T.);
#2319=EDGE_CURVE('',#170,#202,#2322,.F.);
#2320=EDGE_CURVE('',#202,#168,#2323,.T.);
#2321=EDGE_CURVE('',#168,#170,#2324,.T.);
#2322=LINE('',#169,#2325);
#2323=LINE('',#201,#2326);
#2324=LINE('',#167,#2327);
#2325=VECTOR('',#2328,1.0);
#2326=VECTOR('',#2329,1.0);
#2327=VECTOR('',#2330,1.0);
#2328=DIRECTION('',(0,0,1));
#2329=DIRECTION('',(0.5050721037888047,-0.3875583812968895,-0.7711683804856666));
#2330=DIRECTION('',(-0.7933511211746223,0.6087643210068818,0));
#2331=FACE_SURFACE('',(#2336),#2332,.T.);
#2332=PLANE('',#2333);
#2333=AXIS2_PLACEMENT_3D('',#167,#2334,#2335);
#2334=DIRECTION('',(0.6087643210068818,0.7933511211746223,-0));
#2335=DIRECTION('',(-0.5050721037888047,0.3875583812968895,0.7711683804856666));
#2336=FACE_BOUND('',#2337,.T.);
#2337=EDGE_LOOP('',(#2338,#2339,#2340));
#2338=ORIENTED_EDGE('',*,*,#2341,.T.);
#2339=ORIENTED_EDGE('',*,*,#2342,.T.);
#2340=ORIENTED_EDGE('',*,*,#2343,.T.);
#2341=EDGE_CURVE('',#168,#202,#2344,.F.);
#2342=EDGE_CURVE('',#202,#204,#2345,.T.);
#2343=EDGE_CURVE('',#204,#168,#2346,.T.);
#2344=LINE('',#167,#2347);
#2345=LINE('',#201,#2348);
#2346=LINE('',#203,#2349);
#2347=VECTOR('',#2350,1.0);
#2348=VECTOR('',#2351,1.0);
#2349=VECTOR('',#2352,1.0);
#2350=DIRECTION('',(-0.5050721037888047,0.3875583812968895,0.7711683804856666));
#2351=DIRECTION('',(0.7933511211746223,-0.6087643210068818,0));
#2352=DIRECTION('',(0,0,-1));
#2353=FACE_SURFACE('',(#2358),#2354,.T.);
#2354=PLANE('',#2355);
#2355=AXIS2_PLACEMENT_3D('',#167,#2356,#2357);
#2356=DIRECTION('',(0.7933554771223792,0.6087586442260364,-0));
#2357=DIRECTION('',(0,0,1));
#2358=FACE_BOUND('',#2359,.T.);
#2359=EDGE_LOOP('',(#2360,#2361,#2362));
#2360=ORIENTED_EDGE('',*,*,#2363,.T.);
#2361=ORIENTED_EDGE('',*,*,#2364,.T.);
#2362=ORIENTED_EDGE('',*,*,#2365,.T.);
#2363=EDGE_CURVE('',#168,#204,#2366,.F.);
#2364=EDGE_CURVE('',#204,#166,#2367,.T.);
#2365=EDGE_CURVE('',#166,#168,#2368,.T.);
#2366=LINE('',#167,#2369);
#2367=LINE('',#203,#2370);
#2368=LINE('',#165,#2371);
#2369=VECTOR('',#2372,1.0);
#2370=VECTOR('',#2373,1.0);
#2371=VECTOR('',#2374,1.0);
#2372=DIRECTION('',(0,0,1));
#2373=DIRECTION('',(0.3875422404654066,-0.5050585515387718,-0.7711853677116877));
#2374=DIRECTION('',(-0.6087586442260364,0.7933554771223792,0));
#2375=FACE_SURFACE('',(#2380),#2376,.T.);
#2376=PLANE('',#2377);
#2377=AXIS2_PLACEMENT_3D('',#165,#2378,#2379);
#2378=DIRECTION('',(0.7933554771223792,0.6087586442260364,-0));
#2379=DIRECTION('',(-0.3875422404654066,0.5050585515387718,0.7711853677116877));
#2380=FACE_BOUND('',#2381,.T.);
#2381=EDGE_LOOP('',(#2382,#2383,#2384));
#2382=ORIENTED_EDGE('',*,*,#2385,.T.);
#2383=ORIENTED_EDGE('',*,*,#2386,.T.);
#2384=ORIENTED_EDGE('',*,*,#2387,.T.);
#2385=EDGE_CURVE('',#166,#204,#2388,.F.);
#2386=EDGE_CURVE('',#204,#206,#2389,.T.);
#2387=EDGE_CURVE('',#206,#166,#2390,.T.);
#2388=LINE('',#165,#2391);
#2389=LINE('',#203,#2392);
#2390=LINE('',#205,#2393);
#2391=VECTOR('',#2394,1.0);
#2392=VECTOR('',#2395,1.0);
#2393=VECTOR('',#2396,1.0);
#2394=DIRECTION('',(-0.3875422404654066,0.5050585515387718,0.7711853677116877));
#2395=DIRECTION('',(0.6087586442260364,-0.7933554771223792,0));
#2396=DIRECTION('',(0,0,-1));
#2397=FACE_SURFACE('',(#2402),#2398,.T.);
#2398=PLANE('',#2399);
#2399=AXIS2_PLACEMENT_3D('',#165,#2400,#2401);
#2400=DIRECTION('',(0.9238845490491588,0.3826713211467935,-0));
#2401=DIRECTION('',(0,0,1));
#2402=FACE_BOUND('',#2403,.T.);
#2403=EDGE_LOOP('',(#2404,#2405,#2406));
#2404=ORIENTED_EDGE('',*,*,#2407,.T.);
#2405=ORIENTED_EDGE('',*,*,#2408,.T.);
#2406=ORIENTED_EDGE('',*,*,#2409,.T.);
#2407=EDGE_CURVE('',#166,#206,#2410,.F.);
#2408=EDGE_CURVE('',#206,#164,#2411,.T.);
#2409=EDGE_CURVE('',#164,#166,#2412,.T.);
#2410=LINE('',#165,#2413);
#2411=LINE('',#205,#2414);
#2412=LINE('',#163,#2415);
#2413=VECTOR('',#2416,1.0);
#2414=VECTOR('',#2417,1.0);
#2415=VECTOR('',#2418,1.0);
#2416=DIRECTION('',(0,0,1));
#2417=DIRECTION('',(0.24361734015482897,-0.5881660945351083,-0.7711752309398976));
#2418=DIRECTION('',(-0.3826713211467935,0.9238845490491588,0));
#2419=FACE_SURFACE('',(#2424),#2420,.T.);
#2420=PLANE('',#2421);
#2421=AXIS2_PLACEMENT_3D('',#163,#2422,#2423);
#2422=DIRECTION('',(0.9238845490491588,0.3826713211467935,-0));
#2423=DIRECTION('',(-0.24361734015482897,0.5881660945351083,0.7711752309398976));
#2424=FACE_BOUND('',#2425,.T.);
#2425=EDGE_LOOP('',(#2426,#2427,#2428));
#2426=ORIENTED_EDGE('',*,*,#2429,.T.);
#2427=ORIENTED_EDGE('',*,*,#2430,.T.);
#2428=ORIENTED_EDGE('',*,*,#2431,.T.);
#2429=EDGE_CURVE('',#164,#206,#2432,.F.);
#2430=EDGE_CURVE('',#206,#208,#2433,.T.);
#2431=EDGE_CURVE('',#208,#164,#2434,.T.);
#2432=LINE('',#163,#2435);
#2433=LINE('',#205,#2436);
#2434=LINE('',#207,#2437);
#2435=VECTOR('',#2438,1.0);
#2436=VECTOR('',#2439,1.0);
#2437=VECTOR('',#2440,1.0);
#2438=DIRECTION('',(-0.24361734015482897,0.5881660945351083,0.7711752309398976));
#2439=DIRECTION('',(0.3826713211467935,-0.9238845490491588,0));
#2440=DIRECTION('',(0,0,-1));
#2441=FACE_SURFACE('',(#2446),#2442,.T.);
#2442=PLANE('',#2443);
#2443=AXIS2_PLACEMENT_3D('',#163,#2444,#2445);
#2444=DIRECTION('',(0.9914412288407118,0.13055378108204757,-0));
#2445=DIRECTION('',(0,0,1));
#2446=FACE_BOUND('',#2447,.T.);
#2447=EDGE_LOOP('',(#2448,#2449,#2450));
#2448=ORIENTED_EDGE('',*,*,#2451,.T.);
#2449=ORIENTED_EDGE('',*,*,#2452,.T.);
#2450=ORIENTED_EDGE('',*,*,#2453,.T.);
#2451=EDGE_CURVE('',#164,#208,#2454,.F.);
#2452=EDGE_CURVE('',#208,#162,#2455,.T.);
#2453=EDGE_CURVE('',#162,#164,#2456,.T.);
#2454=LINE('',#163,#2457);
#2455=LINE('',#207,#2458);
#2456=LINE('',#161,#2459);
#2457=VECTOR('',#2460,1.0);
#2458=VECTOR('',#2461,1.0);
#2459=VECTOR('',#2462,1.0);
#2460=DIRECTION('',(0,0,1));
#2461=DIRECTION('',(0.08311391816282626,-0.6311771629603916,-0.7711727858041246));
#2462=DIRECTION('',(-0.13055378108204757,0.9914412288407118,0));
#2463=FACE_SURFACE('',(#2468),#2464,.T.);
#2464=PLANE('',#2465);
#2465=AXIS2_PLACEMENT_3D('',#161,#2466,#2467);
#2466=DIRECTION('',(0.9914412288407118,0.13055378108204757,-0));
#2467=DIRECTION('',(-0.08311391816282626,0.6311771629603916,0.7711727858041246));
#2468=FACE_BOUND('',#2469,.T.);
#2469=EDGE_LOOP('',(#2470,#2471,#2472));
#2470=ORIENTED_EDGE('',*,*,#2473,.T.);
#2471=ORIENTED_EDGE('',*,*,#2474,.T.);
#2472=ORIENTED_EDGE('',*,*,#2475,.T.);
#2473=EDGE_CURVE('',#162,#208,#2476,.F.);
#2474=EDGE_CURVE('',#208,#210,#2477,.T.);
#2475=EDGE_CURVE('',#210,#162,#2478,.T.);
#2476=LINE('',#161,#2479);
#2477=LINE('',#207,#2480);
#2478=LINE('',#209,#2481);
#2479=VECTOR('',#2482,1.0);
#2480=VECTOR('',#2483,1.0);
#2481=VECTOR('',#2484,1.0);
#2482=DIRECTION('',(-0.08311391816282626,0.6311771629603916,0.7711727858041246));
#2483=DIRECTION('',(0.13055378108204757,-0.9914412288407118,0));
#2484=DIRECTION('',(0,0,-1));
#2485=FACE_SURFACE('',(#2490),#2486,.T.);
#2486=PLANE('',#2487);
#2487=AXIS2_PLACEMENT_3D('',#161,#2488,#2489);
#2488=DIRECTION('',(0.9914412288407107,-0.1305537810820565,0));
#2489=DIRECTION('',(0,0,1));
#2490=FACE_BOUND('',#2491,.T.);
#2491=EDGE_LOOP('',(#2492,#2493,#2494));
#2492=ORIENTED_EDGE('',*,*,#2495,.T.);
#2493=ORIENTED_EDGE('',*,*,#2496,.T.);
#2494=ORIENTED_EDGE('',*,*,#2497,.T.);
#2495=EDGE_CURVE('',#162,#210,#2498,.F.);
#2496=EDGE_CURVE('',#210,#160,#2499,.T.);
#2497=EDGE_CURVE('',#160,#162,#2500,.T.);
#2498=LINE('',#161,#2501);
#2499=LINE('',#209,#2502);
#2500=LINE('',#159,#2503);
#2501=VECTOR('',#2504,1.0);
#2502=VECTOR('',#2505,1.0);
#2503=VECTOR('',#2506,1.0);
#2504=DIRECTION('',(0,0,1));
#2505=DIRECTION('',(-0.08311391816282857,-0.6311771629603653,-0.771172785804146));
#2506=DIRECTION('',(0.1305537810820565,0.9914412288407107,0));
#2507=FACE_SURFACE('',(#2512),#2508,.T.);
#2508=PLANE('',#2509);
#2509=AXIS2_PLACEMENT_3D('',#159,#2510,#2511);
#2510=DIRECTION('',(0.9914412288407107,-0.1305537810820565,0));
#2511=DIRECTION('',(0.08311391816282857,0.6311771629603653,0.771172785804146));
#2512=FACE_BOUND('',#2513,.T.);
#2513=EDGE_LOOP('',(#2514,#2515,#2516));
#2514=ORIENTED_EDGE('',*,*,#2517,.T.);
#2515=ORIENTED_EDGE('',*,*,#2518,.T.);
#2516=ORIENTED_EDGE('',*,*,#2519,.T.);
#2517=EDGE_CURVE('',#160,#210,#2520,.F.);
#2518=EDGE_CURVE('',#210,#212,#2521,.T.);
#2519=EDGE_CURVE('',#212,#160,#2522,.T.);
#2520=LINE('',#159,#2523);
#2521=LINE('',#209,#2524);
#2522=LINE('',#211,#2525);
#2523=VECTOR('',#2526,1.0);
#2524=VECTOR('',#2527,1.0);
#2525=VECTOR('',#2528,1.0);
#2526=DIRECTION('',(0.08311391816282857,0.6311771629603653,0.771172785804146));
#2527=DIRECTION('',(-0.1305537810820565,-0.9914412288407107,0));
#2528=DIRECTION('',(0,0,-1));
#2529=FACE_SURFACE('',(#2534),#2530,.T.);
#2530=PLANE('',#2531);
#2531=AXIS2_PLACEMENT_3D('',#159,#2532,#2533);
#2532=DIRECTION('',(0.9238788723493256,-0.3826850261331614,0));
#2533=DIRECTION('',(0,0,1));
#2534=FACE_BOUND('',#2535,.T.);
#2535=EDGE_LOOP('',(#2536,#2537,#2538));
#2536=ORIENTED_EDGE('',*,*,#2539,.T.);
#2537=ORIENTED_EDGE('',*,*,#2540,.T.);
#2538=ORIENTED_EDGE('',*,*,#2541,.T.);
#2539=EDGE_CURVE('',#160,#212,#2542,.F.);
#2540=EDGE_CURVE('',#212,#158,#2543,.T.);
#2541=EDGE_CURVE('',#158,#160,#2544,.T.);
#2542=LINE('',#159,#2545);
#2543=LINE('',#211,#2546);
#2544=LINE('',#157,#2547);
#2545=VECTOR('',#2548,1.0);
#2546=VECTOR('',#2549,1.0);
#2547=VECTOR('',#2550,1.0);
#2548=DIRECTION('',(0,0,1));
#2549=DIRECTION('',(-0.24362087614930025,-0.5881499535318933,-0.7711864241963022));
#2550=DIRECTION('',(0.3826850261331614,0.9238788723493256,0));
#2551=FACE_SURFACE('',(#2556),#2552,.T.);
#2552=PLANE('',#2553);
#2553=AXIS2_PLACEMENT_3D('',#157,#2554,#2555);
#2554=DIRECTION('',(0.9238788723493256,-0.3826850261331614,0));
#2555=DIRECTION('',(0.24362087614930025,0.5881499535318933,0.7711864241963022));
#2556=FACE_BOUND('',#2557,.T.);
#2557=EDGE_LOOP('',(#2558,#2559,#2560));
#2558=ORIENTED_EDGE('',*,*,#2561,.T.);
#2559=ORIENTED_EDGE('',*,*,#2562,.T.);
#2560=ORIENTED_EDGE('',*,*,#2563,.T.);
#2561=EDGE_CURVE('',#158,#212,#2564,.F.);
#2562=EDGE_CURVE('',#212,#214,#2565,.T.);
#2563=EDGE_CURVE('',#214,#158,#2566,.T.);
#2564=LINE('',#157,#2567);
#2565=LINE('',#211,#2568);
#2566=LINE('',#213,#2569);
#2567=VECTOR('',#2570,1.0);
#2568=VECTOR('',#2571,1.0);
#2569=VECTOR('',#2572,1.0);
#2570=DIRECTION('',(0.24362087614930025,0.5881499535318933,0.7711864241963022));
#2571=DIRECTION('',(-0.3826850261331614,-0.9238788723493256,0));
#2572=DIRECTION('',(0,0,-1));
#2573=FACE_SURFACE('',(#2578),#2574,.T.);
#2574=PLANE('',#2575);
#2575=AXIS2_PLACEMENT_3D('',#157,#2576,#2577);
#2576=DIRECTION('',(0.7933698421049382,-0.6087399228228632,0));
#2577=DIRECTION('',(0,0,1));
#2578=FACE_BOUND('',#2579,.T.);
#2579=EDGE_LOOP('',(#2580,#2581,#2582));
#2580=ORIENTED_EDGE('',*,*,#2583,.T.);
#2581=ORIENTED_EDGE('',*,*,#2584,.T.);
#2582=ORIENTED_EDGE('',*,*,#2585,.T.);
#2583=EDGE_CURVE('',#158,#214,#2586,.F.);
#2584=EDGE_CURVE('',#214,#156,#2587,.T.);
#2585=EDGE_CURVE('',#156,#158,#2588,.T.);
#2586=LINE('',#157,#2589);
#2587=LINE('',#213,#2590);
#2588=LINE('',#155,#2591);
#2589=VECTOR('',#2592,1.0);
#2590=VECTOR('',#2593,1.0);
#2591=VECTOR('',#2594,1.0);
#2592=DIRECTION('',(0,0,1));
#2593=DIRECTION('',(-0.38753741018854226,-0.5050769341778626,-0.7711757557560069));
#2594=DIRECTION('',(0.6087399228228632,0.7933698421049382,0));
#2595=FACE_SURFACE('',(#2600),#2596,.T.);
#2596=PLANE('',#2597);
#2597=AXIS2_PLACEMENT_3D('',#155,#2598,#2599);
#2598=DIRECTION('',(0.7933698421049382,-0.6087399228228632,0));
#2599=DIRECTION('',(0.38753741018854226,0.5050769341778626,0.7711757557560069));
#2600=FACE_BOUND('',#2601,.T.);
#2601=EDGE_LOOP('',(#2602,#2603,#2604));
#2602=ORIENTED_EDGE('',*,*,#2605,.T.);
#2603=ORIENTED_EDGE('',*,*,#2606,.T.);
#2604=ORIENTED_EDGE('',*,*,#2607,.T.);
#2605=EDGE_CURVE('',#156,#214,#2608,.F.);
#2606=EDGE_CURVE('',#214,#216,#2609,.T.);
#2607=EDGE_CURVE('',#216,#156,#2610,.T.);
#2608=LINE('',#155,#2611);
#2609=LINE('',#213,#2612);
#2610=LINE('',#215,#2613);
#2611=VECTOR('',#2614,1.0);
#2612=VECTOR('',#2615,1.0);
#2613=VECTOR('',#2616,1.0);
#2614=DIRECTION('',(0.38753741018854226,0.5050769341778626,0.7711757557560069));
#2615=DIRECTION('',(-0.6087399228228632,-0.7933698421049382,0));
#2616=DIRECTION('',(0,0,-1));
#2617=FACE_SURFACE('',(#2622),#2618,.T.);
#2618=PLANE('',#2619);
#2619=AXIS2_PLACEMENT_3D('',#155,#2620,#2621);
#2620=DIRECTION('',(0.6087399228228632,-0.7933698421049382,0));
#2621=DIRECTION('',(0,0,1));
#2622=FACE_BOUND('',#2623,.T.);
#2623=EDGE_LOOP('',(#2624,#2625,#2626));
#2624=ORIENTED_EDGE('',*,*,#2627,.T.);
#2625=ORIENTED_EDGE('',*,*,#2628,.T.);
#2626=ORIENTED_EDGE('',*,*,#2629,.T.);
#2627=EDGE_CURVE('',#156,#216,#2630,.F.);
#2628=EDGE_CURVE('',#216,#154,#2631,.T.);
#2629=EDGE_CURVE('',#154,#156,#2632,.T.);
#2630=LINE('',#155,#2633);
#2631=LINE('',#215,#2634);
#2632=LINE('',#153,#2635);
#2633=VECTOR('',#2636,1.0);
#2634=VECTOR('',#2637,1.0);
#2635=VECTOR('',#2638,1.0);
#2636=DIRECTION('',(0,0,1));
#2637=DIRECTION('',(-0.5050769341778626,-0.38753741018854226,-0.7711757557560069));
#2638=DIRECTION('',(0.7933698421049382,0.6087399228228632,0));
#2639=FACE_SURFACE('',(#2644),#2640,.T.);
#2640=PLANE('',#2641);
#2641=AXIS2_PLACEMENT_3D('',#153,#2642,#2643);
#2642=DIRECTION('',(0.6087399228228632,-0.7933698421049382,0));
#2643=DIRECTION('',(0.5050769341778626,0.38753741018854226,0.7711757557560069));
#2644=FACE_BOUND('',#2645,.T.);
#2645=EDGE_LOOP('',(#2646,#2647,#2648));
#2646=ORIENTED_EDGE('',*,*,#2649,.T.);
#2647=ORIENTED_EDGE('',*,*,#2650,.T.);
#2648=ORIENTED_EDGE('',*,*,#2651,.T.);
#2649=EDGE_CURVE('',#154,#216,#2652,.F.);
#2650=EDGE_CURVE('',#216,#218,#2653,.T.);
#2651=EDGE_CURVE('',#218,#154,#2654,.T.);
#2652=LINE('',#153,#2655);
#2653=LINE('',#215,#2656);
#2654=LINE('',#217,#2657);
#2655=VECTOR('',#2658,1.0);
#2656=VECTOR('',#2659,1.0);
#2657=VECTOR('',#2660,1.0);
#2658=DIRECTION('',(0.5050769341778626,0.38753741018854226,0.7711757557560069));
#2659=DIRECTION('',(-0.7933698421049382,-0.6087399228228632,0));
#2660=DIRECTION('',(0,0,-1));
#2661=FACE_SURFACE('',(#2666),#2662,.T.);
#2662=PLANE('',#2663);
#2663=AXIS2_PLACEMENT_3D('',#153,#2664,#2665);
#2664=DIRECTION('',(0.3826850261331614,-0.9238788723493256,0));
#2665=DIRECTION('',(0,0,1));
#2666=FACE_BOUND('',#2667,.T.);
#2667=EDGE_LOOP('',(#2668,#2669,#2670));
#2668=ORIENTED_EDGE('',*,*,#2671,.T.);
#2669=ORIENTED_EDGE('',*,*,#2672,.T.);
#2670=ORIENTED_EDGE('',*,*,#2673,.T.);
#2671=EDGE_CURVE('',#154,#218,#2674,.F.);
#2672=EDGE_CURVE('',#218,#152,#2675,.T.);
#2673=EDGE_CURVE('',#152,#154,#2676,.T.);
#2674=LINE('',#153,#2677);
#2675=LINE('',#217,#2678);
#2676=LINE('',#151,#2679);
#2677=VECTOR('',#2680,1.0);
#2678=VECTOR('',#2681,1.0);
#2679=VECTOR('',#2682,1.0);
#2680=DIRECTION('',(0,0,1));
#2681=DIRECTION('',(-0.5881499535318933,-0.24362087614930025,-0.7711864241963022));
#2682=DIRECTION('',(0.9238788723493256,0.3826850261331614,0));
#2683=FACE_SURFACE('',(#2688),#2684,.T.);
#2684=PLANE('',#2685);
#2685=AXIS2_PLACEMENT_3D('',#151,#2686,#2687);
#2686=DIRECTION('',(0.3826850261331614,-0.9238788723493256,0));
#2687=DIRECTION('',(0.5881499535318933,0.24362087614930025,0.7711864241963022));
#2688=FACE_BOUND('',#2689,.T.);
#2689=EDGE_LOOP('',(#2690,#2691,#2692));
#2690=ORIENTED_EDGE('',*,*,#2693,.T.);
#2691=ORIENTED_EDGE('',*,*,#2694,.T.);
#2692=ORIENTED_EDGE('',*,*,#2695,.T.);
#2693=EDGE_CURVE('',#152,#218,#2696,.F.);
#2694=EDGE_CURVE('',#218,#220,#2697,.T.);
#2695=EDGE_CURVE('',#220,#152,#2698,.T.);
#2696=LINE('',#151,#2699);
#2697=LINE('',#217,#2700);
#2698=LINE('',#219,#2701);
#2699=VECTOR('',#2702,1.0);
#2700=VECTOR('',#2703,1.0);
#2701=VECTOR('',#2704,1.0);
#2702=DIRECTION('',(0.5881499535318933,0.24362087614930025,0.7711864241963022));
#2703=DIRECTION('',(-0.9238788723493256,-0.3826850261331614,0));
#2704=DIRECTION('',(0,0,-1));
#2705=FACE_SURFACE('',(#2710),#2706,.T.);
#2706=PLANE('',#2707);
#2707=AXIS2_PLACEMENT_3D('',#151,#2708,#2709);
#2708=DIRECTION('',(0.1305537810820565,-0.9914412288407107,0));
#2709=DIRECTION('',(0,0,1));
#2710=FACE_BOUND('',#2711,.T.);
#2711=EDGE_LOOP('',(#2712,#2713,#2714));
#2712=ORIENTED_EDGE('',*,*,#2715,.T.);
#2713=ORIENTED_EDGE('',*,*,#2716,.T.);
#2714=ORIENTED_EDGE('',*,*,#2717,.T.);
#2715=EDGE_CURVE('',#152,#220,#2718,.F.);
#2716=EDGE_CURVE('',#220,#150,#2719,.T.);
#2717=EDGE_CURVE('',#150,#152,#2720,.T.);
#2718=LINE('',#151,#2721);
#2719=LINE('',#219,#2722);
#2720=LINE('',#149,#2723);
#2721=VECTOR('',#2724,1.0);
#2722=VECTOR('',#2725,1.0);
#2723=VECTOR('',#2726,1.0);
#2724=DIRECTION('',(0,0,1));
#2725=DIRECTION('',(-0.6311771629603653,-0.08311391816282857,-0.771172785804146));
#2726=DIRECTION('',(0.9914412288407107,0.1305537810820565,0));
#2727=FACE_SURFACE('',(#2732),#2728,.T.);
#2728=PLANE('',#2729);
#2729=AXIS2_PLACEMENT_3D('',#149,#2730,#2731);
#2730=DIRECTION('',(0.1305537810820565,-0.9914412288407107,0));
#2731=DIRECTION('',(0.6311771629603653,0.08311391816282857,0.771172785804146));
#2732=FACE_BOUND('',#2733,.T.);
#2733=EDGE_LOOP('',(#2734,#2735,#2736));
#2734=ORIENTED_EDGE('',*,*,#2737,.T.);
#2735=ORIENTED_EDGE('',*,*,#2738,.T.);
#2736=ORIENTED_EDGE('',*,*,#2739,.T.);
#2737=EDGE_CURVE('',#150,#220,#2740,.F.);
#2738=EDGE_CURVE('',#220,#222,#2741,.T.);
#2739=EDGE_CURVE('',#222,#150,#2742,.T.);
#2740=LINE('',#149,#2743);
#2741=LINE('',#219,#2744);
#2742=LINE('',#221,#2745);
#2743=VECTOR('',#2746,1.0);
#2744=VECTOR('',#2747,1.0);
#2745=VECTOR('',#2748,1.0);
#2746=DIRECTION('',(0.6311771629603653,0.08311391816282857,0.771172785804146));
#2747=DIRECTION('',(-0.9914412288407107,-0.1305537810820565,0));
#2748=DIRECTION('',(0,0,-1));
#2749=FACE_SURFACE('',(#2754),#2750,.T.);
#2750=PLANE('',#2751);
#2751=AXIS2_PLACEMENT_3D('',#149,#2752,#2753);
#2752=DIRECTION('',(-0.13055378108204757,-0.9914412288407118,0));
#2753=DIRECTION('',(0,0,1));
#2754=FACE_BOUND('',#2755,.T.);
#2755=EDGE_LOOP('',(#2756,#2757,#2758));
#2756=ORIENTED_EDGE('',*,*,#2759,.T.);
#2757=ORIENTED_EDGE('',*,*,#2760,.T.);
#2758=ORIENTED_EDGE('',*,*,#2761,.T.);
#2759=EDGE_CURVE('',#150,#222,#2762,.F.);
#2760=EDGE_CURVE('',#222,#148,#2763,.T.);
#2761=EDGE_CURVE('',#148,#150,#2764,.T.);
#2762=LINE('',#149,#2765);
#2763=LINE('',#221,#2766);
#2764=LINE('',#147,#2767);
#2765=VECTOR('',#2768,1.0);
#2766=VECTOR('',#2769,1.0);
#2767=VECTOR('',#2770,1.0);
#2768=DIRECTION('',(0,0,1));
#2769=DIRECTION('',(-0.6311771629603916,0.08311391816282626,-0.7711727858041246));
#2770=DIRECTION('',(0.9914412288407118,-0.13055378108204757,0));
#2771=FACE_SURFACE('',(#2776),#2772,.T.);
#2772=PLANE('',#2773);
#2773=AXIS2_PLACEMENT_3D('',#147,#2774,#2775);
#2774=DIRECTION('',(-0.13055378108204757,-0.9914412288407118,0));
#2775=DIRECTION('',(0.6311771629603916,-0.08311391816282626,0.7711727858041246));
#2776=FACE_BOUND('',#2777,.T.);
#2777=EDGE_LOOP('',(#2778,#2779,#2780));
#2778=ORIENTED_EDGE('',*,*,#2781,.T.);
#2779=ORIENTED_EDGE('',*,*,#2782,.T.);
#2780=ORIENTED_EDGE('',*,*,#2783,.T.);
#2781=EDGE_CURVE('',#148,#222,#2784,.F.);
#2782=EDGE_CURVE('',#222,#224,#2785,.T.);
#2783=EDGE_CURVE('',#224,#148,#2786,.T.);
#2784=LINE('',#147,#2787);
#2785=LINE('',#221,#2788);
#2786=LINE('',#223,#2789);
#2787=VECTOR('',#2790,1.0);
#2788=VECTOR('',#2791,1.0);
#2789=VECTOR('',#2792,1.0);
#2790=DIRECTION('',(0.6311771629603916,-0.08311391816282626,0.7711727858041246));
#2791=DIRECTION('',(-0.9914412288407118,0.13055378108204757,0));
#2792=DIRECTION('',(0,0,-1));
#2793=FACE_SURFACE('',(#2798),#2794,.T.);
#2794=PLANE('',#2795);
#2795=AXIS2_PLACEMENT_3D('',#147,#2796,#2797);
#2796=DIRECTION('',(-0.3826713211467935,-0.9238845490491588,0));
#2797=DIRECTION('',(0,0,1));
#2798=FACE_BOUND('',#2799,.T.);
#2799=EDGE_LOOP('',(#2800,#2801,#2802));
#2800=ORIENTED_EDGE('',*,*,#2803,.T.);
#2801=ORIENTED_EDGE('',*,*,#2804,.T.);
#2802=ORIENTED_EDGE('',*,*,#2805,.T.);
#2803=EDGE_CURVE('',#148,#224,#2806,.F.);
#2804=EDGE_CURVE('',#224,#146,#2807,.T.);
#2805=EDGE_CURVE('',#146,#148,#2808,.T.);
#2806=LINE('',#147,#2809);
#2807=LINE('',#223,#2810);
#2808=LINE('',#145,#2811);
#2809=VECTOR('',#2812,1.0);
#2810=VECTOR('',#2813,1.0);
#2811=VECTOR('',#2814,1.0);
#2812=DIRECTION('',(0,0,1));
#2813=DIRECTION('',(-0.5881660945351083,0.24361734015482897,-0.7711752309398976));
#2814=DIRECTION('',(0.9238845490491588,-0.3826713211467935,0));
#2815=FACE_SURFACE('',(#2820),#2816,.T.);
#2816=PLANE('',#2817);
#2817=AXIS2_PLACEMENT_3D('',#145,#2818,#2819);
#2818=DIRECTION('',(-0.3826713211467935,-0.9238845490491588,0));
#2819=DIRECTION('',(0.5881660945351083,-0.24361734015482897,0.7711752309398976));
#2820=FACE_BOUND('',#2821,.T.);
#2821=EDGE_LOOP('',(#2822,#2823,#2824));
#2822=ORIENTED_EDGE('',*,*,#2825,.T.);
#2823=ORIENTED_EDGE('',*,*,#2826,.T.);
#2824=ORIENTED_EDGE('',*,*,#2827,.T.);
#2825=EDGE_CURVE('',#146,#224,#2828,.F.);
#2826=EDGE_CURVE('',#224,#226,#2829,.T.);
#2827=EDGE_CURVE('',#226,#146,#2830,.T.);
#2828=LINE('',#145,#2831);
#2829=LINE('',#223,#2832);
#2830=LINE('',#225,#2833);
#2831=VECTOR('',#2834,1.0);
#2832=VECTOR('',#2835,1.0);
#2833=VECTOR('',#2836,1.0);
#2834=DIRECTION('',(0.5881660945351083,-0.24361734015482897,0.7711752309398976));
#2835=DIRECTION('',(-0.9238845490491588,0.3826713211467935,0));
#2836=DIRECTION('',(0,0,-1));
#2837=FACE_SURFACE('',(#2842),#2838,.T.);
#2838=PLANE('',#2839);
#2839=AXIS2_PLACEMENT_3D('',#145,#2840,#2841);
#2840=DIRECTION('',(-0.6087586442260364,-0.7933554771223792,0));
#2841=DIRECTION('',(0,0,1));
#2842=FACE_BOUND('',#2843,.T.);
#2843=EDGE_LOOP('',(#2844,#2845,#2846));
#2844=ORIENTED_EDGE('',*,*,#2847,.T.);
#2845=ORIENTED_EDGE('',*,*,#2848,.T.);
#2846=ORIENTED_EDGE('',*,*,#2849,.T.);
#2847=EDGE_CURVE('',#146,#226,#2850,.F.);
#2848=EDGE_CURVE('',#226,#144,#2851,.T.);
#2849=EDGE_CURVE('',#144,#146,#2852,.T.);
#2850=LINE('',#145,#2853);
#2851=LINE('',#225,#2854);
#2852=LINE('',#143,#2855);
#2853=VECTOR('',#2856,1.0);
#2854=VECTOR('',#2857,1.0);
#2855=VECTOR('',#2858,1.0);
#2856=DIRECTION('',(0,0,1));
#2857=DIRECTION('',(-0.5050585515387718,0.3875422404654066,-0.7711853677116877));
#2858=DIRECTION('',(0.7933554771223792,-0.6087586442260364,0));
#2859=FACE_SURFACE('',(#2864),#2860,.T.);
#2860=PLANE('',#2861);
#2861=AXIS2_PLACEMENT_3D('',#143,#2862,#2863);
#2862=DIRECTION('',(-0.6087586442260364,-0.7933554771223792,0));
#2863=DIRECTION('',(0.5050585515387718,-0.3875422404654066,0.7711853677116877));
#2864=FACE_BOUND('',#2865,.T.);
#2865=EDGE_LOOP('',(#2866,#2867,#2868));
#2866=ORIENTED_EDGE('',*,*,#2869,.T.);
#2867=ORIENTED_EDGE('',*,*,#2870,.T.);
#2868=ORIENTED_EDGE('',*,*,#2871,.T.);
#2869=EDGE_CURVE('',#144,#226,#2872,.F.);
#2870=EDGE_CURVE('',#226,#228,#2873,.T.);
#2871=EDGE_CURVE('',#228,#144,#2874,.T.);
#2872=LINE('',#143,#2875);
#2873=LINE('',#225,#2876);
#2874=LINE('',#227,#2877);
#2875=VECTOR('',#2878,1.0);
#2876=VECTOR('',#2879,1.0);
#2877=VECTOR('',#2880,1.0);
#2878=DIRECTION('',(0.5050585515387718,-0.3875422404654066,0.7711853677116877));
#2879=DIRECTION('',(-0.7933554771223792,0.6087586442260364,0));
#2880=DIRECTION('',(0,0,-1));
#2881=FACE_SURFACE('',(#2886),#2882,.T.);
#2882=PLANE('',#2883);
#2883=AXIS2_PLACEMENT_3D('',#143,#2884,#2885);
#2884=DIRECTION('',(-0.7933511211746223,-0.6087643210068818,0));
#2885=DIRECTION('',(0,0,1));
#2886=FACE_BOUND('',#2887,.T.);
#2887=EDGE_LOOP('',(#2888,#2889,#2890));
#2888=ORIENTED_EDGE('',*,*,#2891,.T.);
#2889=ORIENTED_EDGE('',*,*,#2892,.T.);
#2890=ORIENTED_EDGE('',*,*,#2893,.T.);
#2891=EDGE_CURVE('',#144,#228,#2894,.F.);
#2892=EDGE_CURVE('',#228,#142,#2895,.T.);
#2893=EDGE_CURVE('',#142,#144,#2896,.T.);
#2894=LINE('',#143,#2897);
#2895=LINE('',#227,#2898);
#2896=LINE('',#141,#2899);
#2897=VECTOR('',#2900,1.0);
#2898=VECTOR('',#2901,1.0);
#2899=VECTOR('',#2902,1.0);
#2900=DIRECTION('',(0,0,1));
#2901=DIRECTION('',(-0.3875583812968895,0.5050721037888047,-0.7711683804856666));
#2902=DIRECTION('',(0.6087643210068818,-0.7933511211746223,0));
#2903=FACE_SURFACE('',(#2908),#2904,.T.);
#2904=PLANE('',#2905);
#2905=AXIS2_PLACEMENT_3D('',#141,#2906,#2907);
#2906=DIRECTION('',(-0.7933511211746223,-0.6087643210068818,0));
#2907=DIRECTION('',(0.3875583812968895,-0.5050721037888047,0.7711683804856666));
#2908=FACE_BOUND('',#2909,.T.);
#2909=EDGE_LOOP('',(#2910,#2911,#2912));
#2910=ORIENTED_EDGE('',*,*,#2913,.T.);
#2911=ORIENTED_EDGE('',*,*,#2914,.T.);
#2912=ORIENTED_EDGE('',*,*,#2915,.T.);
#2913=EDGE_CURVE('',#142,#228,#2916,.F.);
#2914=EDGE_CURVE('',#228,#230,#2917,.T.);
#2915=EDGE_CURVE('',#230,#142,#2918,.T.);
#2916=LINE('',#141,#2919);
#2917=LINE('',#227,#2920);
#2918=LINE('',#229,#2921);
#2919=VECTOR('',#2922,1.0);
#2920=VECTOR('',#2923,1.0);
#2921=VECTOR('',#2924,1.0);
#2922=DIRECTION('',(0.3875583812968895,-0.5050721037888047,0.7711683804856666));
#2923=DIRECTION('',(-0.6087643210068818,0.7933511211746223,0));
#2924=DIRECTION('',(0,0,-1));
#2925=FACE_SURFACE('',(#2930),#2926,.T.);
#2926=PLANE('',#2927);
#2927=AXIS2_PLACEMENT_3D('',#141,#2928,#2929);
#2928=DIRECTION('',(-0.9238788723493256,-0.3826850261331614,0));
#2929=DIRECTION('',(0,0,1));
#2930=FACE_BOUND('',#2931,.T.);
#2931=EDGE_LOOP('',(#2932,#2933,#2934));
#2932=ORIENTED_EDGE('',*,*,#2935,.T.);
#2933=ORIENTED_EDGE('',*,*,#2936,.T.);
#2934=ORIENTED_EDGE('',*,*,#2937,.T.);
#2935=EDGE_CURVE('',#142,#230,#2938,.F.);
#2936=EDGE_CURVE('',#230,#140,#2939,.T.);
#2937=EDGE_CURVE('',#140,#142,#2940,.T.);
#2938=LINE('',#141,#2941);
#2939=LINE('',#229,#2942);
#2940=LINE('',#139,#2943);
#2941=VECTOR('',#2944,1.0);
#2942=VECTOR('',#2945,1.0);
#2943=VECTOR('',#2946,1.0);
#2944=DIRECTION('',(0,0,1));
#2945=DIRECTION('',(-0.24362087614930025,0.5881499535318933,-0.7711864241963022));
#2946=DIRECTION('',(0.3826850261331614,-0.9238788723493256,0));
#2947=FACE_SURFACE('',(#2952),#2948,.T.);
#2948=PLANE('',#2949);
#2949=AXIS2_PLACEMENT_3D('',#139,#2950,#2951);
#2950=DIRECTION('',(-0.9238788723493256,-0.3826850261331614,0));
#2951=DIRECTION('',(0.24362087614930025,-0.5881499535318933,0.7711864241963022));
#2952=FACE_BOUND('',#2953,.T.);
#2953=EDGE_LOOP('',(#2954,#2955,#2956));
#2954=ORIENTED_EDGE('',*,*,#2957,.T.);
#2955=ORIENTED_EDGE('',*,*,#2958,.T.);
#2956=ORIENTED_EDGE('',*,*,#2959,.T.);
#2957=EDGE_CURVE('',#140,#230,#2960,.F.);
#2958=EDGE_CURVE('',#230,#232,#2961,.T.);
#2959=EDGE_CURVE('',#232,#140,#2962,.T.);
#2960=LINE('',#139,#2963);
#2961=LINE('',#229,#2964);
#2962=LINE('',#231,#2965);
#2963=VECTOR('',#2966,1.0);
#2964=VECTOR('',#2967,1.0);
#2965=VECTOR('',#2968,1.0);
#2966=DIRECTION('',(0.24362087614930025,-0.5881499535318933,0.7711864241963022));
#2967=DIRECTION('',(-0.3826850261331614,0.9238788723493256,0));
#2968=DIRECTION('',(0,0,-1));
#2969=FACE_SURFACE('',(#2974),#2970,.T.);
#2970=PLANE('',#2971);
#2971=AXIS2_PLACEMENT_3D('',#87,#2972,#2973);
#2972=DIRECTION('',(0,-0,1));
#2973=DIRECTION('',(1,0,0));
#2974=FACE_BOUND('',#2975,.T.);
#2975=EDGE_LOOP('',(#2976,#2977,#2978));
#2976=ORIENTED_EDGE('',*,*,#2979,.T.);
#2977=ORIENTED_EDGE('',*,*,#2980,.T.);
#2978=ORIENTED_EDGE('',*,*,#2981,.T.);
#2979=EDGE_CURVE('',#88,#68,#2982,.F.);
#2980=EDGE_CURVE('',#68,#42,#2983,.T.);
#2981=EDGE_CURVE('',#42,#88,#2984,.T.);
#2982=LINE('',#87,#2985);
#2983=LINE('',#67,#2986);
#2984=LINE('',#41,#2987);
#2985=VECTOR('',#2988,1.0);
#2986=VECTOR('',#2989,1.0);
#2987=VECTOR('',#2990,1.0);
#2988=DIRECTION('',(1,0,0));
#2989=DIRECTION('',(-0.9914446350572506,0.13052791125347554,0));
#2990=DIRECTION('',(0.13051567848153253,-0.991446245477033,0));
#2991=FACE_SURFACE('',(#2996),#2992,.T.);
#2992=PLANE('',#2993);
#2993=AXIS2_PLACEMENT_3D('',#41,#2994,#2995);
#2994=DIRECTION('',(-0,0,1));
#2995=DIRECTION('',(0.9914446350572506,-0.13052791125347554,0));
#2996=FACE_BOUND('',#2997,.T.);
#2997=EDGE_LOOP('',(#2998,#2999,#3000));
#2998=ORIENTED_EDGE('',*,*,#3001,.T.);
#2999=ORIENTED_EDGE('',*,*,#3002,.T.);
#3000=ORIENTED_EDGE('',*,*,#3003,.T.);
#3001=EDGE_CURVE('',#42,#68,#3004,.F.);
#3002=EDGE_CURVE('',#68,#66,#3005,.T.);
#3003=EDGE_CURVE('',#66,#42,#3006,.T.);
#3004=LINE('',#41,#3007);
#3005=LINE('',#67,#3008);
#3006=LINE('',#65,#3009);
#3007=VECTOR('',#3010,1.0);
#3008=VECTOR('',#3011,1.0);
#3009=VECTOR('',#3012,1.0);
#3010=DIRECTION('',(0.9914446350572506,-0.13052791125347554,0));
#3011=DIRECTION('',(0.1305537810820565,0.9914412288407107,0));
#3012=DIRECTION('',(-1,0,0));
#3013=FACE_SURFACE('',(#3018),#3014,.T.);
#3014=PLANE('',#3015);
#3015=AXIS2_PLACEMENT_3D('',#41,#3016,#3017);
#3016=DIRECTION('',(0,0,1));
#3017=DIRECTION('',(1,0,0));
#3018=FACE_BOUND('',#3019,.T.);
#3019=EDGE_LOOP('',(#3020,#3021,#3022));
#3020=ORIENTED_EDGE('',*,*,#3023,.T.);
#3021=ORIENTED_EDGE('',*,*,#3024,.T.);
#3022=ORIENTED_EDGE('',*,*,#3025,.T.);
#3023=EDGE_CURVE('',#42,#66,#3026,.F.);
#3024=EDGE_CURVE('',#66,#44,#3027,.T.);
#3025=EDGE_CURVE('',#44,#42,#3028,.T.);
#3026=LINE('',#41,#3029);
#3027=LINE('',#65,#3030);
#3028=LINE('',#43,#3031);
#3029=VECTOR('',#3032,1.0);
#3030=VECTOR('',#3033,1.0);
#3031=VECTOR('',#3034,1.0);
#3032=DIRECTION('',(1,0,0));
#3033=DIRECTION('',(-0.9914447220047826,0.13052725082855024,0));
#3034=DIRECTION('',(-0.13051567848152362,-0.9914462454770343,0));
#3035=FACE_SURFACE('',(#3040),#3036,.T.);
#3036=PLANE('',#3037);
#3037=AXIS2_PLACEMENT_3D('',#43,#3038,#3039);
#3038=DIRECTION('',(-0,0,1));
#3039=DIRECTION('',(0.9914447220047826,-0.13052725082855024,0));
#3040=FACE_BOUND('',#3041,.T.);
#3041=EDGE_LOOP('',(#3042,#3043,#3044));
#3042=ORIENTED_EDGE('',*,*,#3045,.T.);
#3043=ORIENTED_EDGE('',*,*,#3046,.T.);
#3044=ORIENTED_EDGE('',*,*,#3047,.T.);
#3045=EDGE_CURVE('',#44,#66,#3048,.F.);
#3046=EDGE_CURVE('',#66,#64,#3049,.T.);
#3047=EDGE_CURVE('',#64,#44,#3050,.T.);
#3048=LINE('',#43,#3051);
#3049=LINE('',#65,#3052);
#3050=LINE('',#63,#3053);
#3051=VECTOR('',#3054,1.0);
#3052=VECTOR('',#3055,1.0);
#3053=VECTOR('',#3056,1.0);
#3054=DIRECTION('',(0.9914447220047826,-0.13052725082855024,0));
#3055=DIRECTION('',(-0.13055378108204757,0.9914412288407118,0));
#3056=DIRECTION('',(-1,0,0));
#3057=FACE_SURFACE('',(#3062),#3058,.T.);
#3058=PLANE('',#3059);
#3059=AXIS2_PLACEMENT_3D('',#43,#3060,#3061);
#3060=DIRECTION('',(0,0,1));
#3061=DIRECTION('',(1,0,0));
#3062=FACE_BOUND('',#3063,.T.);
#3063=EDGE_LOOP('',(#3064,#3065,#3066));
#3064=ORIENTED_EDGE('',*,*,#3067,.T.);
#3065=ORIENTED_EDGE('',*,*,#3068,.T.);
#3066=ORIENTED_EDGE('',*,*,#3069,.T.);
#3067=EDGE_CURVE('',#44,#64,#3070,.F.);
#3068=EDGE_CURVE('',#64,#46,#3071,.T.);
#3069=EDGE_CURVE('',#46,#44,#3072,.T.);
#3070=LINE('',#43,#3073);
#3071=LINE('',#63,#3074);
#3072=LINE('',#45,#3075);
#3073=VECTOR('',#3076,1.0);
#3074=VECTOR('',#3077,1.0);
#3075=VECTOR('',#3078,1.0);
#3076=DIRECTION('',(1,0,0));
#3077=DIRECTION('',(-0.991444655774623,0.13052775389141993,0));
#3078=DIRECTION('',(-0.3826713211467935,-0.9238845490491588,0));
#3079=FACE_SURFACE('',(#3084),#3080,.T.);
#3080=PLANE('',#3081);
#3081=AXIS2_PLACEMENT_3D('',#45,#3082,#3083);
#3082=DIRECTION('',(-0,0,1));
#3083=DIRECTION('',(0.991444655774623,-0.13052775389141993,0));
#3084=FACE_BOUND('',#3085,.T.);
#3085=EDGE_LOOP('',(#3086,#3087,#3088));
#3086=ORIENTED_EDGE('',*,*,#3089,.T.);
#3087=ORIENTED_EDGE('',*,*,#3090,.T.);
#3088=ORIENTED_EDGE('',*,*,#3091,.T.);
#3089=EDGE_CURVE('',#46,#64,#3092,.F.);
#3090=EDGE_CURVE('',#64,#62,#3093,.T.);
#3091=EDGE_CURVE('',#62,#46,#3094,.T.);
#3092=LINE('',#45,#3095);
#3093=LINE('',#63,#3096);
#3094=LINE('',#61,#3097);
#3095=VECTOR('',#3098,1.0);
#3096=VECTOR('',#3099,1.0);
#3097=VECTOR('',#3100,1.0);
#3098=DIRECTION('',(0.991444655774623,-0.13052775389141993,0));
#3099=DIRECTION('',(-0.3826713211467935,0.9238845490491588,0));
#3100=DIRECTION('',(-1,0,0));
#3101=FACE_SURFACE('',(#3106),#3102,.T.);
#3102=PLANE('',#3103);
#3103=AXIS2_PLACEMENT_3D('',#45,#3104,#3105);
#3104=DIRECTION('',(0,0,1));
#3105=DIRECTION('',(1,0,0));
#3106=FACE_BOUND('',#3107,.T.);
#3107=EDGE_LOOP('',(#3108,#3109,#3110));
#3108=ORIENTED_EDGE('',*,*,#3111,.T.);
#3109=ORIENTED_EDGE('',*,*,#3112,.T.);
#3110=ORIENTED_EDGE('',*,*,#3113,.T.);
#3111=EDGE_CURVE('',#46,#62,#3114,.F.);
#3112=EDGE_CURVE('',#62,#48,#3115,.T.);
#3113=EDGE_CURVE('',#48,#46,#3116,.T.);
#3114=LINE('',#45,#3117);
#3115=LINE('',#61,#3118);
#3116=LINE('',#47,#3119);
#3117=VECTOR('',#3120,1.0);
#3118=VECTOR('',#3121,1.0);
#3119=VECTOR('',#3122,1.0);
#3120=DIRECTION('',(1,0,0));
#3121=DIRECTION('',(-0.9914452195337485,0.13052347169638595,0));
#3122=DIRECTION('',(-0.6087830422768121,-0.7933367553795735,0));
#3123=FACE_SURFACE('',(#3128),#3124,.T.);
#3124=PLANE('',#3125);
#3125=AXIS2_PLACEMENT_3D('',#47,#3126,#3127);
#3126=DIRECTION('',(-0,0,1));
#3127=DIRECTION('',(0.9914452195337485,-0.13052347169638595,0));
#3128=FACE_BOUND('',#3129,.T.);
#3129=EDGE_LOOP('',(#3130,#3131,#3132));
#3130=ORIENTED_EDGE('',*,*,#3133,.T.);
#3131=ORIENTED_EDGE('',*,*,#3134,.T.);
#3132=ORIENTED_EDGE('',*,*,#3135,.T.);
#3133=EDGE_CURVE('',#48,#62,#3136,.F.);
#3134=EDGE_CURVE('',#62,#60,#3137,.T.);
#3135=EDGE_CURVE('',#60,#48,#3138,.T.);
#3136=LINE('',#47,#3139);
#3137=LINE('',#61,#3140);
#3138=LINE('',#59,#3141);
#3139=VECTOR('',#3142,1.0);
#3140=VECTOR('',#3143,1.0);
#3141=VECTOR('',#3144,1.0);
#3142=DIRECTION('',(0.9914452195337485,-0.13052347169638595,0));
#3143=DIRECTION('',(-0.6087586442260364,0.7933554771223792,0));
#3144=DIRECTION('',(-1,0,0));
#3145=FACE_SURFACE('',(#3150),#3146,.T.);
#3146=PLANE('',#3147);
#3147=AXIS2_PLACEMENT_3D('',#47,#3148,#3149);
#3148=DIRECTION('',(0,0,1));
#3149=DIRECTION('',(1,0,0));
#3150=FACE_BOUND('',#3151,.T.);
#3151=EDGE_LOOP('',(#3152,#3153,#3154));
#3152=ORIENTED_EDGE('',*,*,#3155,.T.);
#3153=ORIENTED_EDGE('',*,*,#3156,.T.);
#3154=ORIENTED_EDGE('',*,*,#3157,.T.);
#3155=EDGE_CURVE('',#48,#60,#3158,.F.);
#3156=EDGE_CURVE('',#60,#50,#3159,.T.);
#3157=EDGE_CURVE('',#50,#48,#3160,.T.);
#3158=LINE('',#47,#3161);
#3159=LINE('',#59,#3162);
#3160=LINE('',#49,#3163);
#3161=VECTOR('',#3164,1.0);
#3162=VECTOR('',#3165,1.0);
#3163=VECTOR('',#3166,1.0);
#3164=DIRECTION('',(1,0,0));
#3165=DIRECTION('',(-0.9914443914864031,0.13052976131961602,0));
#3166=DIRECTION('',(-0.7933367553795735,-0.6087830422768121,0));
#3167=FACE_SURFACE('',(#3172),#3168,.T.);
#3168=PLANE('',#3169);
#3169=AXIS2_PLACEMENT_3D('',#49,#3170,#3171);
#3170=DIRECTION('',(-0,0,1));
#3171=DIRECTION('',(0.9914443914864031,-0.13052976131961602,0));
#3172=FACE_BOUND('',#3173,.T.);
#3173=EDGE_LOOP('',(#3174,#3175,#3176));
#3174=ORIENTED_EDGE('',*,*,#3177,.T.);
#3175=ORIENTED_EDGE('',*,*,#3178,.T.);
#3176=ORIENTED_EDGE('',*,*,#3179,.T.);
#3177=EDGE_CURVE('',#50,#60,#3180,.F.);
#3178=EDGE_CURVE('',#60,#58,#3181,.T.);
#3179=EDGE_CURVE('',#58,#50,#3182,.T.);
#3180=LINE('',#49,#3183);
#3181=LINE('',#59,#3184);
#3182=LINE('',#57,#3185);
#3183=VECTOR('',#3186,1.0);
#3184=VECTOR('',#3187,1.0);
#3185=VECTOR('',#3188,1.0);
#3186=DIRECTION('',(0.9914443914864031,-0.13052976131961602,0));
#3187=DIRECTION('',(-0.7933511211746223,0.6087643210068818,0));
#3188=DIRECTION('',(-1,0,0));
#3189=FACE_SURFACE('',(#3194),#3190,.T.);
#3190=PLANE('',#3191);
#3191=AXIS2_PLACEMENT_3D('',#49,#3192,#3193);
#3192=DIRECTION('',(0,0,1));
#3193=DIRECTION('',(1,0,0));
#3194=FACE_BOUND('',#3195,.T.);
#3195=EDGE_LOOP('',(#3196,#3197,#3198));
#3196=ORIENTED_EDGE('',*,*,#3199,.T.);
#3197=ORIENTED_EDGE('',*,*,#3200,.T.);
#3198=ORIENTED_EDGE('',*,*,#3201,.T.);
#3199=EDGE_CURVE('',#50,#58,#3202,.F.);
#3200=EDGE_CURVE('',#58,#52,#3203,.T.);
#3201=EDGE_CURVE('',#52,#50,#3204,.T.);
#3202=LINE('',#49,#3205);
#3203=LINE('',#57,#3206);
#3204=LINE('',#51,#3207);
#3205=VECTOR('',#3208,1.0);
#3206=VECTOR('',#3209,1.0);
#3207=VECTOR('',#3210,1.0);
#3208=DIRECTION('',(1,0,0));
#3209=DIRECTION('',(-0.9914452477749593,0.13052325717836483,0));
#3210=DIRECTION('',(-0.9238845490491588,-0.3826713211467935,0));
#3211=FACE_SURFACE('',(#3216),#3212,.T.);
#3212=PLANE('',#3213);
#3213=AXIS2_PLACEMENT_3D('',#51,#3214,#3215);
#3214=DIRECTION('',(-0,0,1));
#3215=DIRECTION('',(0.9914452477749593,-0.13052325717836483,0));
#3216=FACE_BOUND('',#3217,.T.);
#3217=EDGE_LOOP('',(#3218,#3219,#3220));
#3218=ORIENTED_EDGE('',*,*,#3221,.T.);
#3219=ORIENTED_EDGE('',*,*,#3222,.T.);
#3220=ORIENTED_EDGE('',*,*,#3223,.T.);
#3221=EDGE_CURVE('',#52,#58,#3224,.F.);
#3222=EDGE_CURVE('',#58,#56,#3225,.T.);
#3223=EDGE_CURVE('',#56,#52,#3226,.T.);
#3224=LINE('',#51,#3227);
#3225=LINE('',#57,#3228);
#3226=LINE('',#55,#3229);
#3227=VECTOR('',#3230,1.0);
#3228=VECTOR('',#3231,1.0);
#3229=VECTOR('',#3232,1.0);
#3230=DIRECTION('',(0.9914452477749593,-0.13052325717836483,0));
#3231=DIRECTION('',(-0.9238788723493256,0.3826850261331614,0));
#3232=DIRECTION('',(-1,0,0));
#3233=FACE_SURFACE('',(#3238),#3234,.T.);
#3234=PLANE('',#3235);
#3235=AXIS2_PLACEMENT_3D('',#51,#3236,#3237);
#3236=DIRECTION('',(0,0,1));
#3237=DIRECTION('',(1,0,0));
#3238=FACE_BOUND('',#3239,.T.);
#3239=EDGE_LOOP('',(#3240,#3241,#3242));
#3240=ORIENTED_EDGE('',*,*,#3243,.T.);
#3241=ORIENTED_EDGE('',*,*,#3244,.T.);
#3242=ORIENTED_EDGE('',*,*,#3245,.T.);
#3243=EDGE_CURVE('',#52,#56,#3246,.F.);
#3244=EDGE_CURVE('',#56,#54,#3247,.T.);
#3245=EDGE_CURVE('',#54,#52,#3248,.T.);
#3246=LINE('',#51,#3249);
#3247=LINE('',#55,#3250);
#3248=LINE('',#53,#3251);
#3249=VECTOR('',#3252,1.0);
#3250=VECTOR('',#3253,1.0);
#3251=VECTOR('',#3254,1.0);
#3252=DIRECTION('',(1,0,0));
#3253=DIRECTION('',(-0.991446245477033,0.13051567848153253,0));
#3254=DIRECTION('',(-0.9914462454770343,-0.13051567848152362,0));
#3255=FACE_SURFACE('',(#3260),#3256,.T.);
#3256=PLANE('',#3257);
#3257=AXIS2_PLACEMENT_3D('',#67,#3258,#3259);
#3258=DIRECTION('',(0,0,1));
#3259=DIRECTION('',(-1,0,0));
#3260=FACE_BOUND('',#3261,.T.);
#3261=EDGE_LOOP('',(#3262,#3263,#3264));
#3262=ORIENTED_EDGE('',*,*,#3265,.T.);
#3263=ORIENTED_EDGE('',*,*,#3266,.T.);
#3264=ORIENTED_EDGE('',*,*,#3267,.T.);
#3265=EDGE_CURVE('',#68,#88,#3268,.F.);
#3266=EDGE_CURVE('',#88,#70,#3269,.T.);
#3267=EDGE_CURVE('',#70,#68,#3270,.T.);
#3268=LINE('',#67,#3271);
#3269=LINE('',#87,#3272);
#3270=LINE('',#69,#3273);
#3271=VECTOR('',#3274,1.0);
#3272=VECTOR('',#3275,1.0);
#3273=VECTOR('',#3276,1.0);
#3274=DIRECTION('',(-1,0,0));
#3275=DIRECTION('',(0.991445364484728,-0.13052237065631567,0));
#3276=DIRECTION('',(0.3826850261331614,0.9238788723493256,0));
#3277=FACE_SURFACE('',(#3282),#3278,.T.);
#3278=PLANE('',#3279);
#3279=AXIS2_PLACEMENT_3D('',#69,#3280,#3281);
#3280=DIRECTION('',(0,0,1));
#3281=DIRECTION('',(-0.991445364484728,0.13052237065631567,0));
#3282=FACE_BOUND('',#3283,.T.);
#3283=EDGE_LOOP('',(#3284,#3285,#3286));
#3284=ORIENTED_EDGE('',*,*,#3287,.T.);
#3285=ORIENTED_EDGE('',*,*,#3288,.T.);
#3286=ORIENTED_EDGE('',*,*,#3289,.T.);
#3287=EDGE_CURVE('',#70,#88,#3290,.F.);
#3288=EDGE_CURVE('',#88,#86,#3291,.T.);
#3289=EDGE_CURVE('',#86,#70,#3292,.T.);
#3290=LINE('',#69,#3293);
#3291=LINE('',#87,#3294);
#3292=LINE('',#85,#3295);
#3293=VECTOR('',#3296,1.0);
#3294=VECTOR('',#3297,1.0);
#3295=VECTOR('',#3298,1.0);
#3296=DIRECTION('',(-0.991445364484728,0.13052237065631567,0));
#3297=DIRECTION('',(0.3826850261331614,-0.9238788723493256,0));
#3298=DIRECTION('',(1,0,0));
#3299=FACE_SURFACE('',(#3304),#3300,.T.);
#3300=PLANE('',#3301);
#3301=AXIS2_PLACEMENT_3D('',#69,#3302,#3303);
#3302=DIRECTION('',(0,0,1));
#3303=DIRECTION('',(-1,0,0));
#3304=FACE_BOUND('',#3305,.T.);
#3305=EDGE_LOOP('',(#3306,#3307,#3308));
#3306=ORIENTED_EDGE('',*,*,#3309,.T.);
#3307=ORIENTED_EDGE('',*,*,#3310,.T.);
#3308=ORIENTED_EDGE('',*,*,#3311,.T.);
#3309=EDGE_CURVE('',#70,#86,#3312,.F.);
#3310=EDGE_CURVE('',#86,#72,#3313,.T.);
#3311=EDGE_CURVE('',#72,#70,#3314,.T.);
#3312=LINE('',#69,#3315);
#3313=LINE('',#85,#3316);
#3314=LINE('',#71,#3317);
#3315=VECTOR('',#3318,1.0);
#3316=VECTOR('',#3319,1.0);
#3317=VECTOR('',#3320,1.0);
#3318=DIRECTION('',(-1,0,0));
#3319=DIRECTION('',(0.99144450287255,-0.13052891527857785,0));
#3320=DIRECTION('',(0.6087399228228632,0.7933698421049382,0));
#3321=FACE_SURFACE('',(#3326),#3322,.T.);
#3322=PLANE('',#3323);
#3323=AXIS2_PLACEMENT_3D('',#71,#3324,#3325);
#3324=DIRECTION('',(0,0,1));
#3325=DIRECTION('',(-0.99144450287255,0.13052891527857785,0));
#3326=FACE_BOUND('',#3327,.T.);
#3327=EDGE_LOOP('',(#3328,#3329,#3330));
#3328=ORIENTED_EDGE('',*,*,#3331,.T.);
#3329=ORIENTED_EDGE('',*,*,#3332,.T.);
#3330=ORIENTED_EDGE('',*,*,#3333,.T.);
#3331=EDGE_CURVE('',#72,#86,#3334,.F.);
#3332=EDGE_CURVE('',#86,#84,#3335,.T.);
#3333=EDGE_CURVE('',#84,#72,#3336,.T.);
#3334=LINE('',#71,#3337);
#3335=LINE('',#85,#3338);
#3336=LINE('',#83,#3339);
#3337=VECTOR('',#3340,1.0);
#3338=VECTOR('',#3341,1.0);
#3339=VECTOR('',#3342,1.0);
#3340=DIRECTION('',(-0.99144450287255,0.13052891527857785,0));
#3341=DIRECTION('',(0.6087643210068818,-0.7933511211746223,0));
#3342=DIRECTION('',(1,0,0));
#3343=FACE_SURFACE('',(#3348),#3344,.T.);
#3344=PLANE('',#3345);
#3345=AXIS2_PLACEMENT_3D('',#71,#3346,#3347);
#3346=DIRECTION('',(0,0,1));
#3347=DIRECTION('',(-1,0,0));
#3348=FACE_BOUND('',#3349,.T.);
#3349=EDGE_LOOP('',(#3350,#3351,#3352));
#3350=ORIENTED_EDGE('',*,*,#3353,.T.);
#3351=ORIENTED_EDGE('',*,*,#3354,.T.);
#3352=ORIENTED_EDGE('',*,*,#3355,.T.);
#3353=EDGE_CURVE('',#72,#84,#3356,.F.);
#3354=EDGE_CURVE('',#84,#74,#3357,.T.);
#3355=EDGE_CURVE('',#74,#72,#3358,.T.);
#3356=LINE('',#71,#3359);
#3357=LINE('',#83,#3360);
#3358=LINE('',#73,#3361);
#3359=VECTOR('',#3362,1.0);
#3360=VECTOR('',#3363,1.0);
#3361=VECTOR('',#3364,1.0);
#3362=DIRECTION('',(-1,0,0));
#3363=DIRECTION('',(0.991445325457601,-0.13052266710526442,0));
#3364=DIRECTION('',(0.7933698421049382,0.6087399228228632,0));
#3365=FACE_SURFACE('',(#3370),#3366,.T.);
#3366=PLANE('',#3367);
#3367=AXIS2_PLACEMENT_3D('',#73,#3368,#3369);
#3368=DIRECTION('',(0,0,1));
#3369=DIRECTION('',(-0.991445325457601,0.13052266710526442,0));
#3370=FACE_BOUND('',#3371,.T.);
#3371=EDGE_LOOP('',(#3372,#3373,#3374));
#3372=ORIENTED_EDGE('',*,*,#3375,.T.);
#3373=ORIENTED_EDGE('',*,*,#3376,.T.);
#3374=ORIENTED_EDGE('',*,*,#3377,.T.);
#3375=EDGE_CURVE('',#74,#84,#3378,.F.);
#3376=EDGE_CURVE('',#84,#82,#3379,.T.);
#3377=EDGE_CURVE('',#82,#74,#3380,.T.);
#3378=LINE('',#73,#3381);
#3379=LINE('',#83,#3382);
#3380=LINE('',#81,#3383);
#3381=VECTOR('',#3384,1.0);
#3382=VECTOR('',#3385,1.0);
#3383=VECTOR('',#3386,1.0);
#3384=DIRECTION('',(-0.991445325457601,0.13052266710526442,0));
#3385=DIRECTION('',(0.7933554771223792,-0.6087586442260364,0));
#3386=DIRECTION('',(1,0,0));
#3387=FACE_SURFACE('',(#3392),#3388,.T.);
#3388=PLANE('',#3389);
#3389=AXIS2_PLACEMENT_3D('',#73,#3390,#3391);
#3390=DIRECTION('',(0,0,1));
#3391=DIRECTION('',(-1,0,0));
#3392=FACE_BOUND('',#3393,.T.);
#3393=EDGE_LOOP('',(#3394,#3395,#3396));
#3394=ORIENTED_EDGE('',*,*,#3397,.T.);
#3395=ORIENTED_EDGE('',*,*,#3398,.T.);
#3396=ORIENTED_EDGE('',*,*,#3399,.T.);
#3397=EDGE_CURVE('',#74,#82,#3400,.F.);
#3398=EDGE_CURVE('',#82,#76,#3401,.T.);
#3399=EDGE_CURVE('',#76,#74,#3402,.T.);
#3400=LINE('',#73,#3403);
#3401=LINE('',#81,#3404);
#3402=LINE('',#75,#3405);
#3403=VECTOR('',#3406,1.0);
#3404=VECTOR('',#3407,1.0);
#3405=VECTOR('',#3408,1.0);
#3406=DIRECTION('',(-1,0,0));
#3407=DIRECTION('',(0.9914454730172951,-0.13052154624241852,0));
#3408=DIRECTION('',(0.9238788723493256,0.3826850261331614,0));
#3409=FACE_SURFACE('',(#3414),#3410,.T.);
#3410=PLANE('',#3411);
#3411=AXIS2_PLACEMENT_3D('',#75,#3412,#3413);
#3412=DIRECTION('',(0,0,1));
#3413=DIRECTION('',(-0.9914454730172951,0.13052154624241852,0));
#3414=FACE_BOUND('',#3415,.T.);
#3415=EDGE_LOOP('',(#3416,#3417,#3418));
#3416=ORIENTED_EDGE('',*,*,#3419,.T.);
#3417=ORIENTED_EDGE('',*,*,#3420,.T.);
#3418=ORIENTED_EDGE('',*,*,#3421,.T.);
#3419=EDGE_CURVE('',#76,#82,#3422,.F.);
#3420=EDGE_CURVE('',#82,#80,#3423,.T.);
#3421=EDGE_CURVE('',#80,#76,#3424,.T.);
#3422=LINE('',#75,#3425);
#3423=LINE('',#81,#3426);
#3424=LINE('',#79,#3427);
#3425=VECTOR('',#3428,1.0);
#3426=VECTOR('',#3429,1.0);
#3427=VECTOR('',#3430,1.0);
#3428=DIRECTION('',(-0.9914454730172951,0.13052154624241852,0));
#3429=DIRECTION('',(0.9238845490491588,-0.3826713211467935,0));
#3430=DIRECTION('',(1,0,0));
#3431=FACE_SURFACE('',(#3436),#3432,.T.);
#3432=PLANE('',#3433);
#3433=AXIS2_PLACEMENT_3D('',#75,#3434,#3435);
#3434=DIRECTION('',(0,0,1));
#3435=DIRECTION('',(-1,0,0));
#3436=FACE_BOUND('',#3437,.T.);
#3437=EDGE_LOOP('',(#3438,#3439,#3440));
#3438=ORIENTED_EDGE('',*,*,#3441,.T.);
#3439=ORIENTED_EDGE('',*,*,#3442,.T.);
#3440=ORIENTED_EDGE('',*,*,#3443,.T.);
#3441=EDGE_CURVE('',#76,#80,#3444,.F.);
#3442=EDGE_CURVE('',#80,#78,#3445,.T.);
#3443=EDGE_CURVE('',#78,#76,#3446,.T.);
#3444=LINE('',#75,#3447);
#3445=LINE('',#79,#3448);
#3446=LINE('',#77,#3449);
#3447=VECTOR('',#3450,1.0);
#3448=VECTOR('',#3451,1.0);
#3449=VECTOR('',#3452,1.0);
#3450=DIRECTION('',(-1,0,0));
#3451=DIRECTION('',(0.9914412288407118,-0.13055378108204757,0));
#3452=DIRECTION('',(0.9914412288407107,0.1305537810820565,0));
#3453=FACE_SURFACE('',(#3458),#3454,.T.);
#3454=PLANE('',#3455);
#3455=AXIS2_PLACEMENT_3D('',#183,#3456,#3457);
#3456=DIRECTION('',(0,-0,-1));
#3457=DIRECTION('',(1,0,0));
#3458=FACE_BOUND('',#3459,.T.);
#3459=EDGE_LOOP('',(#3460,#3461,#3462));
#3460=ORIENTED_EDGE('',*,*,#3463,.T.);
#3461=ORIENTED_EDGE('',*,*,#3464,.T.);
#3462=ORIENTED_EDGE('',*,*,#3465,.T.);
#3463=EDGE_CURVE('',#184,#164,#3466,.F.);
#3464=EDGE_CURVE('',#164,#138,#3467,.T.);
#3465=EDGE_CURVE('',#138,#184,#3468,.T.);
#3466=LINE('',#183,#3469);
#3467=LINE('',#163,#3470);
#3468=LINE('',#137,#3471);
#3469=VECTOR('',#3472,1.0);
#3470=VECTOR('',#3473,1.0);
#3471=VECTOR('',#3474,1.0);
#3472=DIRECTION('',(1,0,0));
#3473=DIRECTION('',(-0.9914446350572494,-0.13052791125348448,0));
#3474=DIRECTION('',(0.13051567848152362,0.9914462454770343,0));
#3475=FACE_SURFACE('',(#3480),#3476,.T.);
#3476=PLANE('',#3477);
#3477=AXIS2_PLACEMENT_3D('',#137,#3478,#3479);
#3478=DIRECTION('',(0,0,-1));
#3479=DIRECTION('',(0.9914446350572494,0.13052791125348448,0));
#3480=FACE_BOUND('',#3481,.T.);
#3481=EDGE_LOOP('',(#3482,#3483,#3484));
#3482=ORIENTED_EDGE('',*,*,#3485,.T.);
#3483=ORIENTED_EDGE('',*,*,#3486,.T.);
#3484=ORIENTED_EDGE('',*,*,#3487,.T.);
#3485=EDGE_CURVE('',#138,#164,#3488,.F.);
#3486=EDGE_CURVE('',#164,#162,#3489,.T.);
#3487=EDGE_CURVE('',#162,#138,#3490,.T.);
#3488=LINE('',#137,#3491);
#3489=LINE('',#163,#3492);
#3490=LINE('',#161,#3493);
#3491=VECTOR('',#3494,1.0);
#3492=VECTOR('',#3495,1.0);
#3493=VECTOR('',#3496,1.0);
#3494=DIRECTION('',(0.9914446350572494,0.13052791125348448,0));
#3495=DIRECTION('',(0.13055378108204757,-0.9914412288407118,0));
#3496=DIRECTION('',(-1,0,0));
#3497=FACE_SURFACE('',(#3502),#3498,.T.);
#3498=PLANE('',#3499);
#3499=AXIS2_PLACEMENT_3D('',#137,#3500,#3501);
#3500=DIRECTION('',(0,0,-1));
#3501=DIRECTION('',(1,0,0));
#3502=FACE_BOUND('',#3503,.T.);
#3503=EDGE_LOOP('',(#3504,#3505,#3506));
#3504=ORIENTED_EDGE('',*,*,#3507,.T.);
#3505=ORIENTED_EDGE('',*,*,#3508,.T.);
#3506=ORIENTED_EDGE('',*,*,#3509,.T.);
#3507=EDGE_CURVE('',#138,#162,#3510,.F.);
#3508=EDGE_CURVE('',#162,#140,#3511,.T.);
#3509=EDGE_CURVE('',#140,#138,#3512,.T.);
#3510=LINE('',#137,#3513);
#3511=LINE('',#161,#3514);
#3512=LINE('',#139,#3515);
#3513=VECTOR('',#3516,1.0);
#3514=VECTOR('',#3517,1.0);
#3515=VECTOR('',#3518,1.0);
#3516=DIRECTION('',(1,0,0));
#3517=DIRECTION('',(-0.9914447220047838,-0.13052725082854133,0));
#3518=DIRECTION('',(-0.13051567848153253,0.991446245477033,0));
#3519=FACE_SURFACE('',(#3524),#3520,.T.);
#3520=PLANE('',#3521);
#3521=AXIS2_PLACEMENT_3D('',#139,#3522,#3523);
#3522=DIRECTION('',(0,0,-1));
#3523=DIRECTION('',(0.9914447220047838,0.13052725082854133,0));
#3524=FACE_BOUND('',#3525,.T.);
#3525=EDGE_LOOP('',(#3526,#3527,#3528));
#3526=ORIENTED_EDGE('',*,*,#3529,.T.);
#3527=ORIENTED_EDGE('',*,*,#3530,.T.);
#3528=ORIENTED_EDGE('',*,*,#3531,.T.);
#3529=EDGE_CURVE('',#140,#162,#3532,.F.);
#3530=EDGE_CURVE('',#162,#160,#3533,.T.);
#3531=EDGE_CURVE('',#160,#140,#3534,.T.);
#3532=LINE('',#139,#3535);
#3533=LINE('',#161,#3536);
#3534=LINE('',#159,#3537);
#3535=VECTOR('',#3538,1.0);
#3536=VECTOR('',#3539,1.0);
#3537=VECTOR('',#3540,1.0);
#3538=DIRECTION('',(0.9914447220047838,0.13052725082854133,0));
#3539=DIRECTION('',(-0.1305537810820565,-0.9914412288407107,0));
#3540=DIRECTION('',(-1,0,0));
#3541=FACE_SURFACE('',(#3546),#3542,.T.);
#3542=PLANE('',#3543);
#3543=AXIS2_PLACEMENT_3D('',#139,#3544,#3545);
#3544=DIRECTION('',(0,0,-1));
#3545=DIRECTION('',(1,0,0));
#3546=FACE_BOUND('',#3547,.T.);
#3547=EDGE_LOOP('',(#3548,#3549,#3550));
#3548=ORIENTED_EDGE('',*,*,#3551,.T.);
#3549=ORIENTED_EDGE('',*,*,#3552,.T.);
#3550=ORIENTED_EDGE('',*,*,#3553,.T.);
#3551=EDGE_CURVE('',#140,#160,#3554,.F.);
#3552=EDGE_CURVE('',#160,#142,#3555,.T.);
#3553=EDGE_CURVE('',#142,#140,#3556,.T.);
#3554=LINE('',#139,#3557);
#3555=LINE('',#159,#3558);
#3556=LINE('',#141,#3559);
#3557=VECTOR('',#3560,1.0);
#3558=VECTOR('',#3561,1.0);
#3559=VECTOR('',#3562,1.0);
#3560=DIRECTION('',(1,0,0));
#3561=DIRECTION('',(-0.991445364484728,-0.13052237065631567,0));
#3562=DIRECTION('',(-0.3826850261331614,0.9238788723493256,0));
#3563=FACE_SURFACE('',(#3568),#3564,.T.);
#3564=PLANE('',#3565);
#3565=AXIS2_PLACEMENT_3D('',#141,#3566,#3567);
#3566=DIRECTION('',(0,0,-1));
#3567=DIRECTION('',(0.991445364484728,0.13052237065631567,0));
#3568=FACE_BOUND('',#3569,.T.);
#3569=EDGE_LOOP('',(#3570,#3571,#3572));
#3570=ORIENTED_EDGE('',*,*,#3573,.T.);
#3571=ORIENTED_EDGE('',*,*,#3574,.T.);
#3572=ORIENTED_EDGE('',*,*,#3575,.T.);
#3573=EDGE_CURVE('',#142,#160,#3576,.F.);
#3574=EDGE_CURVE('',#160,#158,#3577,.T.);
#3575=EDGE_CURVE('',#158,#142,#3578,.T.);
#3576=LINE('',#141,#3579);
#3577=LINE('',#159,#3580);
#3578=LINE('',#157,#3581);
#3579=VECTOR('',#3582,1.0);
#3580=VECTOR('',#3583,1.0);
#3581=VECTOR('',#3584,1.0);
#3582=DIRECTION('',(0.991445364484728,0.13052237065631567,0));
#3583=DIRECTION('',(-0.3826850261331614,-0.9238788723493256,0));
#3584=DIRECTION('',(-1,0,0));
#3585=FACE_SURFACE('',(#3590),#3586,.T.);
#3586=PLANE('',#3587);
#3587=AXIS2_PLACEMENT_3D('',#141,#3588,#3589);
#3588=DIRECTION('',(0,0,-1));
#3589=DIRECTION('',(1,0,0));
#3590=FACE_BOUND('',#3591,.T.);
#3591=EDGE_LOOP('',(#3592,#3593,#3594));
#3592=ORIENTED_EDGE('',*,*,#3595,.T.);
#3593=ORIENTED_EDGE('',*,*,#3596,.T.);
#3594=ORIENTED_EDGE('',*,*,#3597,.T.);
#3595=EDGE_CURVE('',#142,#158,#3598,.F.);
#3596=EDGE_CURVE('',#158,#144,#3599,.T.);
#3597=EDGE_CURVE('',#144,#142,#3600,.T.);
#3598=LINE('',#141,#3601);
#3599=LINE('',#157,#3602);
#3600=LINE('',#143,#3603);
#3601=VECTOR('',#3604,1.0);
#3602=VECTOR('',#3605,1.0);
#3603=VECTOR('',#3606,1.0);
#3604=DIRECTION('',(1,0,0));
#3605=DIRECTION('',(-0.9914443942124459,-0.13052974061383923,0));
#3606=DIRECTION('',(-0.6087643210068818,0.7933511211746223,0));
#3607=FACE_SURFACE('',(#3612),#3608,.T.);
#3608=PLANE('',#3609);
#3609=AXIS2_PLACEMENT_3D('',#143,#3610,#3611);
#3610=DIRECTION('',(0,0,-1));
#3611=DIRECTION('',(0.9914443942124459,0.13052974061383923,0));
#3612=FACE_BOUND('',#3613,.T.);
#3613=EDGE_LOOP('',(#3614,#3615,#3616));
#3614=ORIENTED_EDGE('',*,*,#3617,.T.);
#3615=ORIENTED_EDGE('',*,*,#3618,.T.);
#3616=ORIENTED_EDGE('',*,*,#3619,.T.);
#3617=EDGE_CURVE('',#144,#158,#3620,.F.);
#3618=EDGE_CURVE('',#158,#156,#3621,.T.);
#3619=EDGE_CURVE('',#156,#144,#3622,.T.);
#3620=LINE('',#143,#3623);
#3621=LINE('',#157,#3624);
#3622=LINE('',#155,#3625);
#3623=VECTOR('',#3626,1.0);
#3624=VECTOR('',#3627,1.0);
#3625=VECTOR('',#3628,1.0);
#3626=DIRECTION('',(0.9914443942124459,0.13052974061383923,0));
#3627=DIRECTION('',(-0.6087399228228632,-0.7933698421049382,0));
#3628=DIRECTION('',(-1,0,0));
#3629=FACE_SURFACE('',(#3634),#3630,.T.);
#3630=PLANE('',#3631);
#3631=AXIS2_PLACEMENT_3D('',#143,#3632,#3633);
#3632=DIRECTION('',(0,0,-1));
#3633=DIRECTION('',(1,0,0));
#3634=FACE_BOUND('',#3635,.T.);
#3635=EDGE_LOOP('',(#3636,#3637,#3638));
#3636=ORIENTED_EDGE('',*,*,#3639,.T.);
#3637=ORIENTED_EDGE('',*,*,#3640,.T.);
#3638=ORIENTED_EDGE('',*,*,#3641,.T.);
#3639=EDGE_CURVE('',#144,#156,#3642,.F.);
#3640=EDGE_CURVE('',#156,#146,#3643,.T.);
#3641=EDGE_CURVE('',#146,#144,#3644,.T.);
#3642=LINE('',#143,#3645);
#3643=LINE('',#155,#3646);
#3644=LINE('',#145,#3647);
#3645=VECTOR('',#3648,1.0);
#3646=VECTOR('',#3649,1.0);
#3647=VECTOR('',#3650,1.0);
#3648=DIRECTION('',(1,0,0));
#3649=DIRECTION('',(-0.9914454670507252,-0.13052159156464996,0));
#3650=DIRECTION('',(-0.7933554771223792,0.6087586442260364,0));
#3651=FACE_SURFACE('',(#3656),#3652,.T.);
#3652=PLANE('',#3653);
#3653=AXIS2_PLACEMENT_3D('',#145,#3654,#3655);
#3654=DIRECTION('',(0,0,-1));
#3655=DIRECTION('',(0.9914454670507252,0.13052159156464996,0));
#3656=FACE_BOUND('',#3657,.T.);
#3657=EDGE_LOOP('',(#3658,#3659,#3660));
#3658=ORIENTED_EDGE('',*,*,#3661,.T.);
#3659=ORIENTED_EDGE('',*,*,#3662,.T.);
#3660=ORIENTED_EDGE('',*,*,#3663,.T.);
#3661=EDGE_CURVE('',#146,#156,#3664,.F.);
#3662=EDGE_CURVE('',#156,#154,#3665,.T.);
#3663=EDGE_CURVE('',#154,#146,#3666,.T.);
#3664=LINE('',#145,#3667);
#3665=LINE('',#155,#3668);
#3666=LINE('',#153,#3669);
#3667=VECTOR('',#3670,1.0);
#3668=VECTOR('',#3671,1.0);
#3669=VECTOR('',#3672,1.0);
#3670=DIRECTION('',(0.9914454670507252,0.13052159156464996,0));
#3671=DIRECTION('',(-0.7933698421049382,-0.6087399228228632,0));
#3672=DIRECTION('',(-1,0,0));
#3673=FACE_SURFACE('',(#3678),#3674,.T.);
#3674=PLANE('',#3675);
#3675=AXIS2_PLACEMENT_3D('',#145,#3676,#3677);
#3676=DIRECTION('',(0,0,-1));
#3677=DIRECTION('',(1,0,0));
#3678=FACE_BOUND('',#3679,.T.);
#3679=EDGE_LOOP('',(#3680,#3681,#3682));
#3680=ORIENTED_EDGE('',*,*,#3683,.T.);
#3681=ORIENTED_EDGE('',*,*,#3684,.T.);
#3682=ORIENTED_EDGE('',*,*,#3685,.T.);
#3683=EDGE_CURVE('',#146,#154,#3686,.F.);
#3684=EDGE_CURVE('',#154,#148,#3687,.T.);
#3685=EDGE_CURVE('',#148,#146,#3688,.T.);
#3686=LINE('',#145,#3689);
#3687=LINE('',#153,#3690);
#3688=LINE('',#147,#3691);
#3689=VECTOR('',#3692,1.0);
#3690=VECTOR('',#3693,1.0);
#3691=VECTOR('',#3694,1.0);
#3692=DIRECTION('',(1,0,0));
#3693=DIRECTION('',(-0.9914452477749593,-0.13052325717836483,0));
#3694=DIRECTION('',(-0.9238845490491588,0.3826713211467935,0));
#3695=FACE_SURFACE('',(#3700),#3696,.T.);
#3696=PLANE('',#3697);
#3697=AXIS2_PLACEMENT_3D('',#147,#3698,#3699);
#3698=DIRECTION('',(0,0,-1));
#3699=DIRECTION('',(0.9914452477749593,0.13052325717836483,0));
#3700=FACE_BOUND('',#3701,.T.);
#3701=EDGE_LOOP('',(#3702,#3703,#3704));
#3702=ORIENTED_EDGE('',*,*,#3705,.T.);
#3703=ORIENTED_EDGE('',*,*,#3706,.T.);
#3704=ORIENTED_EDGE('',*,*,#3707,.T.);
#3705=EDGE_CURVE('',#148,#154,#3708,.F.);
#3706=EDGE_CURVE('',#154,#152,#3709,.T.);
#3707=EDGE_CURVE('',#152,#148,#3710,.T.);
#3708=LINE('',#147,#3711);
#3709=LINE('',#153,#3712);
#3710=LINE('',#151,#3713);
#3711=VECTOR('',#3714,1.0);
#3712=VECTOR('',#3715,1.0);
#3713=VECTOR('',#3716,1.0);
#3714=DIRECTION('',(0.9914452477749593,0.13052325717836483,0));
#3715=DIRECTION('',(-0.9238788723493256,-0.3826850261331614,0));
#3716=DIRECTION('',(-1,0,0));
#3717=FACE_SURFACE('',(#3722),#3718,.T.);
#3718=PLANE('',#3719);
#3719=AXIS2_PLACEMENT_3D('',#147,#3720,#3721);
#3720=DIRECTION('',(0,0,-1));
#3721=DIRECTION('',(1,0,0));
#3722=FACE_BOUND('',#3723,.T.);
#3723=EDGE_LOOP('',(#3724,#3725,#3726));
#3724=ORIENTED_EDGE('',*,*,#3727,.T.);
#3725=ORIENTED_EDGE('',*,*,#3728,.T.);
#3726=ORIENTED_EDGE('',*,*,#3729,.T.);
#3727=EDGE_CURVE('',#148,#152,#3730,.F.);
#3728=EDGE_CURVE('',#152,#150,#3731,.T.);
#3729=EDGE_CURVE('',#150,#148,#3732,.T.);
#3730=LINE('',#147,#3733);
#3731=LINE('',#151,#3734);
#3732=LINE('',#149,#3735);
#3733=VECTOR('',#3736,1.0);
#3734=VECTOR('',#3737,1.0);
#3735=VECTOR('',#3738,1.0);
#3736=DIRECTION('',(1,0,0));
#3737=DIRECTION('',(-0.9914412288407107,-0.1305537810820565,0));
#3738=DIRECTION('',(-0.9914412288407118,0.13055378108204757,0));
#3739=FACE_SURFACE('',(#3744),#3740,.T.);
#3740=PLANE('',#3741);
#3741=AXIS2_PLACEMENT_3D('',#163,#3742,#3743);
#3742=DIRECTION('',(0,0,-1));
#3743=DIRECTION('',(-1,0,0));
#3744=FACE_BOUND('',#3745,.T.);
#3745=EDGE_LOOP('',(#3746,#3747,#3748));
#3746=ORIENTED_EDGE('',*,*,#3749,.T.);
#3747=ORIENTED_EDGE('',*,*,#3750,.T.);
#3748=ORIENTED_EDGE('',*,*,#3751,.T.);
#3749=EDGE_CURVE('',#164,#184,#3752,.F.);
#3750=EDGE_CURVE('',#184,#166,#3753,.T.);
#3751=EDGE_CURVE('',#166,#164,#3754,.T.);
#3752=LINE('',#163,#3755);
#3753=LINE('',#183,#3756);
#3754=LINE('',#165,#3757);
#3755=VECTOR('',#3758,1.0);
#3756=VECTOR('',#3759,1.0);
#3757=VECTOR('',#3760,1.0);
#3758=DIRECTION('',(-1,0,0));
#3759=DIRECTION('',(0.991444655774623,0.13052775389141993,0));
#3760=DIRECTION('',(0.3826713211467935,-0.9238845490491588,0));
#3761=FACE_SURFACE('',(#3766),#3762,.T.);
#3762=PLANE('',#3763);
#3763=AXIS2_PLACEMENT_3D('',#165,#3764,#3765);
#3764=DIRECTION('',(-0,0,-1));
#3765=DIRECTION('',(-0.991444655774623,-0.13052775389141993,0));
#3766=FACE_BOUND('',#3767,.T.);
#3767=EDGE_LOOP('',(#3768,#3769,#3770));
#3768=ORIENTED_EDGE('',*,*,#3771,.T.);
#3769=ORIENTED_EDGE('',*,*,#3772,.T.);
#3770=ORIENTED_EDGE('',*,*,#3773,.T.);
#3771=EDGE_CURVE('',#166,#184,#3774,.F.);
#3772=EDGE_CURVE('',#184,#182,#3775,.T.);
#3773=EDGE_CURVE('',#182,#166,#3776,.T.);
#3774=LINE('',#165,#3777);
#3775=LINE('',#183,#3778);
#3776=LINE('',#181,#3779);
#3777=VECTOR('',#3780,1.0);
#3778=VECTOR('',#3781,1.0);
#3779=VECTOR('',#3782,1.0);
#3780=DIRECTION('',(-0.991444655774623,-0.13052775389141993,0));
#3781=DIRECTION('',(0.3826713211467935,0.9238845490491588,0));
#3782=DIRECTION('',(1,0,0));
#3783=FACE_SURFACE('',(#3788),#3784,.T.);
#3784=PLANE('',#3785);
#3785=AXIS2_PLACEMENT_3D('',#165,#3786,#3787);
#3786=DIRECTION('',(0,0,-1));
#3787=DIRECTION('',(-1,0,0));
#3788=FACE_BOUND('',#3789,.T.);
#3789=EDGE_LOOP('',(#3790,#3791,#3792));
#3790=ORIENTED_EDGE('',*,*,#3793,.T.);
#3791=ORIENTED_EDGE('',*,*,#3794,.T.);
#3792=ORIENTED_EDGE('',*,*,#3795,.T.);
#3793=EDGE_CURVE('',#166,#182,#3796,.F.);
#3794=EDGE_CURVE('',#182,#168,#3797,.T.);
#3795=EDGE_CURVE('',#168,#166,#3798,.T.);
#3796=LINE('',#165,#3799);
#3797=LINE('',#181,#3800);
#3798=LINE('',#167,#3801);
#3799=VECTOR('',#3802,1.0);
#3800=VECTOR('',#3803,1.0);
#3801=VECTOR('',#3804,1.0);
#3802=DIRECTION('',(-1,0,0));
#3803=DIRECTION('',(0.9914453281835062,0.1305226463993887,0));
#3804=DIRECTION('',(0.6087586442260364,-0.7933554771223792,0));
#3805=FACE_SURFACE('',(#3810),#3806,.T.);
#3806=PLANE('',#3807);
#3807=AXIS2_PLACEMENT_3D('',#167,#3808,#3809);
#3808=DIRECTION('',(-0,0,-1));
#3809=DIRECTION('',(-0.9914453281835062,-0.1305226463993887,0));
#3810=FACE_BOUND('',#3811,.T.);
#3811=EDGE_LOOP('',(#3812,#3813,#3814));
#3812=ORIENTED_EDGE('',*,*,#3815,.T.);
#3813=ORIENTED_EDGE('',*,*,#3816,.T.);
#3814=ORIENTED_EDGE('',*,*,#3817,.T.);
#3815=EDGE_CURVE('',#168,#182,#3818,.F.);
#3816=EDGE_CURVE('',#182,#180,#3819,.T.);
#3817=EDGE_CURVE('',#180,#168,#3820,.T.);
#3818=LINE('',#167,#3821);
#3819=LINE('',#181,#3822);
#3820=LINE('',#179,#3823);
#3821=VECTOR('',#3824,1.0);
#3822=VECTOR('',#3825,1.0);
#3823=VECTOR('',#3826,1.0);
#3824=DIRECTION('',(-0.9914453281835062,-0.1305226463993887,0));
#3825=DIRECTION('',(0.6087830422768121,0.7933367553795735,0));
#3826=DIRECTION('',(1,0,0));
#3827=FACE_SURFACE('',(#3832),#3828,.T.);
#3828=PLANE('',#3829);
#3829=AXIS2_PLACEMENT_3D('',#167,#3830,#3831);
#3830=DIRECTION('',(0,0,-1));
#3831=DIRECTION('',(-1,0,0));
#3832=FACE_BOUND('',#3833,.T.);
#3833=EDGE_LOOP('',(#3834,#3835,#3836));
#3834=ORIENTED_EDGE('',*,*,#3837,.T.);
#3835=ORIENTED_EDGE('',*,*,#3838,.T.);
#3836=ORIENTED_EDGE('',*,*,#3839,.T.);
#3837=EDGE_CURVE('',#168,#180,#3840,.F.);
#3838=EDGE_CURVE('',#180,#170,#3841,.T.);
#3839=EDGE_CURVE('',#170,#168,#3842,.T.);
#3840=LINE('',#167,#3843);
#3841=LINE('',#179,#3844);
#3842=LINE('',#169,#3845);
#3843=VECTOR('',#3846,1.0);
#3844=VECTOR('',#3847,1.0);
#3845=VECTOR('',#3848,1.0);
#3846=DIRECTION('',(-1,0,0));
#3847=DIRECTION('',(0.9914442498757063,0.13053083692521816,0));
#3848=DIRECTION('',(0.7933511211746223,-0.6087643210068818,0));
#3849=FACE_SURFACE('',(#3854),#3850,.T.);
#3850=PLANE('',#3851);
#3851=AXIS2_PLACEMENT_3D('',#169,#3852,#3853);
#3852=DIRECTION('',(-0,0,-1));
#3853=DIRECTION('',(-0.9914442498757063,-0.13053083692521816,0));
#3854=FACE_BOUND('',#3855,.T.);
#3855=EDGE_LOOP('',(#3856,#3857,#3858));
#3856=ORIENTED_EDGE('',*,*,#3859,.T.);
#3857=ORIENTED_EDGE('',*,*,#3860,.T.);
#3858=ORIENTED_EDGE('',*,*,#3861,.T.);
#3859=EDGE_CURVE('',#170,#180,#3862,.F.);
#3860=EDGE_CURVE('',#180,#178,#3863,.T.);
#3861=EDGE_CURVE('',#178,#170,#3864,.T.);
#3862=LINE('',#169,#3865);
#3863=LINE('',#179,#3866);
#3864=LINE('',#177,#3867);
#3865=VECTOR('',#3868,1.0);
#3866=VECTOR('',#3869,1.0);
#3867=VECTOR('',#3870,1.0);
#3868=DIRECTION('',(-0.9914442498757063,-0.13053083692521816,0));
#3869=DIRECTION('',(0.7933367553795735,0.6087830422768121,0));
#3870=DIRECTION('',(1,0,0));
#3871=FACE_SURFACE('',(#3876),#3872,.T.);
#3872=PLANE('',#3873);
#3873=AXIS2_PLACEMENT_3D('',#169,#3874,#3875);
#3874=DIRECTION('',(0,0,-1));
#3875=DIRECTION('',(-1,0,0));
#3876=FACE_BOUND('',#3877,.T.);
#3877=EDGE_LOOP('',(#3878,#3879,#3880));
#3878=ORIENTED_EDGE('',*,*,#3881,.T.);
#3879=ORIENTED_EDGE('',*,*,#3882,.T.);
#3880=ORIENTED_EDGE('',*,*,#3883,.T.);
#3881=EDGE_CURVE('',#170,#178,#3884,.F.);
#3882=EDGE_CURVE('',#178,#172,#3885,.T.);
#3883=EDGE_CURVE('',#172,#170,#3886,.T.);
#3884=LINE('',#169,#3887);
#3885=LINE('',#177,#3888);
#3886=LINE('',#171,#3889);
#3887=VECTOR('',#3890,1.0);
#3888=VECTOR('',#3891,1.0);
#3889=VECTOR('',#3892,1.0);
#3890=DIRECTION('',(-1,0,0));
#3891=DIRECTION('',(0.9914454730172951,0.13052154624241852,0));
#3892=DIRECTION('',(0.9238788723493256,-0.3826850261331614,0));
#3893=FACE_SURFACE('',(#3898),#3894,.T.);
#3894=PLANE('',#3895);
#3895=AXIS2_PLACEMENT_3D('',#171,#3896,#3897);
#3896=DIRECTION('',(-0,0,-1));
#3897=DIRECTION('',(-0.9914454730172951,-0.13052154624241852,0));
#3898=FACE_BOUND('',#3899,.T.);
#3899=EDGE_LOOP('',(#3900,#3901,#3902));
#3900=ORIENTED_EDGE('',*,*,#3903,.T.);
#3901=ORIENTED_EDGE('',*,*,#3904,.T.);
#3902=ORIENTED_EDGE('',*,*,#3905,.T.);
#3903=EDGE_CURVE('',#172,#178,#3906,.F.);
#3904=EDGE_CURVE('',#178,#176,#3907,.T.);
#3905=EDGE_CURVE('',#176,#172,#3908,.T.);
#3906=LINE('',#171,#3909);
#3907=LINE('',#177,#3910);
#3908=LINE('',#175,#3911);
#3909=VECTOR('',#3912,1.0);
#3910=VECTOR('',#3913,1.0);
#3911=VECTOR('',#3914,1.0);
#3912=DIRECTION('',(-0.9914454730172951,-0.13052154624241852,0));
#3913=DIRECTION('',(0.9238845490491588,0.3826713211467935,0));
#3914=DIRECTION('',(1,0,0));
#3915=FACE_SURFACE('',(#3920),#3916,.T.);
#3916=PLANE('',#3917);
#3917=AXIS2_PLACEMENT_3D('',#171,#3918,#3919);
#3918=DIRECTION('',(0,0,-1));
#3919=DIRECTION('',(-1,0,0));
#3920=FACE_BOUND('',#3921,.T.);
#3921=EDGE_LOOP('',(#3922,#3923,#3924));
#3922=ORIENTED_EDGE('',*,*,#3925,.T.);
#3923=ORIENTED_EDGE('',*,*,#3926,.T.);
#3924=ORIENTED_EDGE('',*,*,#3927,.T.);
#3925=EDGE_CURVE('',#172,#176,#3928,.F.);
#3926=EDGE_CURVE('',#176,#174,#3929,.T.);
#3927=EDGE_CURVE('',#174,#172,#3930,.T.);
#3928=LINE('',#171,#3931);
#3929=LINE('',#175,#3932);
#3930=LINE('',#173,#3933);
#3931=VECTOR('',#3934,1.0);
#3932=VECTOR('',#3935,1.0);
#3933=VECTOR('',#3936,1.0);
#3934=DIRECTION('',(-1,0,0));
#3935=DIRECTION('',(0.9914462454770343,0.13051567848152362,0));
#3936=DIRECTION('',(0.991446245477033,-0.13051567848153253,0));
#3937=FACE_SURFACE('',(#3942),#3938,.T.);
#3938=PLANE('',#3939);
#3939=AXIS2_PLACEMENT_3D('',#235,#3940,#3941);
#3940=DIRECTION('',(-0.9914432707586525,0.13053827357286926,0));
#3941=DIRECTION('',(0,0,-1));
#3942=FACE_BOUND('',#3943,.T.);
#3943=EDGE_LOOP('',(#3944,#3945,#3946));
#3944=ORIENTED_EDGE('',*,*,#3947,.T.);
#3945=ORIENTED_EDGE('',*,*,#3948,.T.);
#3946=ORIENTED_EDGE('',*,*,#3949,.T.);
#3947=EDGE_CURVE('',#236,#328,#3950,.F.);
#3948=EDGE_CURVE('',#328,#234,#3951,.T.);
#3949=EDGE_CURVE('',#234,#236,#3952,.T.);
#3950=LINE('',#235,#3953);
#3951=LINE('',#327,#3954);
#3952=LINE('',#233,#3955);
#3953=VECTOR('',#3956,1.0);
#3954=VECTOR('',#3957,1.0);
#3955=VECTOR('',#3958,1.0);
#3956=DIRECTION('',(0,0,-1));
#3957=DIRECTION('',(-0.027130356840735177,-0.2060561166224763,0.9781640049297249));
#3958=DIRECTION('',(0.13053827357286926,0.9914432707586525,0));
#3959=FACE_SURFACE('',(#3964),#3960,.T.);
#3960=PLANE('',#3961);
#3961=AXIS2_PLACEMENT_3D('',#233,#3962,#3963);
#3962=DIRECTION('',(-0.9914432707586525,0.13053827357286926,0));
#3963=DIRECTION('',(0.027130356840735177,0.2060561166224763,-0.9781640049297249));
#3964=FACE_BOUND('',#3965,.T.);
#3965=EDGE_LOOP('',(#3966,#3967,#3968));
#3966=ORIENTED_EDGE('',*,*,#3969,.T.);
#3967=ORIENTED_EDGE('',*,*,#3970,.T.);
#3968=ORIENTED_EDGE('',*,*,#3971,.T.);
#3969=EDGE_CURVE('',#234,#328,#3972,.F.);
#3970=EDGE_CURVE('',#328,#282,#3973,.T.);
#3971=EDGE_CURVE('',#282,#234,#3974,.T.);
#3972=LINE('',#233,#3975);
#3973=LINE('',#327,#3976);
#3974=LINE('',#281,#3977);
#3975=VECTOR('',#3978,1.0);
#3976=VECTOR('',#3979,1.0);
#3977=VECTOR('',#3980,1.0);
#3978=DIRECTION('',(0.027130356840735177,0.2060561166224763,-0.9781640049297249));
#3979=DIRECTION('',(-0.13053827357286926,-0.9914432707586525,0));
#3980=DIRECTION('',(0,0,1));
#3981=FACE_SURFACE('',(#3986),#3982,.T.);
#3982=PLANE('',#3983);
#3983=AXIS2_PLACEMENT_3D('',#233,#3984,#3985);
#3984=DIRECTION('',(-0.9914439123159282,-0.13053340082785728,-0));
#3985=DIRECTION('',(0,0,-1));
#3986=FACE_BOUND('',#3987,.T.);
#3987=EDGE_LOOP('',(#3988,#3989,#3990));
#3988=ORIENTED_EDGE('',*,*,#3991,.T.);
#3989=ORIENTED_EDGE('',*,*,#3992,.T.);
#3990=ORIENTED_EDGE('',*,*,#3993,.T.);
#3991=EDGE_CURVE('',#234,#282,#3994,.F.);
#3992=EDGE_CURVE('',#282,#280,#3995,.T.);
#3993=EDGE_CURVE('',#280,#234,#3996,.T.);
#3994=LINE('',#233,#3997);
#3995=LINE('',#281,#3998);
#3996=LINE('',#279,#3999);
#3997=VECTOR('',#4000,1.0);
#3998=VECTOR('',#4001,1.0);
#3999=VECTOR('',#4002,1.0);
#4000=DIRECTION('',(0,0,-1));
#4001=DIRECTION('',(0.027130313093573947,-0.20606360966049872,0.9781624276597065));
#4002=DIRECTION('',(-0.13053340082785728,0.9914439123159282,0));
#4003=FACE_SURFACE('',(#4008),#4004,.T.);
#4004=PLANE('',#4005);
#4005=AXIS2_PLACEMENT_3D('',#279,#4006,#4007);
#4006=DIRECTION('',(-0.9914439123159282,-0.13053340082785728,-0));
#4007=DIRECTION('',(-0.027130313093573947,0.20606360966049872,-0.9781624276597065));
#4008=FACE_BOUND('',#4009,.T.);
#4009=EDGE_LOOP('',(#4010,#4011,#4012));
#4010=ORIENTED_EDGE('',*,*,#4013,.T.);
#4011=ORIENTED_EDGE('',*,*,#4014,.T.);
#4012=ORIENTED_EDGE('',*,*,#4015,.T.);
#4013=EDGE_CURVE('',#280,#282,#4016,.F.);
#4014=EDGE_CURVE('',#282,#284,#4017,.T.);
#4015=EDGE_CURVE('',#284,#280,#4018,.T.);
#4016=LINE('',#279,#4019);
#4017=LINE('',#281,#4020);
#4018=LINE('',#283,#4021);
#4019=VECTOR('',#4022,1.0);
#4020=VECTOR('',#4023,1.0);
#4021=VECTOR('',#4024,1.0);
#4022=DIRECTION('',(-0.027130313093573947,0.20606360966049872,-0.9781624276597065));
#4023=DIRECTION('',(0.13053340082785728,-0.9914439123159282,0));
#4024=DIRECTION('',(0,0,1));
#4025=FACE_SURFACE('',(#4030),#4026,.T.);
#4026=PLANE('',#4027);
#4027=AXIS2_PLACEMENT_3D('',#279,#4028,#4029);
#4028=DIRECTION('',(-0.9238846786164553,-0.382671008331921,-0));
#4029=DIRECTION('',(0,0,-1));
#4030=FACE_BOUND('',#4031,.T.);
#4031=EDGE_LOOP('',(#4032,#4033,#4034));
#4032=ORIENTED_EDGE('',*,*,#4035,.T.);
#4033=ORIENTED_EDGE('',*,*,#4036,.T.);
#4034=ORIENTED_EDGE('',*,*,#4037,.T.);
#4035=EDGE_CURVE('',#280,#284,#4038,.F.);
#4036=EDGE_CURVE('',#284,#278,#4039,.T.);
#4037=EDGE_CURVE('',#278,#280,#4040,.T.);
#4038=LINE('',#279,#4041);
#4039=LINE('',#283,#4042);
#4040=LINE('',#277,#4043);
#4041=VECTOR('',#4044,1.0);
#4042=VECTOR('',#4045,1.0);
#4043=VECTOR('',#4046,1.0);
#4044=DIRECTION('',(0,0,-1));
#4045=DIRECTION('',(0.0795362886740993,-0.19202489057200472,0.978161755633883));
#4046=DIRECTION('',(-0.382671008331921,0.9238846786164553,0));
#4047=FACE_SURFACE('',(#4052),#4048,.T.);
#4048=PLANE('',#4049);
#4049=AXIS2_PLACEMENT_3D('',#277,#4050,#4051);
#4050=DIRECTION('',(-0.9238846786164553,-0.382671008331921,-0));
#4051=DIRECTION('',(-0.0795362886740993,0.19202489057200472,-0.978161755633883));
#4052=FACE_BOUND('',#4053,.T.);
#4053=EDGE_LOOP('',(#4054,#4055,#4056));
#4054=ORIENTED_EDGE('',*,*,#4057,.T.);
#4055=ORIENTED_EDGE('',*,*,#4058,.T.);
#4056=ORIENTED_EDGE('',*,*,#4059,.T.);
#4057=EDGE_CURVE('',#278,#284,#4060,.F.);
#4058=EDGE_CURVE('',#284,#286,#4061,.T.);
#4059=EDGE_CURVE('',#286,#278,#4062,.T.);
#4060=LINE('',#277,#4063);
#4061=LINE('',#283,#4064);
#4062=LINE('',#285,#4065);
#4063=VECTOR('',#4066,1.0);
#4064=VECTOR('',#4067,1.0);
#4065=VECTOR('',#4068,1.0);
#4066=DIRECTION('',(-0.0795362886740993,0.19202489057200472,-0.978161755633883));
#4067=DIRECTION('',(0.382671008331921,-0.9238846786164553,0));
#4068=DIRECTION('',(0,0,1));
#4069=FACE_SURFACE('',(#4074),#4070,.T.);
#4070=PLANE('',#4071);
#4071=AXIS2_PLACEMENT_3D('',#277,#4072,#4073);
#4072=DIRECTION('',(-0.7933554184834694,-0.6087587206462993,-0));
#4073=DIRECTION('',(0,0,-1));
#4074=FACE_BOUND('',#4075,.T.);
#4075=EDGE_LOOP('',(#4076,#4077,#4078));
#4076=ORIENTED_EDGE('',*,*,#4079,.T.);
#4077=ORIENTED_EDGE('',*,*,#4080,.T.);
#4078=ORIENTED_EDGE('',*,*,#4081,.T.);
#4079=EDGE_CURVE('',#278,#286,#4082,.F.);
#4080=EDGE_CURVE('',#286,#276,#4083,.T.);
#4081=EDGE_CURVE('',#276,#278,#4084,.T.);
#4082=LINE('',#277,#4085);
#4083=LINE('',#285,#4086);
#4084=LINE('',#275,#4087);
#4085=VECTOR('',#4088,1.0);
#4086=VECTOR('',#4089,1.0);
#4087=VECTOR('',#4090,1.0);
#4088=DIRECTION('',(0,0,-1));
#4089=DIRECTION('',(0.12652719363993595,-0.1648946146564916,0.9781618656065515));
#4090=DIRECTION('',(-0.6087587206462993,0.7933554184834694,0));
#4091=FACE_SURFACE('',(#4096),#4092,.T.);
#4092=PLANE('',#4093);
#4093=AXIS2_PLACEMENT_3D('',#275,#4094,#4095);
#4094=DIRECTION('',(-0.7933554184834694,-0.6087587206462993,-0));
#4095=DIRECTION('',(-0.12652719363993595,0.1648946146564916,-0.9781618656065515));
#4096=FACE_BOUND('',#4097,.T.);
#4097=EDGE_LOOP('',(#4098,#4099,#4100));
#4098=ORIENTED_EDGE('',*,*,#4101,.T.);
#4099=ORIENTED_EDGE('',*,*,#4102,.T.);
#4100=ORIENTED_EDGE('',*,*,#4103,.T.);
#4101=EDGE_CURVE('',#276,#286,#4104,.F.);
#4102=EDGE_CURVE('',#286,#288,#4105,.T.);
#4103=EDGE_CURVE('',#288,#276,#4106,.T.);
#4104=LINE('',#275,#4107);
#4105=LINE('',#285,#4108);
#4106=LINE('',#287,#4109);
#4107=VECTOR('',#4110,1.0);
#4108=VECTOR('',#4111,1.0);
#4109=VECTOR('',#4112,1.0);
#4110=DIRECTION('',(-0.12652719363993595,0.1648946146564916,-0.9781618656065515));
#4111=DIRECTION('',(0.6087587206462993,-0.7933554184834694,0));
#4112=DIRECTION('',(0,0,1));
#4113=FACE_SURFACE('',(#4118),#4114,.T.);
#4114=PLANE('',#4115);
#4115=AXIS2_PLACEMENT_3D('',#275,#4116,#4117);
#4116=DIRECTION('',(-0.6087532065056118,-0.7933596495720815,-0));
#4117=DIRECTION('',(0,0,-1));
#4118=FACE_BOUND('',#4119,.T.);
#4119=EDGE_LOOP('',(#4120,#4121,#4122));
#4120=ORIENTED_EDGE('',*,*,#4123,.T.);
#4121=ORIENTED_EDGE('',*,*,#4124,.T.);
#4122=ORIENTED_EDGE('',*,*,#4125,.T.);
#4123=EDGE_CURVE('',#276,#288,#4126,.F.);
#4124=EDGE_CURVE('',#288,#274,#4127,.T.);
#4125=EDGE_CURVE('',#274,#276,#4128,.T.);
#4126=LINE('',#275,#4129);
#4127=LINE('',#287,#4130);
#4128=LINE('',#273,#4131);
#4129=VECTOR('',#4132,1.0);
#4130=VECTOR('',#4133,1.0);
#4131=VECTOR('',#4134,1.0);
#4132=DIRECTION('',(0,0,-1));
#4133=DIRECTION('',(0.16488716537075299,-0.12651965686080338,0.9781640962148542));
#4134=DIRECTION('',(-0.7933596495720815,0.6087532065056118,0));
#4135=FACE_SURFACE('',(#4140),#4136,.T.);
#4136=PLANE('',#4137);
#4137=AXIS2_PLACEMENT_3D('',#273,#4138,#4139);
#4138=DIRECTION('',(-0.6087532065056118,-0.7933596495720815,-0));
#4139=DIRECTION('',(-0.16488716537075299,0.12651965686080338,-0.9781640962148542));
#4140=FACE_BOUND('',#4141,.T.);
#4141=EDGE_LOOP('',(#4142,#4143,#4144));
#4142=ORIENTED_EDGE('',*,*,#4145,.T.);
#4143=ORIENTED_EDGE('',*,*,#4146,.T.);
#4144=ORIENTED_EDGE('',*,*,#4147,.T.);
#4145=EDGE_CURVE('',#274,#288,#4148,.F.);
#4146=EDGE_CURVE('',#288,#290,#4149,.T.);
#4147=EDGE_CURVE('',#290,#274,#4150,.T.);
#4148=LINE('',#273,#4151);
#4149=LINE('',#287,#4152);
#4150=LINE('',#289,#4153);
#4151=VECTOR('',#4154,1.0);
#4152=VECTOR('',#4155,1.0);
#4153=VECTOR('',#4156,1.0);
#4154=DIRECTION('',(-0.16488716537075299,0.12651965686080338,-0.9781640962148542));
#4155=DIRECTION('',(0.7933596495720815,-0.6087532065056118,0));
#4156=DIRECTION('',(0,0,1));
#4157=FACE_SURFACE('',(#4162),#4158,.T.);
#4158=PLANE('',#4159);
#4159=AXIS2_PLACEMENT_3D('',#273,#4160,#4161);
#4160=DIRECTION('',(-0.3827164559387198,-0.9238658530077329,-0));
#4161=DIRECTION('',(0,0,-1));
#4162=FACE_BOUND('',#4163,.T.);
#4163=EDGE_LOOP('',(#4164,#4165,#4166));
#4164=ORIENTED_EDGE('',*,*,#4167,.T.);
#4165=ORIENTED_EDGE('',*,*,#4168,.T.);
#4166=ORIENTED_EDGE('',*,*,#4169,.T.);
#4167=EDGE_CURVE('',#274,#290,#4170,.F.);
#4168=EDGE_CURVE('',#290,#272,#4171,.T.);
#4169=EDGE_CURVE('',#272,#274,#4172,.T.);
#4170=LINE('',#273,#4173);
#4171=LINE('',#289,#4174);
#4172=LINE('',#271,#4175);
#4173=VECTOR('',#4176,1.0);
#4174=VECTOR('',#4177,1.0);
#4175=VECTOR('',#4178,1.0);
#4176=DIRECTION('',(0,0,-1));
#4177=DIRECTION('',(0.19201723429066475,-0.07954418398258835,0.978162616608255));
#4178=DIRECTION('',(-0.9238658530077329,0.3827164559387198,0));
#4179=FACE_SURFACE('',(#4184),#4180,.T.);
#4180=PLANE('',#4181);
#4181=AXIS2_PLACEMENT_3D('',#271,#4182,#4183);
#4182=DIRECTION('',(-0.3827164559387198,-0.9238658530077329,-0));
#4183=DIRECTION('',(-0.19201723429066475,0.07954418398258835,-0.978162616608255));
#4184=FACE_BOUND('',#4185,.T.);
#4185=EDGE_LOOP('',(#4186,#4187,#4188));
#4186=ORIENTED_EDGE('',*,*,#4189,.T.);
#4187=ORIENTED_EDGE('',*,*,#4190,.T.);
#4188=ORIENTED_EDGE('',*,*,#4191,.T.);
#4189=EDGE_CURVE('',#272,#290,#4192,.F.);
#4190=EDGE_CURVE('',#290,#292,#4193,.T.);
#4191=EDGE_CURVE('',#292,#272,#4194,.T.);
#4192=LINE('',#271,#4195);
#4193=LINE('',#289,#4196);
#4194=LINE('',#291,#4197);
#4195=VECTOR('',#4198,1.0);
#4196=VECTOR('',#4199,1.0);
#4197=VECTOR('',#4200,1.0);
#4198=DIRECTION('',(-0.19201723429066475,0.07954418398258835,-0.978162616608255));
#4199=DIRECTION('',(0.9238658530077329,-0.3827164559387198,0));
#4200=DIRECTION('',(0,0,1));
#4201=FACE_SURFACE('',(#4206),#4202,.T.);
#4202=PLANE('',#4203);
#4203=AXIS2_PLACEMENT_3D('',#271,#4204,#4205);
#4204=DIRECTION('',(-0.13049639183096454,-0.9914487842138389,-0));
#4205=DIRECTION('',(0,0,-1));
#4206=FACE_BOUND('',#4207,.T.);
#4207=EDGE_LOOP('',(#4208,#4209,#4210));
#4208=ORIENTED_EDGE('',*,*,#4211,.T.);
#4209=ORIENTED_EDGE('',*,*,#4212,.T.);
#4210=ORIENTED_EDGE('',*,*,#4213,.T.);
#4211=EDGE_CURVE('',#272,#292,#4214,.F.);
#4212=EDGE_CURVE('',#292,#270,#4215,.T.);
#4213=EDGE_CURVE('',#270,#272,#4216,.T.);
#4214=LINE('',#271,#4217);
#4215=LINE('',#291,#4218);
#4216=LINE('',#269,#4219);
#4217=VECTOR('',#4220,1.0);
#4218=VECTOR('',#4221,1.0);
#4219=VECTOR('',#4222,1.0);
#4220=DIRECTION('',(0,0,-1));
#4221=DIRECTION('',(0.20606365340208962,-0.02712249355149677,0.9781626352964689));
#4222=DIRECTION('',(-0.9914487842138389,0.13049639183096454,0));
#4223=FACE_SURFACE('',(#4228),#4224,.T.);
#4224=PLANE('',#4225);
#4225=AXIS2_PLACEMENT_3D('',#269,#4226,#4227);
#4226=DIRECTION('',(-0.13049639183096454,-0.9914487842138389,-0));
#4227=DIRECTION('',(-0.20606365340208962,0.02712249355149677,-0.9781626352964689));
#4228=FACE_BOUND('',#4229,.T.);
#4229=EDGE_LOOP('',(#4230,#4231,#4232));
#4230=ORIENTED_EDGE('',*,*,#4233,.T.);
#4231=ORIENTED_EDGE('',*,*,#4234,.T.);
#4232=ORIENTED_EDGE('',*,*,#4235,.T.);
#4233=EDGE_CURVE('',#270,#292,#4236,.F.);
#4234=EDGE_CURVE('',#292,#294,#4237,.T.);
#4235=EDGE_CURVE('',#294,#270,#4238,.T.);
#4236=LINE('',#269,#4239);
#4237=LINE('',#291,#4240);
#4238=LINE('',#293,#4241);
#4239=VECTOR('',#4242,1.0);
#4240=VECTOR('',#4243,1.0);
#4241=VECTOR('',#4244,1.0);
#4242=DIRECTION('',(-0.20606365340208962,0.02712249355149677,-0.9781626352964689));
#4243=DIRECTION('',(0.9914487842138389,-0.13049639183096454,0));
#4244=DIRECTION('',(0,0,1));
#4245=FACE_SURFACE('',(#4250),#4246,.T.);
#4246=PLANE('',#4247);
#4247=AXIS2_PLACEMENT_3D('',#269,#4248,#4249);
#4248=DIRECTION('',(0.1304915207801139,-0.9914494253387275,0));
#4249=DIRECTION('',(0,0,-1));
#4250=FACE_BOUND('',#4251,.T.);
#4251=EDGE_LOOP('',(#4252,#4253,#4254));
#4252=ORIENTED_EDGE('',*,*,#4255,.T.);
#4253=ORIENTED_EDGE('',*,*,#4256,.T.);
#4254=ORIENTED_EDGE('',*,*,#4257,.T.);
#4255=EDGE_CURVE('',#270,#294,#4258,.F.);
#4256=EDGE_CURVE('',#294,#268,#4259,.T.);
#4257=EDGE_CURVE('',#268,#270,#4260,.T.);
#4258=LINE('',#269,#4261);
#4259=LINE('',#293,#4262);
#4260=LINE('',#267,#4263);
#4261=VECTOR('',#4264,1.0);
#4262=VECTOR('',#4265,1.0);
#4263=VECTOR('',#4266,1.0);
#4264=DIRECTION('',(0,0,-1));
#4265=DIRECTION('',(0.2060711464053271,0.027122449815476478,0.978161057973175));
#4266=DIRECTION('',(-0.9914494253387275,-0.1304915207801139,0));
#4267=FACE_SURFACE('',(#4272),#4268,.T.);
#4268=PLANE('',#4269);
#4269=AXIS2_PLACEMENT_3D('',#267,#4270,#4271);
#4270=DIRECTION('',(0.1304915207801139,-0.9914494253387275,0));
#4271=DIRECTION('',(-0.2060711464053271,-0.027122449815476478,-0.978161057973175));
#4272=FACE_BOUND('',#4273,.T.);
#4273=EDGE_LOOP('',(#4274,#4275,#4276));
#4274=ORIENTED_EDGE('',*,*,#4277,.T.);
#4275=ORIENTED_EDGE('',*,*,#4278,.T.);
#4276=ORIENTED_EDGE('',*,*,#4279,.T.);
#4277=EDGE_CURVE('',#268,#294,#4280,.F.);
#4278=EDGE_CURVE('',#294,#296,#4281,.T.);
#4279=EDGE_CURVE('',#296,#268,#4282,.T.);
#4280=LINE('',#267,#4283);
#4281=LINE('',#293,#4284);
#4282=LINE('',#295,#4285);
#4283=VECTOR('',#4286,1.0);
#4284=VECTOR('',#4287,1.0);
#4285=VECTOR('',#4288,1.0);
#4286=DIRECTION('',(-0.2060711464053271,-0.027122449815476478,-0.978161057973175));
#4287=DIRECTION('',(0.9914494253387275,0.1304915207801139,0));
#4288=DIRECTION('',(0,0,1));
#4289=FACE_SURFACE('',(#4294),#4290,.T.);
#4290=PLANE('',#4291);
#4291=AXIS2_PLACEMENT_3D('',#267,#4292,#4293);
#4292=DIRECTION('',(0.3827164559387198,-0.9238658530077329,0));
#4293=DIRECTION('',(0,0,-1));
#4294=FACE_BOUND('',#4295,.T.);
#4295=EDGE_LOOP('',(#4296,#4297,#4298));
#4296=ORIENTED_EDGE('',*,*,#4299,.T.);
#4297=ORIENTED_EDGE('',*,*,#4300,.T.);
#4298=ORIENTED_EDGE('',*,*,#4301,.T.);
#4299=EDGE_CURVE('',#268,#296,#4302,.F.);
#4300=EDGE_CURVE('',#296,#266,#4303,.T.);
#4301=EDGE_CURVE('',#266,#268,#4304,.T.);
#4302=LINE('',#267,#4305);
#4303=LINE('',#295,#4306);
#4304=LINE('',#265,#4307);
#4305=VECTOR('',#4308,1.0);
#4306=VECTOR('',#4309,1.0);
#4307=VECTOR('',#4310,1.0);
#4308=DIRECTION('',(0,0,-1));
#4309=DIRECTION('',(0.19201723429066475,0.07954418398258835,0.978162616608255));
#4310=DIRECTION('',(-0.9238658530077329,-0.3827164559387198,0));
#4311=FACE_SURFACE('',(#4316),#4312,.T.);
#4312=PLANE('',#4313);
#4313=AXIS2_PLACEMENT_3D('',#265,#4314,#4315);
#4314=DIRECTION('',(0.3827164559387198,-0.9238658530077329,0));
#4315=DIRECTION('',(-0.19201723429066475,-0.07954418398258835,-0.978162616608255));
#4316=FACE_BOUND('',#4317,.T.);
#4317=EDGE_LOOP('',(#4318,#4319,#4320));
#4318=ORIENTED_EDGE('',*,*,#4321,.T.);
#4319=ORIENTED_EDGE('',*,*,#4322,.T.);
#4320=ORIENTED_EDGE('',*,*,#4323,.T.);
#4321=EDGE_CURVE('',#266,#296,#4324,.F.);
#4322=EDGE_CURVE('',#296,#298,#4325,.T.);
#4323=EDGE_CURVE('',#298,#266,#4326,.T.);
#4324=LINE('',#265,#4327);
#4325=LINE('',#295,#4328);
#4326=LINE('',#297,#4329);
#4327=VECTOR('',#4330,1.0);
#4328=VECTOR('',#4331,1.0);
#4329=VECTOR('',#4332,1.0);
#4330=DIRECTION('',(-0.19201723429066475,-0.07954418398258835,-0.978162616608255));
#4331=DIRECTION('',(0.9238658530077329,0.3827164559387198,0));
#4332=DIRECTION('',(0,0,1));
#4333=FACE_SURFACE('',(#4338),#4334,.T.);
#4334=PLANE('',#4335);
#4335=AXIS2_PLACEMENT_3D('',#265,#4336,#4337);
#4336=DIRECTION('',(0.6087350225996332,-0.793373601943387,0));
#4337=DIRECTION('',(0,0,-1));
#4338=FACE_BOUND('',#4339,.T.);
#4339=EDGE_LOOP('',(#4340,#4341,#4342));
#4340=ORIENTED_EDGE('',*,*,#4343,.T.);
#4341=ORIENTED_EDGE('',*,*,#4344,.T.);
#4342=ORIENTED_EDGE('',*,*,#4345,.T.);
#4343=EDGE_CURVE('',#266,#298,#4346,.F.);
#4344=EDGE_CURVE('',#298,#264,#4347,.T.);
#4345=EDGE_CURVE('',#264,#266,#4348,.T.);
#4346=LINE('',#265,#4349);
#4347=LINE('',#297,#4350);
#4348=LINE('',#263,#4351);
#4349=VECTOR('',#4352,1.0);
#4350=VECTOR('',#4353,1.0);
#4351=VECTOR('',#4354,1.0);
#4352=DIRECTION('',(0,0,-1));
#4353=DIRECTION('',(0.1648947779159222,0.12651949360973702,0.9781628340684357));
#4354=DIRECTION('',(-0.793373601943387,-0.6087350225996332,0));
#4355=FACE_SURFACE('',(#4360),#4356,.T.);
#4356=PLANE('',#4357);
#4357=AXIS2_PLACEMENT_3D('',#263,#4358,#4359);
#4358=DIRECTION('',(0.6087350225996332,-0.793373601943387,0));
#4359=DIRECTION('',(-0.1648947779159222,-0.12651949360973702,-0.9781628340684357));
#4360=FACE_BOUND('',#4361,.T.);
#4361=EDGE_LOOP('',(#4362,#4363,#4364));
#4362=ORIENTED_EDGE('',*,*,#4365,.T.);
#4363=ORIENTED_EDGE('',*,*,#4366,.T.);
#4364=ORIENTED_EDGE('',*,*,#4367,.T.);
#4365=EDGE_CURVE('',#264,#298,#4368,.F.);
#4366=EDGE_CURVE('',#298,#300,#4369,.T.);
#4367=EDGE_CURVE('',#300,#264,#4370,.T.);
#4368=LINE('',#263,#4371);
#4369=LINE('',#297,#4372);
#4370=LINE('',#299,#4373);
#4371=VECTOR('',#4374,1.0);
#4372=VECTOR('',#4375,1.0);
#4373=VECTOR('',#4376,1.0);
#4374=DIRECTION('',(-0.1648947779159222,-0.12651949360973702,-0.9781628340684357));
#4375=DIRECTION('',(0.793373601943387,0.6087350225996332,0));
#4376=DIRECTION('',(0,0,1));
#4377=FACE_SURFACE('',(#4382),#4378,.T.);
#4378=PLANE('',#4379);
#4379=AXIS2_PLACEMENT_3D('',#263,#4380,#4381);
#4380=DIRECTION('',(0.7933736019433548,-0.6087350225996753,0));
#4381=DIRECTION('',(0,0,-1));
#4382=FACE_BOUND('',#4383,.T.);
#4383=EDGE_LOOP('',(#4384,#4385,#4386));
#4384=ORIENTED_EDGE('',*,*,#4387,.T.);
#4385=ORIENTED_EDGE('',*,*,#4388,.T.);
#4386=ORIENTED_EDGE('',*,*,#4389,.T.);
#4387=EDGE_CURVE('',#264,#300,#4390,.F.);
#4388=EDGE_CURVE('',#300,#262,#4391,.T.);
#4389=EDGE_CURVE('',#262,#264,#4392,.T.);
#4390=LINE('',#263,#4393);
#4391=LINE('',#299,#4394);
#4392=LINE('',#261,#4395);
#4393=VECTOR('',#4396,1.0);
#4394=VECTOR('',#4397,1.0);
#4395=VECTOR('',#4398,1.0);
#4396=DIRECTION('',(0,0,-1));
#4397=DIRECTION('',(0.12651949360975073,0.16489477791592194,0.9781628340684343));
#4398=DIRECTION('',(-0.6087350225996753,-0.7933736019433548,0));
#4399=FACE_SURFACE('',(#4404),#4400,.T.);
#4400=PLANE('',#4401);
#4401=AXIS2_PLACEMENT_3D('',#261,#4402,#4403);
#4402=DIRECTION('',(0.7933736019433548,-0.6087350225996753,0));
#4403=DIRECTION('',(-0.12651949360975073,-0.16489477791592194,-0.9781628340684343));
#4404=FACE_BOUND('',#4405,.T.);
#4405=EDGE_LOOP('',(#4406,#4407,#4408));
#4406=ORIENTED_EDGE('',*,*,#4409,.T.);
#4407=ORIENTED_EDGE('',*,*,#4410,.T.);
#4408=ORIENTED_EDGE('',*,*,#4411,.T.);
#4409=EDGE_CURVE('',#262,#300,#4412,.F.);
#4410=EDGE_CURVE('',#300,#302,#4413,.T.);
#4411=EDGE_CURVE('',#302,#262,#4414,.T.);
#4412=LINE('',#261,#4415);
#4413=LINE('',#299,#4416);
#4414=LINE('',#301,#4417);
#4415=VECTOR('',#4418,1.0);
#4416=VECTOR('',#4419,1.0);
#4417=VECTOR('',#4420,1.0);
#4418=DIRECTION('',(-0.12651949360975073,-0.16489477791592194,-0.9781628340684343));
#4419=DIRECTION('',(0.6087350225996753,0.7933736019433548,0));
#4420=DIRECTION('',(0,0,1));
#4421=FACE_SURFACE('',(#4426),#4422,.T.);
#4422=PLANE('',#4423);
#4423=AXIS2_PLACEMENT_3D('',#261,#4424,#4425);
#4424=DIRECTION('',(0.9238846786164553,-0.382671008331921,0));
#4425=DIRECTION('',(0,0,-1));
#4426=FACE_BOUND('',#4427,.T.);
#4427=EDGE_LOOP('',(#4428,#4429,#4430));
#4428=ORIENTED_EDGE('',*,*,#4431,.T.);
#4429=ORIENTED_EDGE('',*,*,#4432,.T.);
#4430=ORIENTED_EDGE('',*,*,#4433,.T.);
#4431=EDGE_CURVE('',#262,#302,#4434,.F.);
#4432=EDGE_CURVE('',#302,#260,#4435,.T.);
#4433=EDGE_CURVE('',#260,#262,#4436,.T.);
#4434=LINE('',#261,#4437);
#4435=LINE('',#301,#4438);
#4436=LINE('',#259,#4439);
#4437=VECTOR('',#4440,1.0);
#4438=VECTOR('',#4441,1.0);
#4439=VECTOR('',#4442,1.0);
#4440=DIRECTION('',(0,0,-1));
#4441=DIRECTION('',(0.0795362886740993,0.19202489057200472,0.978161755633883));
#4442=DIRECTION('',(-0.382671008331921,-0.9238846786164553,0));
#4443=FACE_SURFACE('',(#4448),#4444,.T.);
#4444=PLANE('',#4445);
#4445=AXIS2_PLACEMENT_3D('',#259,#4446,#4447);
#4446=DIRECTION('',(0.9238846786164553,-0.382671008331921,0));
#4447=DIRECTION('',(-0.0795362886740993,-0.19202489057200472,-0.978161755633883));
#4448=FACE_BOUND('',#4449,.T.);
#4449=EDGE_LOOP('',(#4450,#4451,#4452));
#4450=ORIENTED_EDGE('',*,*,#4453,.T.);
#4451=ORIENTED_EDGE('',*,*,#4454,.T.);
#4452=ORIENTED_EDGE('',*,*,#4455,.T.);
#4453=EDGE_CURVE('',#260,#302,#4456,.F.);
#4454=EDGE_CURVE('',#302,#304,#4457,.T.);
#4455=EDGE_CURVE('',#304,#260,#4458,.T.);
#4456=LINE('',#259,#4459);
#4457=LINE('',#301,#4460);
#4458=LINE('',#303,#4461);
#4459=VECTOR('',#4462,1.0);
#4460=VECTOR('',#4463,1.0);
#4461=VECTOR('',#4464,1.0);
#4462=DIRECTION('',(-0.0795362886740993,-0.19202489057200472,-0.978161755633883));
#4463=DIRECTION('',(0.382671008331921,0.9238846786164553,0));
#4464=DIRECTION('',(0,0,1));
#4465=FACE_SURFACE('',(#4470),#4466,.T.);
#4466=PLANE('',#4467);
#4467=AXIS2_PLACEMENT_3D('',#259,#4468,#4469);
#4468=DIRECTION('',(0.9914439123159282,-0.13053340082785728,0));
#4469=DIRECTION('',(0,0,-1));
#4470=FACE_BOUND('',#4471,.T.);
#4471=EDGE_LOOP('',(#4472,#4473,#4474));
#4472=ORIENTED_EDGE('',*,*,#4475,.T.);
#4473=ORIENTED_EDGE('',*,*,#4476,.T.);
#4474=ORIENTED_EDGE('',*,*,#4477,.T.);
#4475=EDGE_CURVE('',#260,#304,#4478,.F.);
#4476=EDGE_CURVE('',#304,#258,#4479,.T.);
#4477=EDGE_CURVE('',#258,#260,#4480,.T.);
#4478=LINE('',#259,#4481);
#4479=LINE('',#303,#4482);
#4480=LINE('',#257,#4483);
#4481=VECTOR('',#4484,1.0);
#4482=VECTOR('',#4485,1.0);
#4483=VECTOR('',#4486,1.0);
#4484=DIRECTION('',(0,0,-1));
#4485=DIRECTION('',(0.027130313093573947,0.20606360966049872,0.9781624276597065));
#4486=DIRECTION('',(-0.13053340082785728,-0.9914439123159282,0));
#4487=FACE_SURFACE('',(#4492),#4488,.T.);
#4488=PLANE('',#4489);
#4489=AXIS2_PLACEMENT_3D('',#257,#4490,#4491);
#4490=DIRECTION('',(0.9914439123159282,-0.13053340082785728,0));
#4491=DIRECTION('',(-0.027130313093573947,-0.20606360966049872,-0.9781624276597065));
#4492=FACE_BOUND('',#4493,.T.);
#4493=EDGE_LOOP('',(#4494,#4495,#4496));
#4494=ORIENTED_EDGE('',*,*,#4497,.T.);
#4495=ORIENTED_EDGE('',*,*,#4498,.T.);
#4496=ORIENTED_EDGE('',*,*,#4499,.T.);
#4497=EDGE_CURVE('',#258,#304,#4500,.F.);
#4498=EDGE_CURVE('',#304,#306,#4501,.T.);
#4499=EDGE_CURVE('',#306,#258,#4502,.T.);
#4500=LINE('',#257,#4503);
#4501=LINE('',#303,#4504);
#4502=LINE('',#305,#4505);
#4503=VECTOR('',#4506,1.0);
#4504=VECTOR('',#4507,1.0);
#4505=VECTOR('',#4508,1.0);
#4506=DIRECTION('',(-0.027130313093573947,-0.20606360966049872,-0.9781624276597065));
#4507=DIRECTION('',(0.13053340082785728,0.9914439123159282,0));
#4508=DIRECTION('',(0,0,1));
#4509=FACE_SURFACE('',(#4514),#4510,.T.);
#4510=PLANE('',#4511);
#4511=AXIS2_PLACEMENT_3D('',#257,#4512,#4513);
#4512=DIRECTION('',(0.9914432707586525,0.13053827357286926,0));
#4513=DIRECTION('',(0,0,-1));
#4514=FACE_BOUND('',#4515,.T.);
#4515=EDGE_LOOP('',(#4516,#4517,#4518));
#4516=ORIENTED_EDGE('',*,*,#4519,.T.);
#4517=ORIENTED_EDGE('',*,*,#4520,.T.);
#4518=ORIENTED_EDGE('',*,*,#4521,.T.);
#4519=EDGE_CURVE('',#258,#306,#4522,.F.);
#4520=EDGE_CURVE('',#306,#256,#4523,.T.);
#4521=EDGE_CURVE('',#256,#258,#4524,.T.);
#4522=LINE('',#257,#4525);
#4523=LINE('',#305,#4526);
#4524=LINE('',#255,#4527);
#4525=VECTOR('',#4528,1.0);
#4526=VECTOR('',#4529,1.0);
#4527=VECTOR('',#4530,1.0);
#4528=DIRECTION('',(0,0,-1));
#4529=DIRECTION('',(-0.027130356840735177,0.2060561166224763,0.9781640049297249));
#4530=DIRECTION('',(0.13053827357286926,-0.9914432707586525,0));
#4531=FACE_SURFACE('',(#4536),#4532,.T.);
#4532=PLANE('',#4533);
#4533=AXIS2_PLACEMENT_3D('',#255,#4534,#4535);
#4534=DIRECTION('',(0.9914432707586525,0.13053827357286926,0));
#4535=DIRECTION('',(0.027130356840735177,-0.2060561166224763,-0.9781640049297249));
#4536=FACE_BOUND('',#4537,.T.);
#4537=EDGE_LOOP('',(#4538,#4539,#4540));
#4538=ORIENTED_EDGE('',*,*,#4541,.T.);
#4539=ORIENTED_EDGE('',*,*,#4542,.T.);
#4540=ORIENTED_EDGE('',*,*,#4543,.T.);
#4541=EDGE_CURVE('',#256,#306,#4544,.F.);
#4542=EDGE_CURVE('',#306,#308,#4545,.T.);
#4543=EDGE_CURVE('',#308,#256,#4546,.T.);
#4544=LINE('',#255,#4547);
#4545=LINE('',#305,#4548);
#4546=LINE('',#307,#4549);
#4547=VECTOR('',#4550,1.0);
#4548=VECTOR('',#4551,1.0);
#4549=VECTOR('',#4552,1.0);
#4550=DIRECTION('',(0.027130356840735177,-0.2060561166224763,-0.9781640049297249));
#4551=DIRECTION('',(-0.13053827357286926,0.9914432707586525,0));
#4552=DIRECTION('',(0,0,1));
#4553=FACE_SURFACE('',(#4558),#4554,.T.);
#4554=PLANE('',#4555);
#4555=AXIS2_PLACEMENT_3D('',#255,#4556,#4557);
#4556=DIRECTION('',(0.9238791650236836,0.38268431955744037,0));
#4557=DIRECTION('',(0,0,-1));
#4558=FACE_BOUND('',#4559,.T.);
#4559=EDGE_LOOP('',(#4560,#4561,#4562));
#4560=ORIENTED_EDGE('',*,*,#4563,.T.);
#4561=ORIENTED_EDGE('',*,*,#4564,.T.);
#4562=ORIENTED_EDGE('',*,*,#4565,.T.);
#4563=EDGE_CURVE('',#256,#308,#4566,.F.);
#4564=EDGE_CURVE('',#308,#254,#4567,.T.);
#4565=EDGE_CURVE('',#254,#256,#4568,.T.);
#4566=LINE('',#255,#4569);
#4567=LINE('',#307,#4570);
#4568=LINE('',#253,#4571);
#4569=VECTOR('',#4572,1.0);
#4570=VECTOR('',#4573,1.0);
#4571=VECTOR('',#4574,1.0);
#4572=DIRECTION('',(0,0,-1));
#4573=DIRECTION('',(-0.0795364081872358,0.19201735380740298,0.9781632254432162));
#4574=DIRECTION('',(0.38268431955744037,-0.9238791650236836,0));
#4575=FACE_SURFACE('',(#4580),#4576,.T.);
#4576=PLANE('',#4577);
#4577=AXIS2_PLACEMENT_3D('',#253,#4578,#4579);
#4578=DIRECTION('',(0.9238791650236836,0.38268431955744037,0));
#4579=DIRECTION('',(0.0795364081872358,-0.19201735380740298,-0.9781632254432162));
#4580=FACE_BOUND('',#4581,.T.);
#4581=EDGE_LOOP('',(#4582,#4583,#4584));
#4582=ORIENTED_EDGE('',*,*,#4585,.T.);
#4583=ORIENTED_EDGE('',*,*,#4586,.T.);
#4584=ORIENTED_EDGE('',*,*,#4587,.T.);
#4585=EDGE_CURVE('',#254,#308,#4588,.F.);
#4586=EDGE_CURVE('',#308,#310,#4589,.T.);
#4587=EDGE_CURVE('',#310,#254,#4590,.T.);
#4588=LINE('',#253,#4591);
#4589=LINE('',#307,#4592);
#4590=LINE('',#309,#4593);
#4591=VECTOR('',#4594,1.0);
#4592=VECTOR('',#4595,1.0);
#4593=VECTOR('',#4596,1.0);
#4594=DIRECTION('',(0.0795364081872358,-0.19201735380740298,-0.9781632254432162));
#4595=DIRECTION('',(-0.38268431955744037,0.9238791650236836,0));
#4596=DIRECTION('',(0,0,1));
#4597=FACE_SURFACE('',(#4602),#4598,.T.);
#4598=PLANE('',#4599);
#4599=AXIS2_PLACEMENT_3D('',#253,#4600,#4601);
#4600=DIRECTION('',(0.7933736019433548,0.6087350225996753,0));
#4601=DIRECTION('',(0,0,-1));
#4602=FACE_BOUND('',#4603,.T.);
#4603=EDGE_LOOP('',(#4604,#4605,#4606));
#4604=ORIENTED_EDGE('',*,*,#4607,.T.);
#4605=ORIENTED_EDGE('',*,*,#4608,.T.);
#4606=ORIENTED_EDGE('',*,*,#4609,.T.);
#4607=EDGE_CURVE('',#254,#310,#4610,.F.);
#4608=EDGE_CURVE('',#310,#252,#4611,.T.);
#4609=EDGE_CURVE('',#252,#254,#4612,.T.);
#4610=LINE('',#253,#4613);
#4611=LINE('',#309,#4614);
#4612=LINE('',#251,#4615);
#4613=VECTOR('',#4616,1.0);
#4614=VECTOR('',#4617,1.0);
#4615=VECTOR('',#4618,1.0);
#4616=DIRECTION('',(0,0,-1));
#4617=DIRECTION('',(-0.12651949360975073,0.16489477791592194,0.9781628340684343));
#4618=DIRECTION('',(0.6087350225996753,-0.7933736019433548,0));
#4619=FACE_SURFACE('',(#4624),#4620,.T.);
#4620=PLANE('',#4621);
#4621=AXIS2_PLACEMENT_3D('',#251,#4622,#4623);
#4622=DIRECTION('',(0.7933736019433548,0.6087350225996753,0));
#4623=DIRECTION('',(0.12651949360975073,-0.16489477791592194,-0.9781628340684343));
#4624=FACE_BOUND('',#4625,.T.);
#4625=EDGE_LOOP('',(#4626,#4627,#4628));
#4626=ORIENTED_EDGE('',*,*,#4629,.T.);
#4627=ORIENTED_EDGE('',*,*,#4630,.T.);
#4628=ORIENTED_EDGE('',*,*,#4631,.T.);
#4629=EDGE_CURVE('',#252,#310,#4632,.F.);
#4630=EDGE_CURVE('',#310,#312,#4633,.T.);
#4631=EDGE_CURVE('',#312,#252,#4634,.T.);
#4632=LINE('',#251,#4635);
#4633=LINE('',#309,#4636);
#4634=LINE('',#311,#4637);
#4635=VECTOR('',#4638,1.0);
#4636=VECTOR('',#4639,1.0);
#4637=VECTOR('',#4640,1.0);
#4638=DIRECTION('',(0.12651949360975073,-0.16489477791592194,-0.9781628340684343));
#4639=DIRECTION('',(-0.6087350225996753,0.7933736019433548,0));
#4640=DIRECTION('',(0,0,1));
#4641=FACE_SURFACE('',(#4646),#4642,.T.);
#4642=PLANE('',#4643);
#4643=AXIS2_PLACEMENT_3D('',#251,#4644,#4645);
#4644=DIRECTION('',(0.6087350225996753,0.7933736019433548,0));
#4645=DIRECTION('',(0,0,-1));
#4646=FACE_BOUND('',#4647,.T.);
#4647=EDGE_LOOP('',(#4648,#4649,#4650));
#4648=ORIENTED_EDGE('',*,*,#4651,.T.);
#4649=ORIENTED_EDGE('',*,*,#4652,.T.);
#4650=ORIENTED_EDGE('',*,*,#4653,.T.);
#4651=EDGE_CURVE('',#252,#312,#4654,.F.);
#4652=EDGE_CURVE('',#312,#250,#4655,.T.);
#4653=EDGE_CURVE('',#250,#252,#4656,.T.);
#4654=LINE('',#251,#4657);
#4655=LINE('',#311,#4658);
#4656=LINE('',#249,#4659);
#4657=VECTOR('',#4660,1.0);
#4658=VECTOR('',#4661,1.0);
#4659=VECTOR('',#4662,1.0);
#4660=DIRECTION('',(0,0,-1));
#4661=DIRECTION('',(-0.16489477791592194,0.12651949360975073,0.9781628340684343));
#4662=DIRECTION('',(0.7933736019433548,-0.6087350225996753,0));
#4663=FACE_SURFACE('',(#4668),#4664,.T.);
#4664=PLANE('',#4665);
#4665=AXIS2_PLACEMENT_3D('',#249,#4666,#4667);
#4666=DIRECTION('',(0.6087350225996753,0.7933736019433548,0));
#4667=DIRECTION('',(0.16489477791592194,-0.12651949360975073,-0.9781628340684343));
#4668=FACE_BOUND('',#4669,.T.);
#4669=EDGE_LOOP('',(#4670,#4671,#4672));
#4670=ORIENTED_EDGE('',*,*,#4673,.T.);
#4671=ORIENTED_EDGE('',*,*,#4674,.T.);
#4672=ORIENTED_EDGE('',*,*,#4675,.T.);
#4673=EDGE_CURVE('',#250,#312,#4676,.F.);
#4674=EDGE_CURVE('',#312,#314,#4677,.T.);
#4675=EDGE_CURVE('',#314,#250,#4678,.T.);
#4676=LINE('',#249,#4679);
#4677=LINE('',#311,#4680);
#4678=LINE('',#313,#4681);
#4679=VECTOR('',#4682,1.0);
#4680=VECTOR('',#4683,1.0);
#4681=VECTOR('',#4684,1.0);
#4682=DIRECTION('',(0.16489477791592194,-0.12651949360975073,-0.9781628340684343));
#4683=DIRECTION('',(-0.7933736019433548,0.6087350225996753,0));
#4684=DIRECTION('',(0,0,1));
#4685=FACE_SURFACE('',(#4690),#4686,.T.);
#4686=PLANE('',#4687);
#4687=AXIS2_PLACEMENT_3D('',#249,#4688,#4689);
#4688=DIRECTION('',(0.3827164559387198,0.9238658530077329,0));
#4689=DIRECTION('',(0,0,-1));
#4690=FACE_BOUND('',#4691,.T.);
#4691=EDGE_LOOP('',(#4692,#4693,#4694));
#4692=ORIENTED_EDGE('',*,*,#4695,.T.);
#4693=ORIENTED_EDGE('',*,*,#4696,.T.);
#4694=ORIENTED_EDGE('',*,*,#4697,.T.);
#4695=EDGE_CURVE('',#250,#314,#4698,.F.);
#4696=EDGE_CURVE('',#314,#248,#4699,.T.);
#4697=EDGE_CURVE('',#248,#250,#4700,.T.);
#4698=LINE('',#249,#4701);
#4699=LINE('',#313,#4702);
#4700=LINE('',#247,#4703);
#4701=VECTOR('',#4704,1.0);
#4702=VECTOR('',#4705,1.0);
#4703=VECTOR('',#4706,1.0);
#4704=DIRECTION('',(0,0,-1));
#4705=DIRECTION('',(-0.19201723429066475,0.07954418398258835,0.978162616608255));
#4706=DIRECTION('',(0.9238658530077329,-0.3827164559387198,0));
#4707=FACE_SURFACE('',(#4712),#4708,.T.);
#4708=PLANE('',#4709);
#4709=AXIS2_PLACEMENT_3D('',#247,#4710,#4711);
#4710=DIRECTION('',(0.3827164559387198,0.9238658530077329,0));
#4711=DIRECTION('',(0.19201723429066475,-0.07954418398258835,-0.978162616608255));
#4712=FACE_BOUND('',#4713,.T.);
#4713=EDGE_LOOP('',(#4714,#4715,#4716));
#4714=ORIENTED_EDGE('',*,*,#4717,.T.);
#4715=ORIENTED_EDGE('',*,*,#4718,.T.);
#4716=ORIENTED_EDGE('',*,*,#4719,.T.);
#4717=EDGE_CURVE('',#248,#314,#4720,.F.);
#4718=EDGE_CURVE('',#314,#316,#4721,.T.);
#4719=EDGE_CURVE('',#316,#248,#4722,.T.);
#4720=LINE('',#247,#4723);
#4721=LINE('',#313,#4724);
#4722=LINE('',#315,#4725);
#4723=VECTOR('',#4726,1.0);
#4724=VECTOR('',#4727,1.0);
#4725=VECTOR('',#4728,1.0);
#4726=DIRECTION('',(0.19201723429066475,-0.07954418398258835,-0.978162616608255));
#4727=DIRECTION('',(-0.9238658530077329,0.3827164559387198,0));
#4728=DIRECTION('',(0,0,1));
#4729=FACE_SURFACE('',(#4734),#4730,.T.);
#4730=PLANE('',#4731);
#4731=AXIS2_PLACEMENT_3D('',#247,#4732,#4733);
#4732=DIRECTION('',(0.1304915207801139,0.9914494253387275,0));
#4733=DIRECTION('',(0,0,-1));
#4734=FACE_BOUND('',#4735,.T.);
#4735=EDGE_LOOP('',(#4736,#4737,#4738));
#4736=ORIENTED_EDGE('',*,*,#4739,.T.);
#4737=ORIENTED_EDGE('',*,*,#4740,.T.);
#4738=ORIENTED_EDGE('',*,*,#4741,.T.);
#4739=EDGE_CURVE('',#248,#316,#4742,.F.);
#4740=EDGE_CURVE('',#316,#246,#4743,.T.);
#4741=EDGE_CURVE('',#246,#248,#4744,.T.);
#4742=LINE('',#247,#4745);
#4743=LINE('',#315,#4746);
#4744=LINE('',#245,#4747);
#4745=VECTOR('',#4748,1.0);
#4746=VECTOR('',#4749,1.0);
#4747=VECTOR('',#4750,1.0);
#4748=DIRECTION('',(0,0,-1));
#4749=DIRECTION('',(-0.2060711464053271,0.027122449815476478,0.978161057973175));
#4750=DIRECTION('',(0.9914494253387275,-0.1304915207801139,0));
#4751=FACE_SURFACE('',(#4756),#4752,.T.);
#4752=PLANE('',#4753);
#4753=AXIS2_PLACEMENT_3D('',#245,#4754,#4755);
#4754=DIRECTION('',(0.1304915207801139,0.9914494253387275,0));
#4755=DIRECTION('',(0.2060711464053271,-0.027122449815476478,-0.978161057973175));
#4756=FACE_BOUND('',#4757,.T.);
#4757=EDGE_LOOP('',(#4758,#4759,#4760));
#4758=ORIENTED_EDGE('',*,*,#4761,.T.);
#4759=ORIENTED_EDGE('',*,*,#4762,.T.);
#4760=ORIENTED_EDGE('',*,*,#4763,.T.);
#4761=EDGE_CURVE('',#246,#316,#4764,.F.);
#4762=EDGE_CURVE('',#316,#318,#4765,.T.);
#4763=EDGE_CURVE('',#318,#246,#4766,.T.);
#4764=LINE('',#245,#4767);
#4765=LINE('',#315,#4768);
#4766=LINE('',#317,#4769);
#4767=VECTOR('',#4770,1.0);
#4768=VECTOR('',#4771,1.0);
#4769=VECTOR('',#4772,1.0);
#4770=DIRECTION('',(0.2060711464053271,-0.027122449815476478,-0.978161057973175));
#4771=DIRECTION('',(-0.9914494253387275,0.1304915207801139,0));
#4772=DIRECTION('',(0,0,1));
#4773=FACE_SURFACE('',(#4778),#4774,.T.);
#4774=PLANE('',#4775);
#4775=AXIS2_PLACEMENT_3D('',#245,#4776,#4777);
#4776=DIRECTION('',(-0.13049639183096454,0.9914487842138389,0));
#4777=DIRECTION('',(0,0,-1));
#4778=FACE_BOUND('',#4779,.T.);
#4779=EDGE_LOOP('',(#4780,#4781,#4782));
#4780=ORIENTED_EDGE('',*,*,#4783,.T.);
#4781=ORIENTED_EDGE('',*,*,#4784,.T.);
#4782=ORIENTED_EDGE('',*,*,#4785,.T.);
#4783=EDGE_CURVE('',#246,#318,#4786,.F.);
#4784=EDGE_CURVE('',#318,#244,#4787,.T.);
#4785=EDGE_CURVE('',#244,#246,#4788,.T.);
#4786=LINE('',#245,#4789);
#4787=LINE('',#317,#4790);
#4788=LINE('',#243,#4791);
#4789=VECTOR('',#4792,1.0);
#4790=VECTOR('',#4793,1.0);
#4791=VECTOR('',#4794,1.0);
#4792=DIRECTION('',(0,0,-1));
#4793=DIRECTION('',(-0.20606365340208962,-0.02712249355149677,0.9781626352964689));
#4794=DIRECTION('',(0.9914487842138389,0.13049639183096454,0));
#4795=FACE_SURFACE('',(#4800),#4796,.T.);
#4796=PLANE('',#4797);
#4797=AXIS2_PLACEMENT_3D('',#243,#4798,#4799);
#4798=DIRECTION('',(-0.13049639183096454,0.9914487842138389,0));
#4799=DIRECTION('',(0.20606365340208962,0.02712249355149677,-0.9781626352964689));
#4800=FACE_BOUND('',#4801,.T.);
#4801=EDGE_LOOP('',(#4802,#4803,#4804));
#4802=ORIENTED_EDGE('',*,*,#4805,.T.);
#4803=ORIENTED_EDGE('',*,*,#4806,.T.);
#4804=ORIENTED_EDGE('',*,*,#4807,.T.);
#4805=EDGE_CURVE('',#244,#318,#4808,.F.);
#4806=EDGE_CURVE('',#318,#320,#4809,.T.);
#4807=EDGE_CURVE('',#320,#244,#4810,.T.);
#4808=LINE('',#243,#4811);
#4809=LINE('',#317,#4812);
#4810=LINE('',#319,#4813);
#4811=VECTOR('',#4814,1.0);
#4812=VECTOR('',#4815,1.0);
#4813=VECTOR('',#4816,1.0);
#4814=DIRECTION('',(0.20606365340208962,0.02712249355149677,-0.9781626352964689));
#4815=DIRECTION('',(-0.9914487842138389,-0.13049639183096454,0));
#4816=DIRECTION('',(0,0,1));
#4817=FACE_SURFACE('',(#4822),#4818,.T.);
#4818=PLANE('',#4819);
#4819=AXIS2_PLACEMENT_3D('',#243,#4820,#4821);
#4820=DIRECTION('',(-0.3827164559387198,0.9238658530077329,0));
#4821=DIRECTION('',(0,0,-1));
#4822=FACE_BOUND('',#4823,.T.);
#4823=EDGE_LOOP('',(#4824,#4825,#4826));
#4824=ORIENTED_EDGE('',*,*,#4827,.T.);
#4825=ORIENTED_EDGE('',*,*,#4828,.T.);
#4826=ORIENTED_EDGE('',*,*,#4829,.T.);
#4827=EDGE_CURVE('',#244,#320,#4830,.F.);
#4828=EDGE_CURVE('',#320,#242,#4831,.T.);
#4829=EDGE_CURVE('',#242,#244,#4832,.T.);
#4830=LINE('',#243,#4833);
#4831=LINE('',#319,#4834);
#4832=LINE('',#241,#4835);
#4833=VECTOR('',#4836,1.0);
#4834=VECTOR('',#4837,1.0);
#4835=VECTOR('',#4838,1.0);
#4836=DIRECTION('',(0,0,-1));
#4837=DIRECTION('',(-0.19201723429066475,-0.07954418398258835,0.978162616608255));
#4838=DIRECTION('',(0.9238658530077329,0.3827164559387198,0));
#4839=FACE_SURFACE('',(#4844),#4840,.T.);
#4840=PLANE('',#4841);
#4841=AXIS2_PLACEMENT_3D('',#241,#4842,#4843);
#4842=DIRECTION('',(-0.3827164559387198,0.9238658530077329,0));
#4843=DIRECTION('',(0.19201723429066475,0.07954418398258835,-0.978162616608255));
#4844=FACE_BOUND('',#4845,.T.);
#4845=EDGE_LOOP('',(#4846,#4847,#4848));
#4846=ORIENTED_EDGE('',*,*,#4849,.T.);
#4847=ORIENTED_EDGE('',*,*,#4850,.T.);
#4848=ORIENTED_EDGE('',*,*,#4851,.T.);
#4849=EDGE_CURVE('',#242,#320,#4852,.F.);
#4850=EDGE_CURVE('',#320,#322,#4853,.T.);
#4851=EDGE_CURVE('',#322,#242,#4854,.T.);
#4852=LINE('',#241,#4855);
#4853=LINE('',#319,#4856);
#4854=LINE('',#321,#4857);
#4855=VECTOR('',#4858,1.0);
#4856=VECTOR('',#4859,1.0);
#4857=VECTOR('',#4860,1.0);
#4858=DIRECTION('',(0.19201723429066475,0.07954418398258835,-0.978162616608255));
#4859=DIRECTION('',(-0.9238658530077329,-0.3827164559387198,0));
#4860=DIRECTION('',(0,0,1));
#4861=FACE_SURFACE('',(#4866),#4862,.T.);
#4862=PLANE('',#4863);
#4863=AXIS2_PLACEMENT_3D('',#241,#4864,#4865);
#4864=DIRECTION('',(-0.608753206505654,0.7933596495720492,0));
#4865=DIRECTION('',(0,0,-1));
#4866=FACE_BOUND('',#4867,.T.);
#4867=EDGE_LOOP('',(#4868,#4869,#4870));
#4868=ORIENTED_EDGE('',*,*,#4871,.T.);
#4869=ORIENTED_EDGE('',*,*,#4872,.T.);
#4870=ORIENTED_EDGE('',*,*,#4873,.T.);
#4871=EDGE_CURVE('',#242,#322,#4874,.F.);
#4872=EDGE_CURVE('',#322,#240,#4875,.T.);
#4873=EDGE_CURVE('',#240,#242,#4876,.T.);
#4874=LINE('',#241,#4877);
#4875=LINE('',#321,#4878);
#4876=LINE('',#239,#4879);
#4877=VECTOR('',#4880,1.0);
#4878=VECTOR('',#4881,1.0);
#4879=VECTOR('',#4882,1.0);
#4880=DIRECTION('',(0,0,-1));
#4881=DIRECTION('',(-0.1648871653707527,-0.12651965686081704,0.9781640962148526));
#4882=DIRECTION('',(0.7933596495720492,0.608753206505654,0));
#4883=FACE_SURFACE('',(#4888),#4884,.T.);
#4884=PLANE('',#4885);
#4885=AXIS2_PLACEMENT_3D('',#239,#4886,#4887);
#4886=DIRECTION('',(-0.608753206505654,0.7933596495720492,0));
#4887=DIRECTION('',(0.1648871653707527,0.12651965686081704,-0.9781640962148526));
#4888=FACE_BOUND('',#4889,.T.);
#4889=EDGE_LOOP('',(#4890,#4891,#4892));
#4890=ORIENTED_EDGE('',*,*,#4893,.T.);
#4891=ORIENTED_EDGE('',*,*,#4894,.T.);
#4892=ORIENTED_EDGE('',*,*,#4895,.T.);
#4893=EDGE_CURVE('',#240,#322,#4896,.F.);
#4894=EDGE_CURVE('',#322,#324,#4897,.T.);
#4895=EDGE_CURVE('',#324,#240,#4898,.T.);
#4896=LINE('',#239,#4899);
#4897=LINE('',#321,#4900);
#4898=LINE('',#323,#4901);
#4899=VECTOR('',#4902,1.0);
#4900=VECTOR('',#4903,1.0);
#4901=VECTOR('',#4904,1.0);
#4902=DIRECTION('',(0.1648871653707527,0.12651965686081704,-0.9781640962148526));
#4903=DIRECTION('',(-0.7933596495720492,-0.608753206505654,0));
#4904=DIRECTION('',(0,0,1));
#4905=FACE_SURFACE('',(#4910),#4906,.T.);
#4906=PLANE('',#4907);
#4907=AXIS2_PLACEMENT_3D('',#239,#4908,#4909);
#4908=DIRECTION('',(-0.7933554184834694,0.6087587206462993,0));
#4909=DIRECTION('',(0,0,-1));
#4910=FACE_BOUND('',#4911,.T.);
#4911=EDGE_LOOP('',(#4912,#4913,#4914));
#4912=ORIENTED_EDGE('',*,*,#4915,.T.);
#4913=ORIENTED_EDGE('',*,*,#4916,.T.);
#4914=ORIENTED_EDGE('',*,*,#4917,.T.);
#4915=EDGE_CURVE('',#240,#324,#4918,.F.);
#4916=EDGE_CURVE('',#324,#238,#4919,.T.);
#4917=EDGE_CURVE('',#238,#240,#4920,.T.);
#4918=LINE('',#239,#4921);
#4919=LINE('',#323,#4922);
#4920=LINE('',#237,#4923);
#4921=VECTOR('',#4924,1.0);
#4922=VECTOR('',#4925,1.0);
#4923=VECTOR('',#4926,1.0);
#4924=DIRECTION('',(0,0,-1));
#4925=DIRECTION('',(-0.12652719363993595,-0.1648946146564916,0.9781618656065515));
#4926=DIRECTION('',(0.6087587206462993,0.7933554184834694,0));
#4927=FACE_SURFACE('',(#4932),#4928,.T.);
#4928=PLANE('',#4929);
#4929=AXIS2_PLACEMENT_3D('',#237,#4930,#4931);
#4930=DIRECTION('',(-0.7933554184834694,0.6087587206462993,0));
#4931=DIRECTION('',(0.12652719363993595,0.1648946146564916,-0.9781618656065515));
#4932=FACE_BOUND('',#4933,.T.);
#4933=EDGE_LOOP('',(#4934,#4935,#4936));
#4934=ORIENTED_EDGE('',*,*,#4937,.T.);
#4935=ORIENTED_EDGE('',*,*,#4938,.T.);
#4936=ORIENTED_EDGE('',*,*,#4939,.T.);
#4937=EDGE_CURVE('',#238,#324,#4940,.F.);
#4938=EDGE_CURVE('',#324,#326,#4941,.T.);
#4939=EDGE_CURVE('',#326,#238,#4942,.T.);
#4940=LINE('',#237,#4943);
#4941=LINE('',#323,#4944);
#4942=LINE('',#325,#4945);
#4943=VECTOR('',#4946,1.0);
#4944=VECTOR('',#4947,1.0);
#4945=VECTOR('',#4948,1.0);
#4946=DIRECTION('',(0.12652719363993595,0.1648946146564916,-0.9781618656065515));
#4947=DIRECTION('',(-0.6087587206462993,-0.7933554184834694,0));
#4948=DIRECTION('',(0,0,1));
#4949=FACE_SURFACE('',(#4954),#4950,.T.);
#4950=PLANE('',#4951);
#4951=AXIS2_PLACEMENT_3D('',#237,#4952,#4953);
#4952=DIRECTION('',(-0.9238791650236836,0.38268431955744037,0));
#4953=DIRECTION('',(0,0,-1));
#4954=FACE_BOUND('',#4955,.T.);
#4955=EDGE_LOOP('',(#4956,#4957,#4958));
#4956=ORIENTED_EDGE('',*,*,#4959,.T.);
#4957=ORIENTED_EDGE('',*,*,#4960,.T.);
#4958=ORIENTED_EDGE('',*,*,#4961,.T.);
#4959=EDGE_CURVE('',#238,#326,#4962,.F.);
#4960=EDGE_CURVE('',#326,#236,#4963,.T.);
#4961=EDGE_CURVE('',#236,#238,#4964,.T.);
#4962=LINE('',#237,#4965);
#4963=LINE('',#325,#4966);
#4964=LINE('',#235,#4967);
#4965=VECTOR('',#4968,1.0);
#4966=VECTOR('',#4969,1.0);
#4967=VECTOR('',#4970,1.0);
#4968=DIRECTION('',(0,0,-1));
#4969=DIRECTION('',(-0.0795364081872358,-0.19201735380740298,0.9781632254432162));
#4970=DIRECTION('',(0.38268431955744037,0.9238791650236836,0));
#4971=FACE_SURFACE('',(#4976),#4972,.T.);
#4972=PLANE('',#4973);
#4973=AXIS2_PLACEMENT_3D('',#235,#4974,#4975);
#4974=DIRECTION('',(-0.9238791650236836,0.38268431955744037,0));
#4975=DIRECTION('',(0.0795364081872358,0.19201735380740298,-0.9781632254432162));
#4976=FACE_BOUND('',#4977,.T.);
#4977=EDGE_LOOP('',(#4978,#4979,#4980));
#4978=ORIENTED_EDGE('',*,*,#4981,.T.);
#4979=ORIENTED_EDGE('',*,*,#4982,.T.);
#4980=ORIENTED_EDGE('',*,*,#4983,.T.);
#4981=EDGE_CURVE('',#236,#326,#4984,.F.);
#4982=EDGE_CURVE('',#326,#328,#4985,.T.);
#4983=EDGE_CURVE('',#328,#236,#4986,.T.);
#4984=LINE('',#235,#4987);
#4985=LINE('',#325,#4988);
#4986=LINE('',#327,#4989);
#4987=VECTOR('',#4990,1.0);
#4988=VECTOR('',#4991,1.0);
#4989=VECTOR('',#4992,1.0);
#4990=DIRECTION('',(0.0795364081872358,0.19201735380740298,-0.9781632254432162));
#4991=DIRECTION('',(-0.38268431955744037,-0.9238791650236836,0));
#4992=DIRECTION('',(0,0,1));
#4993=FACE_SURFACE('',(#4998),#4994,.T.);
#4994=PLANE('',#4995);
#4995=AXIS2_PLACEMENT_3D('',#331,#4996,#4997);
#4996=DIRECTION('',(-0.9914439123159282,-0.13053340082785728,0));
#4997=DIRECTION('',(0,0,1));
#4998=FACE_BOUND('',#4999,.T.);
#4999=EDGE_LOOP('',(#5000,#5001,#5002));
#5000=ORIENTED_EDGE('',*,*,#5003,.T.);
#5001=ORIENTED_EDGE('',*,*,#5004,.T.);
#5002=ORIENTED_EDGE('',*,*,#5005,.T.);
#5003=EDGE_CURVE('',#332,#424,#5006,.F.);
#5004=EDGE_CURVE('',#424,#330,#5007,.T.);
#5005=EDGE_CURVE('',#330,#332,#5008,.T.);
#5006=LINE('',#331,#5009);
#5007=LINE('',#423,#5010);
#5008=LINE('',#329,#5011);
#5009=VECTOR('',#5012,1.0);
#5010=VECTOR('',#5013,1.0);
#5011=VECTOR('',#5014,1.0);
#5012=DIRECTION('',(0,0,1));
#5013=DIRECTION('',(-0.08453559666353982,0.6420755312779285,-0.7619663673882892));
#5014=DIRECTION('',(0.13053340082785728,-0.9914439123159282,0));
#5015=FACE_SURFACE('',(#5020),#5016,.T.);
#5016=PLANE('',#5017);
#5017=AXIS2_PLACEMENT_3D('',#329,#5018,#5019);
#5018=DIRECTION('',(-0.9914439123159282,-0.13053340082785728,0));
#5019=DIRECTION('',(0.08453559666353982,-0.6420755312779285,0.7619663673882892));
#5020=FACE_BOUND('',#5021,.T.);
#5021=EDGE_LOOP('',(#5022,#5023,#5024));
#5022=ORIENTED_EDGE('',*,*,#5025,.T.);
#5023=ORIENTED_EDGE('',*,*,#5026,.T.);
#5024=ORIENTED_EDGE('',*,*,#5027,.T.);
#5025=EDGE_CURVE('',#330,#424,#5028,.F.);
#5026=EDGE_CURVE('',#424,#378,#5029,.T.);
#5027=EDGE_CURVE('',#378,#330,#5030,.T.);
#5028=LINE('',#329,#5031);
#5029=LINE('',#423,#5032);
#5030=LINE('',#377,#5033);
#5031=VECTOR('',#5034,1.0);
#5032=VECTOR('',#5035,1.0);
#5033=VECTOR('',#5036,1.0);
#5034=DIRECTION('',(0.08453559666353982,-0.6420755312779285,0.7619663673882892));
#5035=DIRECTION('',(-0.13053340082785728,0.9914439123159282,0));
#5036=DIRECTION('',(0,0,-1));
#5037=FACE_SURFACE('',(#5042),#5038,.T.);
#5038=PLANE('',#5039);
#5039=AXIS2_PLACEMENT_3D('',#329,#5040,#5041);
#5040=DIRECTION('',(-0.9914432707586525,0.13053827357286926,0));
#5041=DIRECTION('',(0,0,1));
#5042=FACE_BOUND('',#5043,.T.);
#5043=EDGE_LOOP('',(#5044,#5045,#5046));
#5044=ORIENTED_EDGE('',*,*,#5047,.T.);
#5045=ORIENTED_EDGE('',*,*,#5048,.T.);
#5046=ORIENTED_EDGE('',*,*,#5049,.T.);
#5047=EDGE_CURVE('',#330,#378,#5050,.F.);
#5048=EDGE_CURVE('',#378,#376,#5051,.T.);
#5049=EDGE_CURVE('',#376,#330,#5052,.T.);
#5050=LINE('',#329,#5053);
#5051=LINE('',#377,#5054);
#5052=LINE('',#375,#5055);
#5053=VECTOR('',#5056,1.0);
#5054=VECTOR('',#5057,1.0);
#5055=VECTOR('',#5058,1.0);
#5056=DIRECTION('',(0,0,1));
#5057=DIRECTION('',(0.08453692013163086,0.6420612001458756,-0.7619782965425564));
#5058=DIRECTION('',(-0.13053827357286926,-0.9914432707586525,0));
#5059=FACE_SURFACE('',(#5064),#5060,.T.);
#5060=PLANE('',#5061);
#5061=AXIS2_PLACEMENT_3D('',#375,#5062,#5063);
#5062=DIRECTION('',(-0.9914432707586525,0.13053827357286926,0));
#5063=DIRECTION('',(-0.08453692013163086,-0.6420612001458756,0.7619782965425564));
#5064=FACE_BOUND('',#5065,.T.);
#5065=EDGE_LOOP('',(#5066,#5067,#5068));
#5066=ORIENTED_EDGE('',*,*,#5069,.T.);
#5067=ORIENTED_EDGE('',*,*,#5070,.T.);
#5068=ORIENTED_EDGE('',*,*,#5071,.T.);
#5069=EDGE_CURVE('',#376,#378,#5072,.F.);
#5070=EDGE_CURVE('',#378,#380,#5073,.T.);
#5071=EDGE_CURVE('',#380,#376,#5074,.T.);
#5072=LINE('',#375,#5075);
#5073=LINE('',#377,#5076);
#5074=LINE('',#379,#5077);
#5075=VECTOR('',#5078,1.0);
#5076=VECTOR('',#5079,1.0);
#5077=VECTOR('',#5080,1.0);
#5078=DIRECTION('',(-0.08453692013163086,-0.6420612001458756,0.7619782965425564));
#5079=DIRECTION('',(0.13053827357286926,0.9914432707586525,0));
#5080=DIRECTION('',(0,0,-1));
#5081=FACE_SURFACE('',(#5086),#5082,.T.);
#5082=PLANE('',#5083);
#5083=AXIS2_PLACEMENT_3D('',#375,#5084,#5085);
#5084=DIRECTION('',(-0.9238791650236836,0.38268431955744037,0));
#5085=DIRECTION('',(0,0,1));
#5086=FACE_BOUND('',#5087,.T.);
#5087=EDGE_LOOP('',(#5088,#5089,#5090));
#5088=ORIENTED_EDGE('',*,*,#5091,.T.);
#5089=ORIENTED_EDGE('',*,*,#5092,.T.);
#5090=ORIENTED_EDGE('',*,*,#5093,.T.);
#5091=EDGE_CURVE('',#376,#380,#5094,.F.);
#5092=EDGE_CURVE('',#380,#374,#5095,.T.);
#5093=EDGE_CURVE('',#374,#376,#5096,.T.);
#5094=LINE('',#375,#5097);
#5095=LINE('',#379,#5098);
#5096=LINE('',#373,#5099);
#5097=VECTOR('',#5100,1.0);
#5098=VECTOR('',#5101,1.0);
#5099=VECTOR('',#5102,1.0);
#5100=DIRECTION('',(0,0,1));
#5101=DIRECTION('',(0.2478299995110881,0.5983129208976035,-0.761972401094234));
#5102=DIRECTION('',(-0.38268431955744037,-0.9238791650236836,0));
#5103=FACE_SURFACE('',(#5108),#5104,.T.);
#5104=PLANE('',#5105);
#5105=AXIS2_PLACEMENT_3D('',#373,#5106,#5107);
#5106=DIRECTION('',(-0.9238791650236836,0.38268431955744037,0));
#5107=DIRECTION('',(-0.2478299995110881,-0.5983129208976035,0.761972401094234));
#5108=FACE_BOUND('',#5109,.T.);
#5109=EDGE_LOOP('',(#5110,#5111,#5112));
#5110=ORIENTED_EDGE('',*,*,#5113,.T.);
#5111=ORIENTED_EDGE('',*,*,#5114,.T.);
#5112=ORIENTED_EDGE('',*,*,#5115,.T.);
#5113=EDGE_CURVE('',#374,#380,#5116,.F.);
#5114=EDGE_CURVE('',#380,#382,#5117,.T.);
#5115=EDGE_CURVE('',#382,#374,#5118,.T.);
#5116=LINE('',#373,#5119);
#5117=LINE('',#379,#5120);
#5118=LINE('',#381,#5121);
#5119=VECTOR('',#5122,1.0);
#5120=VECTOR('',#5123,1.0);
#5121=VECTOR('',#5124,1.0);
#5122=DIRECTION('',(-0.2478299995110881,-0.5983129208976035,0.761972401094234));
#5123=DIRECTION('',(0.38268431955744037,0.9238791650236836,0));
#5124=DIRECTION('',(0,0,-1));
#5125=FACE_SURFACE('',(#5130),#5126,.T.);
#5126=PLANE('',#5127);
#5127=AXIS2_PLACEMENT_3D('',#373,#5128,#5129);
#5128=DIRECTION('',(-0.7933554184834694,0.6087587206462993,0));
#5129=DIRECTION('',(0,0,1));
#5130=FACE_BOUND('',#5131,.T.);
#5131=EDGE_LOOP('',(#5132,#5133,#5134));
#5132=ORIENTED_EDGE('',*,*,#5135,.T.);
#5133=ORIENTED_EDGE('',*,*,#5136,.T.);
#5134=ORIENTED_EDGE('',*,*,#5137,.T.);
#5135=EDGE_CURVE('',#374,#382,#5138,.F.);
#5136=EDGE_CURVE('',#382,#372,#5139,.T.);
#5137=EDGE_CURVE('',#372,#374,#5140,.T.);
#5138=LINE('',#373,#5141);
#5139=LINE('',#381,#5142);
#5140=LINE('',#371,#5143);
#5141=VECTOR('',#5144,1.0);
#5142=VECTOR('',#5145,1.0);
#5143=VECTOR('',#5146,1.0);
#5144=DIRECTION('',(0,0,1));
#5145=DIRECTION('',(0.394245294830256,0.5137941030777049,-0.761962116608681));
#5146=DIRECTION('',(-0.6087587206462993,-0.7933554184834694,0));
#5147=FACE_SURFACE('',(#5152),#5148,.T.);
#5148=PLANE('',#5149);
#5149=AXIS2_PLACEMENT_3D('',#371,#5150,#5151);
#5150=DIRECTION('',(-0.7933554184834694,0.6087587206462993,0));
#5151=DIRECTION('',(-0.394245294830256,-0.5137941030777049,0.761962116608681));
#5152=FACE_BOUND('',#5153,.T.);
#5153=EDGE_LOOP('',(#5154,#5155,#5156));
#5154=ORIENTED_EDGE('',*,*,#5157,.T.);
#5155=ORIENTED_EDGE('',*,*,#5158,.T.);
#5156=ORIENTED_EDGE('',*,*,#5159,.T.);
#5157=EDGE_CURVE('',#372,#382,#5160,.F.);
#5158=EDGE_CURVE('',#382,#384,#5161,.T.);
#5159=EDGE_CURVE('',#384,#372,#5162,.T.);
#5160=LINE('',#371,#5163);
#5161=LINE('',#381,#5164);
#5162=LINE('',#383,#5165);
#5163=VECTOR('',#5166,1.0);
#5164=VECTOR('',#5167,1.0);
#5165=VECTOR('',#5168,1.0);
#5166=DIRECTION('',(-0.394245294830256,-0.5137941030777049,0.761962116608681));
#5167=DIRECTION('',(0.6087587206462993,0.7933554184834694,0));
#5168=DIRECTION('',(0,0,-1));
#5169=FACE_SURFACE('',(#5174),#5170,.T.);
#5170=PLANE('',#5171);
#5171=AXIS2_PLACEMENT_3D('',#371,#5172,#5173);
#5172=DIRECTION('',(-0.608753206505654,0.7933596495720492,0));
#5173=DIRECTION('',(0,0,1));
#5174=FACE_BOUND('',#5175,.T.);
#5175=EDGE_LOOP('',(#5176,#5177,#5178));
#5176=ORIENTED_EDGE('',*,*,#5179,.T.);
#5177=ORIENTED_EDGE('',*,*,#5180,.T.);
#5178=ORIENTED_EDGE('',*,*,#5181,.T.);
#5179=EDGE_CURVE('',#372,#384,#5182,.F.);
#5180=EDGE_CURVE('',#384,#370,#5183,.T.);
#5181=EDGE_CURVE('',#370,#372,#5184,.T.);
#5182=LINE('',#371,#5185);
#5183=LINE('',#383,#5186);
#5184=LINE('',#369,#5187);
#5185=VECTOR('',#5188,1.0);
#5186=VECTOR('',#5189,1.0);
#5187=VECTOR('',#5190,1.0);
#5188=DIRECTION('',(0,0,1));
#5189=DIRECTION('',(0.5137810954971844,0.3942296403587068,-0.7619789869624739));
#5190=DIRECTION('',(-0.7933596495720492,-0.608753206505654,0));
#5191=FACE_SURFACE('',(#5196),#5192,.T.);
#5192=PLANE('',#5193);
#5193=AXIS2_PLACEMENT_3D('',#369,#5194,#5195);
#5194=DIRECTION('',(-0.608753206505654,0.7933596495720492,0));
#5195=DIRECTION('',(-0.5137810954971844,-0.3942296403587068,0.7619789869624739));
#5196=FACE_BOUND('',#5197,.T.);
#5197=EDGE_LOOP('',(#5198,#5199,#5200));
#5198=ORIENTED_EDGE('',*,*,#5201,.T.);
#5199=ORIENTED_EDGE('',*,*,#5202,.T.);
#5200=ORIENTED_EDGE('',*,*,#5203,.T.);
#5201=EDGE_CURVE('',#370,#384,#5204,.F.);
#5202=EDGE_CURVE('',#384,#386,#5205,.T.);
#5203=EDGE_CURVE('',#386,#370,#5206,.T.);
#5204=LINE('',#369,#5207);
#5205=LINE('',#383,#5208);
#5206=LINE('',#385,#5209);
#5207=VECTOR('',#5210,1.0);
#5208=VECTOR('',#5211,1.0);
#5209=VECTOR('',#5212,1.0);
#5210=DIRECTION('',(-0.5137810954971844,-0.3942296403587068,0.7619789869624739));
#5211=DIRECTION('',(0.7933596495720492,0.608753206505654,0));
#5212=DIRECTION('',(0,0,-1));
#5213=FACE_SURFACE('',(#5218),#5214,.T.);
#5214=PLANE('',#5215);
#5215=AXIS2_PLACEMENT_3D('',#369,#5216,#5217);
#5216=DIRECTION('',(-0.3827164559387198,0.9238658530077329,0));
#5217=DIRECTION('',(0,0,1));
#5218=FACE_BOUND('',#5219,.T.);
#5219=EDGE_LOOP('',(#5220,#5221,#5222));
#5220=ORIENTED_EDGE('',*,*,#5223,.T.);
#5221=ORIENTED_EDGE('',*,*,#5224,.T.);
#5222=ORIENTED_EDGE('',*,*,#5225,.T.);
#5223=EDGE_CURVE('',#370,#386,#5226,.F.);
#5224=EDGE_CURVE('',#386,#368,#5227,.T.);
#5225=EDGE_CURVE('',#368,#370,#5228,.T.);
#5226=LINE('',#369,#5229);
#5227=LINE('',#385,#5230);
#5228=LINE('',#367,#5231);
#5229=VECTOR('',#5232,1.0);
#5230=VECTOR('',#5233,1.0);
#5231=VECTOR('',#5234,1.0);
#5232=DIRECTION('',(0,0,1));
#5233=DIRECTION('',(0.5983093052266114,0.24785288481656856,-0.7619677964109469));
#5234=DIRECTION('',(-0.9238658530077329,-0.3827164559387198,0));
#5235=FACE_SURFACE('',(#5240),#5236,.T.);
#5236=PLANE('',#5237);
#5237=AXIS2_PLACEMENT_3D('',#367,#5238,#5239);
#5238=DIRECTION('',(-0.3827164559387198,0.9238658530077329,0));
#5239=DIRECTION('',(-0.5983093052266114,-0.24785288481656856,0.7619677964109469));
#5240=FACE_BOUND('',#5241,.T.);
#5241=EDGE_LOOP('',(#5242,#5243,#5244));
#5242=ORIENTED_EDGE('',*,*,#5245,.T.);
#5243=ORIENTED_EDGE('',*,*,#5246,.T.);
#5244=ORIENTED_EDGE('',*,*,#5247,.T.);
#5245=EDGE_CURVE('',#368,#386,#5248,.F.);
#5246=EDGE_CURVE('',#386,#388,#5249,.T.);
#5247=EDGE_CURVE('',#388,#368,#5250,.T.);
#5248=LINE('',#367,#5251);
#5249=LINE('',#385,#5252);
#5250=LINE('',#387,#5253);
#5251=VECTOR('',#5254,1.0);
#5252=VECTOR('',#5255,1.0);
#5253=VECTOR('',#5256,1.0);
#5254=DIRECTION('',(-0.5983093052266114,-0.24785288481656856,0.7619677964109469));
#5255=DIRECTION('',(0.9238658530077329,0.3827164559387198,0));
#5256=DIRECTION('',(0,0,-1));
#5257=FACE_SURFACE('',(#5262),#5258,.T.);
#5258=PLANE('',#5259);
#5259=AXIS2_PLACEMENT_3D('',#367,#5260,#5261);
#5260=DIRECTION('',(-0.13049639183096454,0.9914487842138389,0));
#5261=DIRECTION('',(0,0,1));
#5262=FACE_BOUND('',#5263,.T.);
#5263=EDGE_LOOP('',(#5264,#5265,#5266));
#5264=ORIENTED_EDGE('',*,*,#5267,.T.);
#5265=ORIENTED_EDGE('',*,*,#5268,.T.);
#5266=ORIENTED_EDGE('',*,*,#5269,.T.);
#5267=EDGE_CURVE('',#368,#388,#5270,.F.);
#5268=EDGE_CURVE('',#388,#366,#5271,.T.);
#5269=EDGE_CURVE('',#366,#368,#5272,.T.);
#5270=LINE('',#367,#5273);
#5271=LINE('',#387,#5274);
#5272=LINE('',#365,#5275);
#5273=VECTOR('',#5276,1.0);
#5274=VECTOR('',#5277,1.0);
#5275=VECTOR('',#5278,1.0);
#5276=DIRECTION('',(0,0,1));
#5277=DIRECTION('',(0.6420768545532971,0.08451138791180209,-0.7619679377507723));
#5278=DIRECTION('',(-0.9914487842138389,-0.13049639183096454,0));
#5279=FACE_SURFACE('',(#5284),#5280,.T.);
#5280=PLANE('',#5281);
#5281=AXIS2_PLACEMENT_3D('',#365,#5282,#5283);
#5282=DIRECTION('',(-0.13049639183096454,0.9914487842138389,0));
#5283=DIRECTION('',(-0.6420768545532971,-0.08451138791180209,0.7619679377507723));
#5284=FACE_BOUND('',#5285,.T.);
#5285=EDGE_LOOP('',(#5286,#5287,#5288));
#5286=ORIENTED_EDGE('',*,*,#5289,.T.);
#5287=ORIENTED_EDGE('',*,*,#5290,.T.);
#5288=ORIENTED_EDGE('',*,*,#5291,.T.);
#5289=EDGE_CURVE('',#366,#388,#5292,.F.);
#5290=EDGE_CURVE('',#388,#390,#5293,.T.);
#5291=EDGE_CURVE('',#390,#366,#5294,.T.);
#5292=LINE('',#365,#5295);
#5293=LINE('',#387,#5296);
#5294=LINE('',#389,#5297);
#5295=VECTOR('',#5298,1.0);
#5296=VECTOR('',#5299,1.0);
#5297=VECTOR('',#5300,1.0);
#5298=DIRECTION('',(-0.6420768545532971,-0.08451138791180209,0.7619679377507723));
#5299=DIRECTION('',(0.9914487842138389,0.13049639183096454,0));
#5300=DIRECTION('',(0,0,-1));
#5301=FACE_SURFACE('',(#5306),#5302,.T.);
#5302=PLANE('',#5303);
#5303=AXIS2_PLACEMENT_3D('',#365,#5304,#5305);
#5304=DIRECTION('',(0.1304915207801139,0.9914494253387275,-0));
#5305=DIRECTION('',(0,0,1));
#5306=FACE_BOUND('',#5307,.T.);
#5307=EDGE_LOOP('',(#5308,#5309,#5310));
#5308=ORIENTED_EDGE('',*,*,#5311,.T.);
#5309=ORIENTED_EDGE('',*,*,#5312,.T.);
#5310=ORIENTED_EDGE('',*,*,#5313,.T.);
#5311=EDGE_CURVE('',#366,#390,#5314,.F.);
#5312=EDGE_CURVE('',#390,#364,#5315,.T.);
#5313=EDGE_CURVE('',#364,#366,#5316,.T.);
#5314=LINE('',#365,#5317);
#5315=LINE('',#389,#5318);
#5316=LINE('',#363,#5319);
#5317=VECTOR('',#5320,1.0);
#5318=VECTOR('',#5321,1.0);
#5319=VECTOR('',#5322,1.0);
#5320=DIRECTION('',(0,0,1));
#5321=DIRECTION('',(0.6420911850004005,-0.08451006482915842,-0.761956008629995));
#5322=DIRECTION('',(-0.9914494253387275,0.1304915207801139,0));
#5323=FACE_SURFACE('',(#5328),#5324,.T.);
#5324=PLANE('',#5325);
#5325=AXIS2_PLACEMENT_3D('',#363,#5326,#5327);
#5326=DIRECTION('',(0.1304915207801139,0.9914494253387275,-0));
#5327=DIRECTION('',(-0.6420911850004005,0.08451006482915842,0.761956008629995));
#5328=FACE_BOUND('',#5329,.T.);
#5329=EDGE_LOOP('',(#5330,#5331,#5332));
#5330=ORIENTED_EDGE('',*,*,#5333,.T.);
#5331=ORIENTED_EDGE('',*,*,#5334,.T.);
#5332=ORIENTED_EDGE('',*,*,#5335,.T.);
#5333=EDGE_CURVE('',#364,#390,#5336,.F.);
#5334=EDGE_CURVE('',#390,#392,#5337,.T.);
#5335=EDGE_CURVE('',#392,#364,#5338,.T.);
#5336=LINE('',#363,#5339);
#5337=LINE('',#389,#5340);
#5338=LINE('',#391,#5341);
#5339=VECTOR('',#5342,1.0);
#5340=VECTOR('',#5343,1.0);
#5341=VECTOR('',#5344,1.0);
#5342=DIRECTION('',(-0.6420911850004005,0.08451006482915842,0.761956008629995));
#5343=DIRECTION('',(0.9914494253387275,-0.1304915207801139,0));
#5344=DIRECTION('',(0,0,-1));
#5345=FACE_SURFACE('',(#5350),#5346,.T.);
#5346=PLANE('',#5347);
#5347=AXIS2_PLACEMENT_3D('',#363,#5348,#5349);
#5348=DIRECTION('',(0.3827164559387198,0.9238658530077329,-0));
#5349=DIRECTION('',(0,0,1));
#5350=FACE_BOUND('',#5351,.T.);
#5351=EDGE_LOOP('',(#5352,#5353,#5354));
#5352=ORIENTED_EDGE('',*,*,#5355,.T.);
#5353=ORIENTED_EDGE('',*,*,#5356,.T.);
#5354=ORIENTED_EDGE('',*,*,#5357,.T.);
#5355=EDGE_CURVE('',#364,#392,#5358,.F.);
#5356=EDGE_CURVE('',#392,#362,#5359,.T.);
#5357=EDGE_CURVE('',#362,#364,#5360,.T.);
#5358=LINE('',#363,#5361);
#5359=LINE('',#391,#5362);
#5360=LINE('',#361,#5363);
#5361=VECTOR('',#5364,1.0);
#5362=VECTOR('',#5365,1.0);
#5363=VECTOR('',#5366,1.0);
#5364=DIRECTION('',(0,0,1));
#5365=DIRECTION('',(0.5983093052266114,-0.24785288481656856,-0.7619677964109469));
#5366=DIRECTION('',(-0.9238658530077329,0.3827164559387198,0));
#5367=FACE_SURFACE('',(#5372),#5368,.T.);
#5368=PLANE('',#5369);
#5369=AXIS2_PLACEMENT_3D('',#361,#5370,#5371);
#5370=DIRECTION('',(0.3827164559387198,0.9238658530077329,-0));
#5371=DIRECTION('',(-0.5983093052266114,0.24785288481656856,0.7619677964109469));
#5372=FACE_BOUND('',#5373,.T.);
#5373=EDGE_LOOP('',(#5374,#5375,#5376));
#5374=ORIENTED_EDGE('',*,*,#5377,.T.);
#5375=ORIENTED_EDGE('',*,*,#5378,.T.);
#5376=ORIENTED_EDGE('',*,*,#5379,.T.);
#5377=EDGE_CURVE('',#362,#392,#5380,.F.);
#5378=EDGE_CURVE('',#392,#394,#5381,.T.);
#5379=EDGE_CURVE('',#394,#362,#5382,.T.);
#5380=LINE('',#361,#5383);
#5381=LINE('',#391,#5384);
#5382=LINE('',#393,#5385);
#5383=VECTOR('',#5386,1.0);
#5384=VECTOR('',#5387,1.0);
#5385=VECTOR('',#5388,1.0);
#5386=DIRECTION('',(-0.5983093052266114,0.24785288481656856,0.7619677964109469));
#5387=DIRECTION('',(0.9238658530077329,-0.3827164559387198,0));
#5388=DIRECTION('',(0,0,-1));
#5389=FACE_SURFACE('',(#5394),#5390,.T.);
#5390=PLANE('',#5391);
#5391=AXIS2_PLACEMENT_3D('',#361,#5392,#5393);
#5392=DIRECTION('',(0.6087350225996753,0.7933736019433548,-0));
#5393=DIRECTION('',(0,0,1));
#5394=FACE_BOUND('',#5395,.T.);
#5395=EDGE_LOOP('',(#5396,#5397,#5398));
#5396=ORIENTED_EDGE('',*,*,#5399,.T.);
#5397=ORIENTED_EDGE('',*,*,#5400,.T.);
#5398=ORIENTED_EDGE('',*,*,#5401,.T.);
#5399=EDGE_CURVE('',#362,#394,#5402,.F.);
#5400=EDGE_CURVE('',#394,#360,#5403,.T.);
#5401=EDGE_CURVE('',#360,#362,#5404,.T.);
#5402=LINE('',#361,#5405);
#5403=LINE('',#393,#5406);
#5404=LINE('',#359,#5407);
#5405=VECTOR('',#5408,1.0);
#5406=VECTOR('',#5409,1.0);
#5407=VECTOR('',#5410,1.0);
#5408=DIRECTION('',(0,0,1));
#5409=DIRECTION('',(0.5137990419957978,-0.3942247015465161,-0.7619694410767145));
#5410=DIRECTION('',(-0.7933736019433548,0.6087350225996753,0));
#5411=FACE_SURFACE('',(#5416),#5412,.T.);
#5412=PLANE('',#5413);
#5413=AXIS2_PLACEMENT_3D('',#359,#5414,#5415);
#5414=DIRECTION('',(0.6087350225996753,0.7933736019433548,-0));
#5415=DIRECTION('',(-0.5137990419957978,0.3942247015465161,0.7619694410767145));
#5416=FACE_BOUND('',#5417,.T.);
#5417=EDGE_LOOP('',(#5418,#5419,#5420));
#5418=ORIENTED_EDGE('',*,*,#5421,.T.);
#5419=ORIENTED_EDGE('',*,*,#5422,.T.);
#5420=ORIENTED_EDGE('',*,*,#5423,.T.);
#5421=EDGE_CURVE('',#360,#394,#5424,.F.);
#5422=EDGE_CURVE('',#394,#396,#5425,.T.);
#5423=EDGE_CURVE('',#396,#360,#5426,.T.);
#5424=LINE('',#359,#5427);
#5425=LINE('',#393,#5428);
#5426=LINE('',#395,#5429);
#5427=VECTOR('',#5430,1.0);
#5428=VECTOR('',#5431,1.0);
#5429=VECTOR('',#5432,1.0);
#5430=DIRECTION('',(-0.5137990419957978,0.3942247015465161,0.7619694410767145));
#5431=DIRECTION('',(0.7933736019433548,-0.6087350225996753,0));
#5432=DIRECTION('',(0,0,-1));
#5433=FACE_SURFACE('',(#5438),#5434,.T.);
#5434=PLANE('',#5435);
#5435=AXIS2_PLACEMENT_3D('',#359,#5436,#5437);
#5436=DIRECTION('',(0.7933736019433548,0.6087350225996753,-0));
#5437=DIRECTION('',(0,0,1));
#5438=FACE_BOUND('',#5439,.T.);
#5439=EDGE_LOOP('',(#5440,#5441,#5442));
#5440=ORIENTED_EDGE('',*,*,#5443,.T.);
#5441=ORIENTED_EDGE('',*,*,#5444,.T.);
#5442=ORIENTED_EDGE('',*,*,#5445,.T.);
#5443=EDGE_CURVE('',#360,#396,#5446,.F.);
#5444=EDGE_CURVE('',#396,#358,#5447,.T.);
#5445=EDGE_CURVE('',#358,#360,#5448,.T.);
#5446=LINE('',#359,#5449);
#5447=LINE('',#395,#5450);
#5448=LINE('',#357,#5451);
#5449=VECTOR('',#5452,1.0);
#5450=VECTOR('',#5453,1.0);
#5451=VECTOR('',#5454,1.0);
#5452=DIRECTION('',(0,0,1));
#5453=DIRECTION('',(0.3942247015465161,-0.5137990419957978,-0.7619694410767145));
#5454=DIRECTION('',(-0.6087350225996753,0.7933736019433548,0));
#5455=FACE_SURFACE('',(#5460),#5456,.T.);
#5456=PLANE('',#5457);
#5457=AXIS2_PLACEMENT_3D('',#357,#5458,#5459);
#5458=DIRECTION('',(0.7933736019433548,0.6087350225996753,-0));
#5459=DIRECTION('',(-0.3942247015465161,0.5137990419957978,0.7619694410767145));
#5460=FACE_BOUND('',#5461,.T.);
#5461=EDGE_LOOP('',(#5462,#5463,#5464));
#5462=ORIENTED_EDGE('',*,*,#5465,.T.);
#5463=ORIENTED_EDGE('',*,*,#5466,.T.);
#5464=ORIENTED_EDGE('',*,*,#5467,.T.);
#5465=EDGE_CURVE('',#358,#396,#5468,.F.);
#5466=EDGE_CURVE('',#396,#398,#5469,.T.);
#5467=EDGE_CURVE('',#398,#358,#5470,.T.);
#5468=LINE('',#357,#5471);
#5469=LINE('',#395,#5472);
#5470=LINE('',#397,#5473);
#5471=VECTOR('',#5474,1.0);
#5472=VECTOR('',#5475,1.0);
#5473=VECTOR('',#5476,1.0);
#5474=DIRECTION('',(-0.3942247015465161,0.5137990419957978,0.7619694410767145));
#5475=DIRECTION('',(0.6087350225996753,-0.7933736019433548,0));
#5476=DIRECTION('',(0,0,-1));
#5477=FACE_SURFACE('',(#5482),#5478,.T.);
#5478=PLANE('',#5479);
#5479=AXIS2_PLACEMENT_3D('',#357,#5480,#5481);
#5480=DIRECTION('',(0.9238791650236836,0.38268431955744037,-0));
#5481=DIRECTION('',(0,0,1));
#5482=FACE_BOUND('',#5483,.T.);
#5483=EDGE_LOOP('',(#5484,#5485,#5486));
#5484=ORIENTED_EDGE('',*,*,#5487,.T.);
#5485=ORIENTED_EDGE('',*,*,#5488,.T.);
#5486=ORIENTED_EDGE('',*,*,#5489,.T.);
#5487=EDGE_CURVE('',#358,#398,#5490,.F.);
#5488=EDGE_CURVE('',#398,#356,#5491,.T.);
#5489=EDGE_CURVE('',#356,#358,#5492,.T.);
#5490=LINE('',#357,#5493);
#5491=LINE('',#397,#5494);
#5492=LINE('',#355,#5495);
#5493=VECTOR('',#5496,1.0);
#5494=VECTOR('',#5497,1.0);
#5495=VECTOR('',#5498,1.0);
#5496=DIRECTION('',(0,0,1));
#5497=DIRECTION('',(0.2478299995110881,-0.5983129208976035,-0.761972401094234));
#5498=DIRECTION('',(-0.38268431955744037,0.9238791650236836,0));
#5499=FACE_SURFACE('',(#5504),#5500,.T.);
#5500=PLANE('',#5501);
#5501=AXIS2_PLACEMENT_3D('',#355,#5502,#5503);
#5502=DIRECTION('',(0.9238791650236836,0.38268431955744037,-0));
#5503=DIRECTION('',(-0.2478299995110881,0.5983129208976035,0.761972401094234));
#5504=FACE_BOUND('',#5505,.T.);
#5505=EDGE_LOOP('',(#5506,#5507,#5508));
#5506=ORIENTED_EDGE('',*,*,#5509,.T.);
#5507=ORIENTED_EDGE('',*,*,#5510,.T.);
#5508=ORIENTED_EDGE('',*,*,#5511,.T.);
#5509=EDGE_CURVE('',#356,#398,#5512,.F.);
#5510=EDGE_CURVE('',#398,#400,#5513,.T.);
#5511=EDGE_CURVE('',#400,#356,#5514,.T.);
#5512=LINE('',#355,#5515);
#5513=LINE('',#397,#5516);
#5514=LINE('',#399,#5517);
#5515=VECTOR('',#5518,1.0);
#5516=VECTOR('',#5519,1.0);
#5517=VECTOR('',#5520,1.0);
#5518=DIRECTION('',(-0.2478299995110881,0.5983129208976035,0.761972401094234));
#5519=DIRECTION('',(0.38268431955744037,-0.9238791650236836,0));
#5520=DIRECTION('',(0,0,-1));
#5521=FACE_SURFACE('',(#5526),#5522,.T.);
#5522=PLANE('',#5523);
#5523=AXIS2_PLACEMENT_3D('',#355,#5524,#5525);
#5524=DIRECTION('',(0.9914432707586525,0.13053827357286926,-0));
#5525=DIRECTION('',(0,0,1));
#5526=FACE_BOUND('',#5527,.T.);
#5527=EDGE_LOOP('',(#5528,#5529,#5530));
#5528=ORIENTED_EDGE('',*,*,#5531,.T.);
#5529=ORIENTED_EDGE('',*,*,#5532,.T.);
#5530=ORIENTED_EDGE('',*,*,#5533,.T.);
#5531=EDGE_CURVE('',#356,#400,#5534,.F.);
#5532=EDGE_CURVE('',#400,#354,#5535,.T.);
#5533=EDGE_CURVE('',#354,#356,#5536,.T.);
#5534=LINE('',#355,#5537);
#5535=LINE('',#399,#5538);
#5536=LINE('',#353,#5539);
#5537=VECTOR('',#5540,1.0);
#5538=VECTOR('',#5541,1.0);
#5539=VECTOR('',#5542,1.0);
#5540=DIRECTION('',(0,0,1));
#5541=DIRECTION('',(0.08453692013163086,-0.6420612001458756,-0.7619782965425564));
#5542=DIRECTION('',(-0.13053827357286926,0.9914432707586525,0));
#5543=FACE_SURFACE('',(#5548),#5544,.T.);
#5544=PLANE('',#5545);
#5545=AXIS2_PLACEMENT_3D('',#353,#5546,#5547);
#5546=DIRECTION('',(0.9914432707586525,0.13053827357286926,-0));
#5547=DIRECTION('',(-0.08453692013163086,0.6420612001458756,0.7619782965425564));
#5548=FACE_BOUND('',#5549,.T.);
#5549=EDGE_LOOP('',(#5550,#5551,#5552));
#5550=ORIENTED_EDGE('',*,*,#5553,.T.);
#5551=ORIENTED_EDGE('',*,*,#5554,.T.);
#5552=ORIENTED_EDGE('',*,*,#5555,.T.);
#5553=EDGE_CURVE('',#354,#400,#5556,.F.);
#5554=EDGE_CURVE('',#400,#402,#5557,.T.);
#5555=EDGE_CURVE('',#402,#354,#5558,.T.);
#5556=LINE('',#353,#5559);
#5557=LINE('',#399,#5560);
#5558=LINE('',#401,#5561);
#5559=VECTOR('',#5562,1.0);
#5560=VECTOR('',#5563,1.0);
#5561=VECTOR('',#5564,1.0);
#5562=DIRECTION('',(-0.08453692013163086,0.6420612001458756,0.7619782965425564));
#5563=DIRECTION('',(0.13053827357286926,-0.9914432707586525,0));
#5564=DIRECTION('',(0,0,-1));
#5565=FACE_SURFACE('',(#5570),#5566,.T.);
#5566=PLANE('',#5567);
#5567=AXIS2_PLACEMENT_3D('',#353,#5568,#5569);
#5568=DIRECTION('',(0.9914439123159282,-0.13053340082785728,0));
#5569=DIRECTION('',(0,0,1));
#5570=FACE_BOUND('',#5571,.T.);
#5571=EDGE_LOOP('',(#5572,#5573,#5574));
#5572=ORIENTED_EDGE('',*,*,#5575,.T.);
#5573=ORIENTED_EDGE('',*,*,#5576,.T.);
#5574=ORIENTED_EDGE('',*,*,#5577,.T.);
#5575=EDGE_CURVE('',#354,#402,#5578,.F.);
#5576=EDGE_CURVE('',#402,#352,#5579,.T.);
#5577=EDGE_CURVE('',#352,#354,#5580,.T.);
#5578=LINE('',#353,#5581);
#5579=LINE('',#401,#5582);
#5580=LINE('',#351,#5583);
#5581=VECTOR('',#5584,1.0);
#5582=VECTOR('',#5585,1.0);
#5583=VECTOR('',#5586,1.0);
#5584=DIRECTION('',(0,0,1));
#5585=DIRECTION('',(-0.08453559666353982,-0.6420755312779285,-0.7619663673882892));
#5586=DIRECTION('',(0.13053340082785728,0.9914439123159282,0));
#5587=FACE_SURFACE('',(#5592),#5588,.T.);
#5588=PLANE('',#5589);
#5589=AXIS2_PLACEMENT_3D('',#351,#5590,#5591);
#5590=DIRECTION('',(0.9914439123159282,-0.13053340082785728,0));
#5591=DIRECTION('',(0.08453559666353982,0.6420755312779285,0.7619663673882892));
#5592=FACE_BOUND('',#5593,.T.);
#5593=EDGE_LOOP('',(#5594,#5595,#5596));
#5594=ORIENTED_EDGE('',*,*,#5597,.T.);
#5595=ORIENTED_EDGE('',*,*,#5598,.T.);
#5596=ORIENTED_EDGE('',*,*,#5599,.T.);
#5597=EDGE_CURVE('',#352,#402,#5600,.F.);
#5598=EDGE_CURVE('',#402,#404,#5601,.T.);
#5599=EDGE_CURVE('',#404,#352,#5602,.T.);
#5600=LINE('',#351,#5603);
#5601=LINE('',#401,#5604);
#5602=LINE('',#403,#5605);
#5603=VECTOR('',#5606,1.0);
#5604=VECTOR('',#5607,1.0);
#5605=VECTOR('',#5608,1.0);
#5606=DIRECTION('',(0.08453559666353982,0.6420755312779285,0.7619663673882892));
#5607=DIRECTION('',(-0.13053340082785728,-0.9914439123159282,0));
#5608=DIRECTION('',(0,0,-1));
#5609=FACE_SURFACE('',(#5614),#5610,.T.);
#5610=PLANE('',#5611);
#5611=AXIS2_PLACEMENT_3D('',#351,#5612,#5613);
#5612=DIRECTION('',(0.9238846786164553,-0.382671008331921,0));
#5613=DIRECTION('',(0,0,1));
#5614=FACE_BOUND('',#5615,.T.);
#5615=EDGE_LOOP('',(#5616,#5617,#5618));
#5616=ORIENTED_EDGE('',*,*,#5619,.T.);
#5617=ORIENTED_EDGE('',*,*,#5620,.T.);
#5618=ORIENTED_EDGE('',*,*,#5621,.T.);
#5619=EDGE_CURVE('',#352,#404,#5622,.F.);
#5620=EDGE_CURVE('',#404,#350,#5623,.T.);
#5621=EDGE_CURVE('',#350,#352,#5624,.T.);
#5622=LINE('',#351,#5625);
#5623=LINE('',#403,#5626);
#5624=LINE('',#349,#5627);
#5625=VECTOR('',#5628,1.0);
#5626=VECTOR('',#5629,1.0);
#5627=VECTOR('',#5630,1.0);
#5628=DIRECTION('',(0,0,1));
#5629=DIRECTION('',(-0.24782638399062867,-0.5983285750439249,-0.7619612848984099));
#5630=DIRECTION('',(0.382671008331921,0.9238846786164553,0));
#5631=FACE_SURFACE('',(#5636),#5632,.T.);
#5632=PLANE('',#5633);
#5633=AXIS2_PLACEMENT_3D('',#349,#5634,#5635);
#5634=DIRECTION('',(0.9238846786164553,-0.382671008331921,0));
#5635=DIRECTION('',(0.24782638399062867,0.5983285750439249,0.7619612848984099));
#5636=FACE_BOUND('',#5637,.T.);
#5637=EDGE_LOOP('',(#5638,#5639,#5640));
#5638=ORIENTED_EDGE('',*,*,#5641,.T.);
#5639=ORIENTED_EDGE('',*,*,#5642,.T.);
#5640=ORIENTED_EDGE('',*,*,#5643,.T.);
#5641=EDGE_CURVE('',#350,#404,#5644,.F.);
#5642=EDGE_CURVE('',#404,#406,#5645,.T.);
#5643=EDGE_CURVE('',#406,#350,#5646,.T.);
#5644=LINE('',#349,#5647);
#5645=LINE('',#403,#5648);
#5646=LINE('',#405,#5649);
#5647=VECTOR('',#5650,1.0);
#5648=VECTOR('',#5651,1.0);
#5649=VECTOR('',#5652,1.0);
#5650=DIRECTION('',(0.24782638399062867,0.5983285750439249,0.7619612848984099));
#5651=DIRECTION('',(-0.382671008331921,-0.9238846786164553,0));
#5652=DIRECTION('',(0,0,-1));
#5653=FACE_SURFACE('',(#5658),#5654,.T.);
#5654=PLANE('',#5655);
#5655=AXIS2_PLACEMENT_3D('',#349,#5656,#5657);
#5656=DIRECTION('',(0.7933736019433548,-0.6087350225996753,0));
#5657=DIRECTION('',(0,0,1));
#5658=FACE_BOUND('',#5659,.T.);
#5659=EDGE_LOOP('',(#5660,#5661,#5662));
#5660=ORIENTED_EDGE('',*,*,#5663,.T.);
#5661=ORIENTED_EDGE('',*,*,#5664,.T.);
#5662=ORIENTED_EDGE('',*,*,#5665,.T.);
#5663=EDGE_CURVE('',#350,#406,#5666,.F.);
#5664=EDGE_CURVE('',#406,#348,#5667,.T.);
#5665=EDGE_CURVE('',#348,#350,#5668,.T.);
#5666=LINE('',#349,#5669);
#5667=LINE('',#405,#5670);
#5668=LINE('',#347,#5671);
#5669=VECTOR('',#5672,1.0);
#5670=VECTOR('',#5673,1.0);
#5671=VECTOR('',#5674,1.0);
#5672=DIRECTION('',(0,0,1));
#5673=DIRECTION('',(-0.3942247015465161,-0.5137990419957978,-0.7619694410767145));
#5674=DIRECTION('',(0.6087350225996753,0.7933736019433548,0));
#5675=FACE_SURFACE('',(#5680),#5676,.T.);
#5676=PLANE('',#5677);
#5677=AXIS2_PLACEMENT_3D('',#347,#5678,#5679);
#5678=DIRECTION('',(0.7933736019433548,-0.6087350225996753,0));
#5679=DIRECTION('',(0.3942247015465161,0.5137990419957978,0.7619694410767145));
#5680=FACE_BOUND('',#5681,.T.);
#5681=EDGE_LOOP('',(#5682,#5683,#5684));
#5682=ORIENTED_EDGE('',*,*,#5685,.T.);
#5683=ORIENTED_EDGE('',*,*,#5686,.T.);
#5684=ORIENTED_EDGE('',*,*,#5687,.T.);
#5685=EDGE_CURVE('',#348,#406,#5688,.F.);
#5686=EDGE_CURVE('',#406,#408,#5689,.T.);
#5687=EDGE_CURVE('',#408,#348,#5690,.T.);
#5688=LINE('',#347,#5691);
#5689=LINE('',#405,#5692);
#5690=LINE('',#407,#5693);
#5691=VECTOR('',#5694,1.0);
#5692=VECTOR('',#5695,1.0);
#5693=VECTOR('',#5696,1.0);
#5694=DIRECTION('',(0.3942247015465161,0.5137990419957978,0.7619694410767145));
#5695=DIRECTION('',(-0.6087350225996753,-0.7933736019433548,0));
#5696=DIRECTION('',(0,0,-1));
#5697=FACE_SURFACE('',(#5702),#5698,.T.);
#5698=PLANE('',#5699);
#5699=AXIS2_PLACEMENT_3D('',#347,#5700,#5701);
#5700=DIRECTION('',(0.6087350225996332,-0.793373601943387,0));
#5701=DIRECTION('',(0,0,1));
#5702=FACE_BOUND('',#5703,.T.);
#5703=EDGE_LOOP('',(#5704,#5705,#5706));
#5704=ORIENTED_EDGE('',*,*,#5707,.T.);
#5705=ORIENTED_EDGE('',*,*,#5708,.T.);
#5706=ORIENTED_EDGE('',*,*,#5709,.T.);
#5707=EDGE_CURVE('',#348,#408,#5710,.F.);
#5708=EDGE_CURVE('',#408,#346,#5711,.T.);
#5709=EDGE_CURVE('',#346,#348,#5712,.T.);
#5710=LINE('',#347,#5713);
#5711=LINE('',#407,#5714);
#5712=LINE('',#345,#5715);
#5713=VECTOR('',#5716,1.0);
#5714=VECTOR('',#5717,1.0);
#5715=VECTOR('',#5718,1.0);
#5716=DIRECTION('',(0,0,1));
#5717=DIRECTION('',(-0.5137990419958066,-0.39422470154647954,-0.7619694410767276));
#5718=DIRECTION('',(0.793373601943387,0.6087350225996332,0));
#5719=FACE_SURFACE('',(#5724),#5720,.T.);
#5720=PLANE('',#5721);
#5721=AXIS2_PLACEMENT_3D('',#345,#5722,#5723);
#5722=DIRECTION('',(0.6087350225996332,-0.793373601943387,0));
#5723=DIRECTION('',(0.5137990419958066,0.39422470154647954,0.7619694410767276));
#5724=FACE_BOUND('',#5725,.T.);
#5725=EDGE_LOOP('',(#5726,#5727,#5728));
#5726=ORIENTED_EDGE('',*,*,#5729,.T.);
#5727=ORIENTED_EDGE('',*,*,#5730,.T.);
#5728=ORIENTED_EDGE('',*,*,#5731,.T.);
#5729=EDGE_CURVE('',#346,#408,#5732,.F.);
#5730=EDGE_CURVE('',#408,#410,#5733,.T.);
#5731=EDGE_CURVE('',#410,#346,#5734,.T.);
#5732=LINE('',#345,#5735);
#5733=LINE('',#407,#5736);
#5734=LINE('',#409,#5737);
#5735=VECTOR('',#5738,1.0);
#5736=VECTOR('',#5739,1.0);
#5737=VECTOR('',#5740,1.0);
#5738=DIRECTION('',(0.5137990419958066,0.39422470154647954,0.7619694410767276));
#5739=DIRECTION('',(-0.793373601943387,-0.6087350225996332,0));
#5740=DIRECTION('',(0,0,-1));
#5741=FACE_SURFACE('',(#5746),#5742,.T.);
#5742=PLANE('',#5743);
#5743=AXIS2_PLACEMENT_3D('',#345,#5744,#5745);
#5744=DIRECTION('',(0.3827164559387198,-0.9238658530077329,0));
#5745=DIRECTION('',(0,0,1));
#5746=FACE_BOUND('',#5747,.T.);
#5747=EDGE_LOOP('',(#5748,#5749,#5750));
#5748=ORIENTED_EDGE('',*,*,#5751,.T.);
#5749=ORIENTED_EDGE('',*,*,#5752,.T.);
#5750=ORIENTED_EDGE('',*,*,#5753,.T.);
#5751=EDGE_CURVE('',#346,#410,#5754,.F.);
#5752=EDGE_CURVE('',#410,#344,#5755,.T.);
#5753=EDGE_CURVE('',#344,#346,#5756,.T.);
#5754=LINE('',#345,#5757);
#5755=LINE('',#409,#5758);
#5756=LINE('',#343,#5759);
#5757=VECTOR('',#5760,1.0);
#5758=VECTOR('',#5761,1.0);
#5759=VECTOR('',#5762,1.0);
#5760=DIRECTION('',(0,0,1));
#5761=DIRECTION('',(-0.5983093052266114,-0.24785288481656856,-0.7619677964109469));
#5762=DIRECTION('',(0.9238658530077329,0.3827164559387198,0));
#5763=FACE_SURFACE('',(#5768),#5764,.T.);
#5764=PLANE('',#5765);
#5765=AXIS2_PLACEMENT_3D('',#343,#5766,#5767);
#5766=DIRECTION('',(0.3827164559387198,-0.9238658530077329,0));
#5767=DIRECTION('',(0.5983093052266114,0.24785288481656856,0.7619677964109469));
#5768=FACE_BOUND('',#5769,.T.);
#5769=EDGE_LOOP('',(#5770,#5771,#5772));
#5770=ORIENTED_EDGE('',*,*,#5773,.T.);
#5771=ORIENTED_EDGE('',*,*,#5774,.T.);
#5772=ORIENTED_EDGE('',*,*,#5775,.T.);
#5773=EDGE_CURVE('',#344,#410,#5776,.F.);
#5774=EDGE_CURVE('',#410,#412,#5777,.T.);
#5775=EDGE_CURVE('',#412,#344,#5778,.T.);
#5776=LINE('',#343,#5779);
#5777=LINE('',#409,#5780);
#5778=LINE('',#411,#5781);
#5779=VECTOR('',#5782,1.0);
#5780=VECTOR('',#5783,1.0);
#5781=VECTOR('',#5784,1.0);
#5782=DIRECTION('',(0.5983093052266114,0.24785288481656856,0.7619677964109469));
#5783=DIRECTION('',(-0.9238658530077329,-0.3827164559387198,0));
#5784=DIRECTION('',(0,0,-1));
#5785=FACE_SURFACE('',(#5790),#5786,.T.);
#5786=PLANE('',#5787);
#5787=AXIS2_PLACEMENT_3D('',#343,#5788,#5789);
#5788=DIRECTION('',(0.1304915207801139,-0.9914494253387275,0));
#5789=DIRECTION('',(0,0,1));
#5790=FACE_BOUND('',#5791,.T.);
#5791=EDGE_LOOP('',(#5792,#5793,#5794));
#5792=ORIENTED_EDGE('',*,*,#5795,.T.);
#5793=ORIENTED_EDGE('',*,*,#5796,.T.);
#5794=ORIENTED_EDGE('',*,*,#5797,.T.);
#5795=EDGE_CURVE('',#344,#412,#5798,.F.);
#5796=EDGE_CURVE('',#412,#342,#5799,.T.);
#5797=EDGE_CURVE('',#342,#344,#5800,.T.);
#5798=LINE('',#343,#5801);
#5799=LINE('',#411,#5802);
#5800=LINE('',#341,#5803);
#5801=VECTOR('',#5804,1.0);
#5802=VECTOR('',#5805,1.0);
#5803=VECTOR('',#5806,1.0);
#5804=DIRECTION('',(0,0,1));
#5805=DIRECTION('',(-0.6420911850004005,-0.08451006482915842,-0.761956008629995));
#5806=DIRECTION('',(0.9914494253387275,0.1304915207801139,0));
#5807=FACE_SURFACE('',(#5812),#5808,.T.);
#5808=PLANE('',#5809);
#5809=AXIS2_PLACEMENT_3D('',#341,#5810,#5811);
#5810=DIRECTION('',(0.1304915207801139,-0.9914494253387275,0));
#5811=DIRECTION('',(0.6420911850004005,0.08451006482915842,0.761956008629995));
#5812=FACE_BOUND('',#5813,.T.);
#5813=EDGE_LOOP('',(#5814,#5815,#5816));
#5814=ORIENTED_EDGE('',*,*,#5817,.T.);
#5815=ORIENTED_EDGE('',*,*,#5818,.T.);
#5816=ORIENTED_EDGE('',*,*,#5819,.T.);
#5817=EDGE_CURVE('',#342,#412,#5820,.F.);
#5818=EDGE_CURVE('',#412,#414,#5821,.T.);
#5819=EDGE_CURVE('',#414,#342,#5822,.T.);
#5820=LINE('',#341,#5823);
#5821=LINE('',#411,#5824);
#5822=LINE('',#413,#5825);
#5823=VECTOR('',#5826,1.0);
#5824=VECTOR('',#5827,1.0);
#5825=VECTOR('',#5828,1.0);
#5826=DIRECTION('',(0.6420911850004005,0.08451006482915842,0.761956008629995));
#5827=DIRECTION('',(-0.9914494253387275,-0.1304915207801139,0));
#5828=DIRECTION('',(0,0,-1));
#5829=FACE_SURFACE('',(#5834),#5830,.T.);
#5830=PLANE('',#5831);
#5831=AXIS2_PLACEMENT_3D('',#341,#5832,#5833);
#5832=DIRECTION('',(-0.13049639183096454,-0.9914487842138389,0));
#5833=DIRECTION('',(0,0,1));
#5834=FACE_BOUND('',#5835,.T.);
#5835=EDGE_LOOP('',(#5836,#5837,#5838));
#5836=ORIENTED_EDGE('',*,*,#5839,.T.);
#5837=ORIENTED_EDGE('',*,*,#5840,.T.);
#5838=ORIENTED_EDGE('',*,*,#5841,.T.);
#5839=EDGE_CURVE('',#342,#414,#5842,.F.);
#5840=EDGE_CURVE('',#414,#340,#5843,.T.);
#5841=EDGE_CURVE('',#340,#342,#5844,.T.);
#5842=LINE('',#341,#5845);
#5843=LINE('',#413,#5846);
#5844=LINE('',#339,#5847);
#5845=VECTOR('',#5848,1.0);
#5846=VECTOR('',#5849,1.0);
#5847=VECTOR('',#5850,1.0);
#5848=DIRECTION('',(0,0,1));
#5849=DIRECTION('',(-0.6420768545532971,0.08451138791180209,-0.7619679377507723));
#5850=DIRECTION('',(0.9914487842138389,-0.13049639183096454,0));
#5851=FACE_SURFACE('',(#5856),#5852,.T.);
#5852=PLANE('',#5853);
#5853=AXIS2_PLACEMENT_3D('',#339,#5854,#5855);
#5854=DIRECTION('',(-0.13049639183096454,-0.9914487842138389,0));
#5855=DIRECTION('',(0.6420768545532971,-0.08451138791180209,0.7619679377507723));
#5856=FACE_BOUND('',#5857,.T.);
#5857=EDGE_LOOP('',(#5858,#5859,#5860));
#5858=ORIENTED_EDGE('',*,*,#5861,.T.);
#5859=ORIENTED_EDGE('',*,*,#5862,.T.);
#5860=ORIENTED_EDGE('',*,*,#5863,.T.);
#5861=EDGE_CURVE('',#340,#414,#5864,.F.);
#5862=EDGE_CURVE('',#414,#416,#5865,.T.);
#5863=EDGE_CURVE('',#416,#340,#5866,.T.);
#5864=LINE('',#339,#5867);
#5865=LINE('',#413,#5868);
#5866=LINE('',#415,#5869);
#5867=VECTOR('',#5870,1.0);
#5868=VECTOR('',#5871,1.0);
#5869=VECTOR('',#5872,1.0);
#5870=DIRECTION('',(0.6420768545532971,-0.08451138791180209,0.7619679377507723));
#5871=DIRECTION('',(-0.9914487842138389,0.13049639183096454,0));
#5872=DIRECTION('',(0,0,-1));
#5873=FACE_SURFACE('',(#5878),#5874,.T.);
#5874=PLANE('',#5875);
#5875=AXIS2_PLACEMENT_3D('',#339,#5876,#5877);
#5876=DIRECTION('',(-0.3827164559387198,-0.9238658530077329,0));
#5877=DIRECTION('',(0,0,1));
#5878=FACE_BOUND('',#5879,.T.);
#5879=EDGE_LOOP('',(#5880,#5881,#5882));
#5880=ORIENTED_EDGE('',*,*,#5883,.T.);
#5881=ORIENTED_EDGE('',*,*,#5884,.T.);
#5882=ORIENTED_EDGE('',*,*,#5885,.T.);
#5883=EDGE_CURVE('',#340,#416,#5886,.F.);
#5884=EDGE_CURVE('',#416,#338,#5887,.T.);
#5885=EDGE_CURVE('',#338,#340,#5888,.T.);
#5886=LINE('',#339,#5889);
#5887=LINE('',#415,#5890);
#5888=LINE('',#337,#5891);
#5889=VECTOR('',#5892,1.0);
#5890=VECTOR('',#5893,1.0);
#5891=VECTOR('',#5894,1.0);
#5892=DIRECTION('',(0,0,1));
#5893=DIRECTION('',(-0.5983093052266114,0.24785288481656856,-0.7619677964109469));
#5894=DIRECTION('',(0.9238658530077329,-0.3827164559387198,0));
#5895=FACE_SURFACE('',(#5900),#5896,.T.);
#5896=PLANE('',#5897);
#5897=AXIS2_PLACEMENT_3D('',#337,#5898,#5899);
#5898=DIRECTION('',(-0.3827164559387198,-0.9238658530077329,0));
#5899=DIRECTION('',(0.5983093052266114,-0.24785288481656856,0.7619677964109469));
#5900=FACE_BOUND('',#5901,.T.);
#5901=EDGE_LOOP('',(#5902,#5903,#5904));
#5902=ORIENTED_EDGE('',*,*,#5905,.T.);
#5903=ORIENTED_EDGE('',*,*,#5906,.T.);
#5904=ORIENTED_EDGE('',*,*,#5907,.T.);
#5905=EDGE_CURVE('',#338,#416,#5908,.F.);
#5906=EDGE_CURVE('',#416,#418,#5909,.T.);
#5907=EDGE_CURVE('',#418,#338,#5910,.T.);
#5908=LINE('',#337,#5911);
#5909=LINE('',#415,#5912);
#5910=LINE('',#417,#5913);
#5911=VECTOR('',#5914,1.0);
#5912=VECTOR('',#5915,1.0);
#5913=VECTOR('',#5916,1.0);
#5914=DIRECTION('',(0.5983093052266114,-0.24785288481656856,0.7619677964109469));
#5915=DIRECTION('',(-0.9238658530077329,0.3827164559387198,0));
#5916=DIRECTION('',(0,0,-1));
#5917=FACE_SURFACE('',(#5922),#5918,.T.);
#5918=PLANE('',#5919);
#5919=AXIS2_PLACEMENT_3D('',#337,#5920,#5921);
#5920=DIRECTION('',(-0.6087532065056118,-0.7933596495720815,0));
#5921=DIRECTION('',(0,0,1));
#5922=FACE_BOUND('',#5923,.T.);
#5923=EDGE_LOOP('',(#5924,#5925,#5926));
#5924=ORIENTED_EDGE('',*,*,#5927,.T.);
#5925=ORIENTED_EDGE('',*,*,#5928,.T.);
#5926=ORIENTED_EDGE('',*,*,#5929,.T.);
#5927=EDGE_CURVE('',#338,#418,#5930,.F.);
#5928=EDGE_CURVE('',#418,#336,#5931,.T.);
#5929=EDGE_CURVE('',#336,#338,#5932,.T.);
#5930=LINE('',#337,#5933);
#5931=LINE('',#417,#5934);
#5932=LINE('',#335,#5935);
#5933=VECTOR('',#5936,1.0);
#5934=VECTOR('',#5937,1.0);
#5935=VECTOR('',#5938,1.0);
#5936=DIRECTION('',(0,0,1));
#5937=DIRECTION('',(-0.5137810954971932,0.3942296403586702,-0.761978986962487));
#5938=DIRECTION('',(0.7933596495720815,-0.6087532065056118,0));
#5939=FACE_SURFACE('',(#5944),#5940,.T.);
#5940=PLANE('',#5941);
#5941=AXIS2_PLACEMENT_3D('',#335,#5942,#5943);
#5942=DIRECTION('',(-0.6087532065056118,-0.7933596495720815,0));
#5943=DIRECTION('',(0.5137810954971932,-0.3942296403586702,0.761978986962487));
#5944=FACE_BOUND('',#5945,.T.);
#5945=EDGE_LOOP('',(#5946,#5947,#5948));
#5946=ORIENTED_EDGE('',*,*,#5949,.T.);
#5947=ORIENTED_EDGE('',*,*,#5950,.T.);
#5948=ORIENTED_EDGE('',*,*,#5951,.T.);
#5949=EDGE_CURVE('',#336,#418,#5952,.F.);
#5950=EDGE_CURVE('',#418,#420,#5953,.T.);
#5951=EDGE_CURVE('',#420,#336,#5954,.T.);
#5952=LINE('',#335,#5955);
#5953=LINE('',#417,#5956);
#5954=LINE('',#419,#5957);
#5955=VECTOR('',#5958,1.0);
#5956=VECTOR('',#5959,1.0);
#5957=VECTOR('',#5960,1.0);
#5958=DIRECTION('',(0.5137810954971932,-0.3942296403586702,0.761978986962487));
#5959=DIRECTION('',(-0.7933596495720815,0.6087532065056118,0));
#5960=DIRECTION('',(0,0,-1));
#5961=FACE_SURFACE('',(#5966),#5962,.T.);
#5962=PLANE('',#5963);
#5963=AXIS2_PLACEMENT_3D('',#335,#5964,#5965);
#5964=DIRECTION('',(-0.7933554184834694,-0.6087587206462993,0));
#5965=DIRECTION('',(0,0,1));
#5966=FACE_BOUND('',#5967,.T.);
#5967=EDGE_LOOP('',(#5968,#5969,#5970));
#5968=ORIENTED_EDGE('',*,*,#5971,.T.);
#5969=ORIENTED_EDGE('',*,*,#5972,.T.);
#5970=ORIENTED_EDGE('',*,*,#5973,.T.);
#5971=EDGE_CURVE('',#336,#420,#5974,.F.);
#5972=EDGE_CURVE('',#420,#334,#5975,.T.);
#5973=EDGE_CURVE('',#334,#336,#5976,.T.);
#5974=LINE('',#335,#5977);
#5975=LINE('',#419,#5978);
#5976=LINE('',#333,#5979);
#5977=VECTOR('',#5980,1.0);
#5978=VECTOR('',#5981,1.0);
#5979=VECTOR('',#5982,1.0);
#5980=DIRECTION('',(0,0,1));
#5981=DIRECTION('',(-0.394245294830256,0.5137941030777049,-0.761962116608681));
#5982=DIRECTION('',(0.6087587206462993,-0.7933554184834694,0));
#5983=FACE_SURFACE('',(#5988),#5984,.T.);
#5984=PLANE('',#5985);
#5985=AXIS2_PLACEMENT_3D('',#333,#5986,#5987);
#5986=DIRECTION('',(-0.7933554184834694,-0.6087587206462993,0));
#5987=DIRECTION('',(0.394245294830256,-0.5137941030777049,0.761962116608681));
#5988=FACE_BOUND('',#5989,.T.);
#5989=EDGE_LOOP('',(#5990,#5991,#5992));
#5990=ORIENTED_EDGE('',*,*,#5993,.T.);
#5991=ORIENTED_EDGE('',*,*,#5994,.T.);
#5992=ORIENTED_EDGE('',*,*,#5995,.T.);
#5993=EDGE_CURVE('',#334,#420,#5996,.F.);
#5994=EDGE_CURVE('',#420,#422,#5997,.T.);
#5995=EDGE_CURVE('',#422,#334,#5998,.T.);
#5996=LINE('',#333,#5999);
#5997=LINE('',#419,#6000);
#5998=LINE('',#421,#6001);
#5999=VECTOR('',#6002,1.0);
#6000=VECTOR('',#6003,1.0);
#6001=VECTOR('',#6004,1.0);
#6002=DIRECTION('',(0.394245294830256,-0.5137941030777049,0.761962116608681));
#6003=DIRECTION('',(-0.6087587206462993,0.7933554184834694,0));
#6004=DIRECTION('',(0,0,-1));
#6005=FACE_SURFACE('',(#6010),#6006,.T.);
#6006=PLANE('',#6007);
#6007=AXIS2_PLACEMENT_3D('',#333,#6008,#6009);
#6008=DIRECTION('',(-0.9238846786164553,-0.382671008331921,0));
#6009=DIRECTION('',(0,0,1));
#6010=FACE_BOUND('',#6011,.T.);
#6011=EDGE_LOOP('',(#6012,#6013,#6014));
#6012=ORIENTED_EDGE('',*,*,#6015,.T.);
#6013=ORIENTED_EDGE('',*,*,#6016,.T.);
#6014=ORIENTED_EDGE('',*,*,#6017,.T.);
#6015=EDGE_CURVE('',#334,#422,#6018,.F.);
#6016=EDGE_CURVE('',#422,#332,#6019,.T.);
#6017=EDGE_CURVE('',#332,#334,#6020,.T.);
#6018=LINE('',#333,#6021);
#6019=LINE('',#421,#6022);
#6020=LINE('',#331,#6023);
#6021=VECTOR('',#6024,1.0);
#6022=VECTOR('',#6025,1.0);
#6023=VECTOR('',#6026,1.0);
#6024=DIRECTION('',(0,0,1));
#6025=DIRECTION('',(-0.24782638399062867,0.5983285750439249,-0.7619612848984099));
#6026=DIRECTION('',(0.382671008331921,-0.9238846786164553,0));
#6027=FACE_SURFACE('',(#6032),#6028,.T.);
#6028=PLANE('',#6029);
#6029=AXIS2_PLACEMENT_3D('',#331,#6030,#6031);
#6030=DIRECTION('',(-0.9238846786164553,-0.382671008331921,0));
#6031=DIRECTION('',(0.24782638399062867,-0.5983285750439249,0.7619612848984099));
#6032=FACE_BOUND('',#6033,.T.);
#6033=EDGE_LOOP('',(#6034,#6035,#6036));
#6034=ORIENTED_EDGE('',*,*,#6037,.T.);
#6035=ORIENTED_EDGE('',*,*,#6038,.T.);
#6036=ORIENTED_EDGE('',*,*,#6039,.T.);
#6037=EDGE_CURVE('',#332,#422,#6040,.F.);
#6038=EDGE_CURVE('',#422,#424,#6041,.T.);
#6039=EDGE_CURVE('',#424,#332,#6042,.T.);
#6040=LINE('',#331,#6043);
#6041=LINE('',#421,#6044);
#6042=LINE('',#423,#6045);
#6043=VECTOR('',#6046,1.0);
#6044=VECTOR('',#6047,1.0);
#6045=VECTOR('',#6048,1.0);
#6046=DIRECTION('',(0.24782638399062867,-0.5983285750439249,0.7619612848984099));
#6047=DIRECTION('',(-0.382671008331921,0.9238846786164553,0));
#6048=DIRECTION('',(0,0,-1));
#6049=FACE_SURFACE('',(#6054),#6050,.T.);
#6050=PLANE('',#6051);
#6051=AXIS2_PLACEMENT_3D('',#279,#6052,#6053);
#6052=DIRECTION('',(0,-0,1));
#6053=DIRECTION('',(1,0,0));
#6054=FACE_BOUND('',#6055,.T.);
#6055=EDGE_LOOP('',(#6056,#6057,#6058));
#6056=ORIENTED_EDGE('',*,*,#6059,.T.);
#6057=ORIENTED_EDGE('',*,*,#6060,.T.);
#6058=ORIENTED_EDGE('',*,*,#6061,.T.);
#6059=EDGE_CURVE('',#280,#260,#6062,.F.);
#6060=EDGE_CURVE('',#260,#234,#6063,.T.);
#6061=EDGE_CURVE('',#234,#280,#6064,.T.);
#6062=LINE('',#279,#6065);
#6063=LINE('',#259,#6066);
#6064=LINE('',#233,#6067);
#6065=VECTOR('',#6068,1.0);
#6066=VECTOR('',#6069,1.0);
#6067=VECTOR('',#6070,1.0);
#6068=DIRECTION('',(1,0,0));
#6069=DIRECTION('',(-0.9914447775114406,0.1305268292164107,0));
#6070=DIRECTION('',(0.13053340082785728,-0.9914439123159282,0));
#6071=FACE_SURFACE('',(#6076),#6072,.T.);
#6072=PLANE('',#6073);
#6073=AXIS2_PLACEMENT_3D('',#233,#6074,#6075);
#6074=DIRECTION('',(-0,0,1));
#6075=DIRECTION('',(0.9914447775114406,-0.1305268292164107,0));
#6076=FACE_BOUND('',#6077,.T.);
#6077=EDGE_LOOP('',(#6078,#6079,#6080));
#6078=ORIENTED_EDGE('',*,*,#6081,.T.);
#6079=ORIENTED_EDGE('',*,*,#6082,.T.);
#6080=ORIENTED_EDGE('',*,*,#6083,.T.);
#6081=EDGE_CURVE('',#234,#260,#6084,.F.);
#6082=EDGE_CURVE('',#260,#258,#6085,.T.);
#6083=EDGE_CURVE('',#258,#234,#6086,.T.);
#6084=LINE('',#233,#6087);
#6085=LINE('',#259,#6088);
#6086=LINE('',#257,#6089);
#6087=VECTOR('',#6090,1.0);
#6088=VECTOR('',#6091,1.0);
#6089=VECTOR('',#6092,1.0);
#6090=DIRECTION('',(0.9914447775114406,-0.1305268292164107,0));
#6091=DIRECTION('',(0.13053340082785728,0.9914439123159282,0));
#6092=DIRECTION('',(-1,0,0));
#6093=FACE_SURFACE('',(#6098),#6094,.T.);
#6094=PLANE('',#6095);
#6095=AXIS2_PLACEMENT_3D('',#233,#6096,#6097);
#6096=DIRECTION('',(0,0,1));
#6097=DIRECTION('',(1,0,0));
#6098=FACE_BOUND('',#6099,.T.);
#6099=EDGE_LOOP('',(#6100,#6101,#6102));
#6100=ORIENTED_EDGE('',*,*,#6103,.T.);
#6101=ORIENTED_EDGE('',*,*,#6104,.T.);
#6102=ORIENTED_EDGE('',*,*,#6105,.T.);
#6103=EDGE_CURVE('',#234,#258,#6106,.F.);
#6104=EDGE_CURVE('',#258,#236,#6107,.T.);
#6105=EDGE_CURVE('',#236,#234,#6108,.T.);
#6106=LINE('',#233,#6109);
#6107=LINE('',#257,#6110);
#6108=LINE('',#235,#6111);
#6109=VECTOR('',#6112,1.0);
#6110=VECTOR('',#6113,1.0);
#6111=VECTOR('',#6114,1.0);
#6112=DIRECTION('',(1,0,0));
#6113=DIRECTION('',(-0.9914454189572046,0.13052195688378612,0));
#6114=DIRECTION('',(-0.13053827357286926,-0.9914432707586525,0));
#6115=FACE_SURFACE('',(#6120),#6116,.T.);
#6116=PLANE('',#6117);
#6117=AXIS2_PLACEMENT_3D('',#235,#6118,#6119);
#6118=DIRECTION('',(-0,0,1));
#6119=DIRECTION('',(0.9914454189572046,-0.13052195688378612,0));
#6120=FACE_BOUND('',#6121,.T.);
#6121=EDGE_LOOP('',(#6122,#6123,#6124));
#6122=ORIENTED_EDGE('',*,*,#6125,.T.);
#6123=ORIENTED_EDGE('',*,*,#6126,.T.);
#6124=ORIENTED_EDGE('',*,*,#6127,.T.);
#6125=EDGE_CURVE('',#236,#258,#6128,.F.);
#6126=EDGE_CURVE('',#258,#256,#6129,.T.);
#6127=EDGE_CURVE('',#256,#236,#6130,.T.);
#6128=LINE('',#235,#6131);
#6129=LINE('',#257,#6132);
#6130=LINE('',#255,#6133);
#6131=VECTOR('',#6134,1.0);
#6132=VECTOR('',#6135,1.0);
#6133=VECTOR('',#6136,1.0);
#6134=DIRECTION('',(0.9914454189572046,-0.13052195688378612,0));
#6135=DIRECTION('',(-0.13053827357286926,0.9914432707586525,0));
#6136=DIRECTION('',(-1,0,0));
#6137=FACE_SURFACE('',(#6142),#6138,.T.);
#6138=PLANE('',#6139);
#6139=AXIS2_PLACEMENT_3D('',#235,#6140,#6141);
#6140=DIRECTION('',(0,0,1));
#6141=DIRECTION('',(1,0,0));
#6142=FACE_BOUND('',#6143,.T.);
#6143=EDGE_LOOP('',(#6144,#6145,#6146));
#6144=ORIENTED_EDGE('',*,*,#6147,.T.);
#6145=ORIENTED_EDGE('',*,*,#6148,.T.);
#6146=ORIENTED_EDGE('',*,*,#6149,.T.);
#6147=EDGE_CURVE('',#236,#256,#6150,.F.);
#6148=EDGE_CURVE('',#256,#238,#6151,.T.);
#6149=EDGE_CURVE('',#238,#236,#6152,.T.);
#6150=LINE('',#235,#6153);
#6151=LINE('',#255,#6154);
#6152=LINE('',#237,#6155);
#6153=VECTOR('',#6156,1.0);
#6154=VECTOR('',#6157,1.0);
#6155=VECTOR('',#6158,1.0);
#6156=DIRECTION('',(1,0,0));
#6157=DIRECTION('',(-0.9914450775659944,0.13052455006687225,0));
#6158=DIRECTION('',(-0.38268431955744037,-0.9238791650236836,0));
#6159=FACE_SURFACE('',(#6164),#6160,.T.);
#6160=PLANE('',#6161);
#6161=AXIS2_PLACEMENT_3D('',#237,#6162,#6163);
#6162=DIRECTION('',(-0,0,1));
#6163=DIRECTION('',(0.9914450775659944,-0.13052455006687225,0));
#6164=FACE_BOUND('',#6165,.T.);
#6165=EDGE_LOOP('',(#6166,#6167,#6168));
#6166=ORIENTED_EDGE('',*,*,#6169,.T.);
#6167=ORIENTED_EDGE('',*,*,#6170,.T.);
#6168=ORIENTED_EDGE('',*,*,#6171,.T.);
#6169=EDGE_CURVE('',#238,#256,#6172,.F.);
#6170=EDGE_CURVE('',#256,#254,#6173,.T.);
#6171=EDGE_CURVE('',#254,#238,#6174,.T.);
#6172=LINE('',#237,#6175);
#6173=LINE('',#255,#6176);
#6174=LINE('',#253,#6177);
#6175=VECTOR('',#6178,1.0);
#6176=VECTOR('',#6179,1.0);
#6177=VECTOR('',#6180,1.0);
#6178=DIRECTION('',(0.9914450775659944,-0.13052455006687225,0));
#6179=DIRECTION('',(-0.38268431955744037,0.9238791650236836,0));
#6180=DIRECTION('',(-1,0,0));
#6181=FACE_SURFACE('',(#6186),#6182,.T.);
#6182=PLANE('',#6183);
#6183=AXIS2_PLACEMENT_3D('',#237,#6184,#6185);
#6184=DIRECTION('',(0,0,1));
#6185=DIRECTION('',(1,0,0));
#6186=FACE_BOUND('',#6187,.T.);
#6187=EDGE_LOOP('',(#6188,#6189,#6190));
#6188=ORIENTED_EDGE('',*,*,#6191,.T.);
#6189=ORIENTED_EDGE('',*,*,#6192,.T.);
#6190=ORIENTED_EDGE('',*,*,#6193,.T.);
#6191=EDGE_CURVE('',#238,#254,#6194,.F.);
#6192=EDGE_CURVE('',#254,#240,#6195,.T.);
#6193=EDGE_CURVE('',#240,#238,#6196,.T.);
#6194=LINE('',#237,#6197);
#6195=LINE('',#253,#6198);
#6196=LINE('',#239,#6199);
#6197=VECTOR('',#6200,1.0);
#6198=VECTOR('',#6201,1.0);
#6199=VECTOR('',#6202,1.0);
#6200=DIRECTION('',(1,0,0));
#6201=DIRECTION('',(-0.9914444676531234,0.13052918279072526,0));
#6202=DIRECTION('',(-0.6087587206462993,-0.7933554184834694,0));
#6203=FACE_SURFACE('',(#6208),#6204,.T.);
#6204=PLANE('',#6205);
#6205=AXIS2_PLACEMENT_3D('',#239,#6206,#6207);
#6206=DIRECTION('',(-0,0,1));
#6207=DIRECTION('',(0.9914444676531234,-0.13052918279072526,0));
#6208=FACE_BOUND('',#6209,.T.);
#6209=EDGE_LOOP('',(#6210,#6211,#6212));
#6210=ORIENTED_EDGE('',*,*,#6213,.T.);
#6211=ORIENTED_EDGE('',*,*,#6214,.T.);
#6212=ORIENTED_EDGE('',*,*,#6215,.T.);
#6213=EDGE_CURVE('',#240,#254,#6216,.F.);
#6214=EDGE_CURVE('',#254,#252,#6217,.T.);
#6215=EDGE_CURVE('',#252,#240,#6218,.T.);
#6216=LINE('',#239,#6219);
#6217=LINE('',#253,#6220);
#6218=LINE('',#251,#6221);
#6219=VECTOR('',#6222,1.0);
#6220=VECTOR('',#6223,1.0);
#6221=VECTOR('',#6224,1.0);
#6222=DIRECTION('',(0.9914444676531234,-0.13052918279072526,0));
#6223=DIRECTION('',(-0.6087350225996753,0.7933736019433548,0));
#6224=DIRECTION('',(-1,0,0));
#6225=FACE_SURFACE('',(#6230),#6226,.T.);
#6226=PLANE('',#6227);
#6227=AXIS2_PLACEMENT_3D('',#239,#6228,#6229);
#6228=DIRECTION('',(0,0,1));
#6229=DIRECTION('',(1,0,0));
#6230=FACE_BOUND('',#6231,.T.);
#6231=EDGE_LOOP('',(#6232,#6233,#6234));
#6232=ORIENTED_EDGE('',*,*,#6235,.T.);
#6233=ORIENTED_EDGE('',*,*,#6236,.T.);
#6234=ORIENTED_EDGE('',*,*,#6237,.T.);
#6235=EDGE_CURVE('',#240,#252,#6238,.F.);
#6236=EDGE_CURVE('',#252,#242,#6239,.T.);
#6237=EDGE_CURVE('',#242,#240,#6240,.T.);
#6238=LINE('',#239,#6241);
#6239=LINE('',#251,#6242);
#6240=LINE('',#241,#6243);
#6241=VECTOR('',#6244,1.0);
#6242=VECTOR('',#6245,1.0);
#6243=VECTOR('',#6246,1.0);
#6244=DIRECTION('',(1,0,0));
#6245=DIRECTION('',(-0.9914458031189548,0.13051903875607834,0));
#6246=DIRECTION('',(-0.7933596495720492,-0.608753206505654,0));
#6247=FACE_SURFACE('',(#6252),#6248,.T.);
#6248=PLANE('',#6249);
#6249=AXIS2_PLACEMENT_3D('',#241,#6250,#6251);
#6250=DIRECTION('',(-0,0,1));
#6251=DIRECTION('',(0.9914458031189548,-0.13051903875607834,0));
#6252=FACE_BOUND('',#6253,.T.);
#6253=EDGE_LOOP('',(#6254,#6255,#6256));
#6254=ORIENTED_EDGE('',*,*,#6257,.T.);
#6255=ORIENTED_EDGE('',*,*,#6258,.T.);
#6256=ORIENTED_EDGE('',*,*,#6259,.T.);
#6257=EDGE_CURVE('',#242,#252,#6260,.F.);
#6258=EDGE_CURVE('',#252,#250,#6261,.T.);
#6259=EDGE_CURVE('',#250,#242,#6262,.T.);
#6260=LINE('',#241,#6263);
#6261=LINE('',#251,#6264);
#6262=LINE('',#249,#6265);
#6263=VECTOR('',#6266,1.0);
#6264=VECTOR('',#6267,1.0);
#6265=VECTOR('',#6268,1.0);
#6266=DIRECTION('',(0.9914458031189548,-0.13051903875607834,0));
#6267=DIRECTION('',(-0.7933736019433548,0.6087350225996753,0));
#6268=DIRECTION('',(-1,0,0));
#6269=FACE_SURFACE('',(#6274),#6270,.T.);
#6270=PLANE('',#6271);
#6271=AXIS2_PLACEMENT_3D('',#241,#6272,#6273);
#6272=DIRECTION('',(0,0,1));
#6273=DIRECTION('',(1,0,0));
#6274=FACE_BOUND('',#6275,.T.);
#6275=EDGE_LOOP('',(#6276,#6277,#6278));
#6276=ORIENTED_EDGE('',*,*,#6279,.T.);
#6277=ORIENTED_EDGE('',*,*,#6280,.T.);
#6278=ORIENTED_EDGE('',*,*,#6281,.T.);
#6279=EDGE_CURVE('',#242,#250,#6282,.F.);
#6280=EDGE_CURVE('',#250,#244,#6283,.T.);
#6281=EDGE_CURVE('',#244,#242,#6284,.T.);
#6282=LINE('',#241,#6285);
#6283=LINE('',#249,#6286);
#6284=LINE('',#243,#6287);
#6285=VECTOR('',#6288,1.0);
#6286=VECTOR('',#6289,1.0);
#6287=VECTOR('',#6290,1.0);
#6288=DIRECTION('',(1,0,0));
#6289=DIRECTION('',(-0.9914435834991886,0.13053589827433434,0));
#6290=DIRECTION('',(-0.9238658530077329,-0.3827164559387198,0));
#6291=FACE_SURFACE('',(#6296),#6292,.T.);
#6292=PLANE('',#6293);
#6293=AXIS2_PLACEMENT_3D('',#243,#6294,#6295);
#6294=DIRECTION('',(-0,0,1));
#6295=DIRECTION('',(0.9914435834991886,-0.13053589827433434,0));
#6296=FACE_BOUND('',#6297,.T.);
#6297=EDGE_LOOP('',(#6298,#6299,#6300));
#6298=ORIENTED_EDGE('',*,*,#6301,.T.);
#6299=ORIENTED_EDGE('',*,*,#6302,.T.);
#6300=ORIENTED_EDGE('',*,*,#6303,.T.);
#6301=EDGE_CURVE('',#244,#250,#6304,.F.);
#6302=EDGE_CURVE('',#250,#248,#6305,.T.);
#6303=EDGE_CURVE('',#248,#244,#6306,.T.);
#6304=LINE('',#243,#6307);
#6305=LINE('',#249,#6308);
#6306=LINE('',#247,#6309);
#6307=VECTOR('',#6310,1.0);
#6308=VECTOR('',#6311,1.0);
#6309=VECTOR('',#6312,1.0);
#6310=DIRECTION('',(0.9914435834991886,-0.13053589827433434,0));
#6311=DIRECTION('',(-0.9238658530077329,0.3827164559387198,0));
#6312=DIRECTION('',(-1,0,0));
#6313=FACE_SURFACE('',(#6318),#6314,.T.);
#6314=PLANE('',#6315);
#6315=AXIS2_PLACEMENT_3D('',#243,#6316,#6317);
#6316=DIRECTION('',(0,0,1));
#6317=DIRECTION('',(1,0,0));
#6318=FACE_BOUND('',#6319,.T.);
#6319=EDGE_LOOP('',(#6320,#6321,#6322));
#6320=ORIENTED_EDGE('',*,*,#6323,.T.);
#6321=ORIENTED_EDGE('',*,*,#6324,.T.);
#6322=ORIENTED_EDGE('',*,*,#6325,.T.);
#6323=EDGE_CURVE('',#244,#248,#6326,.F.);
#6324=EDGE_CURVE('',#248,#246,#6327,.T.);
#6325=EDGE_CURVE('',#246,#244,#6328,.T.);
#6326=LINE('',#243,#6329);
#6327=LINE('',#247,#6330);
#6328=LINE('',#245,#6331);
#6329=VECTOR('',#6332,1.0);
#6330=VECTOR('',#6333,1.0);
#6331=VECTOR('',#6334,1.0);
#6332=DIRECTION('',(1,0,0));
#6333=DIRECTION('',(-0.9914494253387275,0.1304915207801139,0));
#6334=DIRECTION('',(-0.9914487842138389,-0.13049639183096454,0));
#6335=FACE_SURFACE('',(#6340),#6336,.T.);
#6336=PLANE('',#6337);
#6337=AXIS2_PLACEMENT_3D('',#259,#6338,#6339);
#6338=DIRECTION('',(0,0,1));
#6339=DIRECTION('',(-1,0,0));
#6340=FACE_BOUND('',#6341,.T.);
#6341=EDGE_LOOP('',(#6342,#6343,#6344));
#6342=ORIENTED_EDGE('',*,*,#6345,.T.);
#6343=ORIENTED_EDGE('',*,*,#6346,.T.);
#6344=ORIENTED_EDGE('',*,*,#6347,.T.);
#6345=EDGE_CURVE('',#260,#280,#6348,.F.);
#6346=EDGE_CURVE('',#280,#262,#6349,.T.);
#6347=EDGE_CURVE('',#262,#260,#6350,.T.);
#6348=LINE('',#259,#6351);
#6349=LINE('',#279,#6352);
#6350=LINE('',#261,#6353);
#6351=VECTOR('',#6354,1.0);
#6352=VECTOR('',#6355,1.0);
#6353=VECTOR('',#6356,1.0);
#6354=DIRECTION('',(-1,0,0));
#6355=DIRECTION('',(0.9914443891954065,-0.13052977872097757,0));
#6356=DIRECTION('',(0.382671008331921,0.9238846786164553,0));
#6357=FACE_SURFACE('',(#6362),#6358,.T.);
#6358=PLANE('',#6359);
#6359=AXIS2_PLACEMENT_3D('',#261,#6360,#6361);
#6360=DIRECTION('',(0,0,1));
#6361=DIRECTION('',(-0.9914443891954065,0.13052977872097757,0));
#6362=FACE_BOUND('',#6363,.T.);
#6363=EDGE_LOOP('',(#6364,#6365,#6366));
#6364=ORIENTED_EDGE('',*,*,#6367,.T.);
#6365=ORIENTED_EDGE('',*,*,#6368,.T.);
#6366=ORIENTED_EDGE('',*,*,#6369,.T.);
#6367=EDGE_CURVE('',#262,#280,#6370,.F.);
#6368=EDGE_CURVE('',#280,#278,#6371,.T.);
#6369=EDGE_CURVE('',#278,#262,#6372,.T.);
#6370=LINE('',#261,#6373);
#6371=LINE('',#279,#6374);
#6372=LINE('',#277,#6375);
#6373=VECTOR('',#6376,1.0);
#6374=VECTOR('',#6377,1.0);
#6375=VECTOR('',#6378,1.0);
#6376=DIRECTION('',(-0.9914443891954065,0.13052977872097757,0));
#6377=DIRECTION('',(0.382671008331921,-0.9238846786164553,0));
#6378=DIRECTION('',(1,0,0));
#6379=FACE_SURFACE('',(#6384),#6380,.T.);
#6380=PLANE('',#6381);
#6381=AXIS2_PLACEMENT_3D('',#261,#6382,#6383);
#6382=DIRECTION('',(0,0,1));
#6383=DIRECTION('',(-1,0,0));
#6384=FACE_BOUND('',#6385,.T.);
#6385=EDGE_LOOP('',(#6386,#6387,#6388));
#6386=ORIENTED_EDGE('',*,*,#6389,.T.);
#6387=ORIENTED_EDGE('',*,*,#6390,.T.);
#6388=ORIENTED_EDGE('',*,*,#6391,.T.);
#6389=EDGE_CURVE('',#262,#278,#6392,.F.);
#6390=EDGE_CURVE('',#278,#264,#6393,.T.);
#6391=EDGE_CURVE('',#264,#262,#6394,.T.);
#6392=LINE('',#261,#6395);
#6393=LINE('',#277,#6396);
#6394=LINE('',#263,#6397);
#6395=VECTOR('',#6398,1.0);
#6396=VECTOR('',#6399,1.0);
#6397=VECTOR('',#6400,1.0);
#6398=DIRECTION('',(-1,0,0));
#6399=DIRECTION('',(0.9914445731921535,-0.1305283811583848,0));
#6400=DIRECTION('',(0.6087350225996753,0.7933736019433548,0));
#6401=FACE_SURFACE('',(#6406),#6402,.T.);
#6402=PLANE('',#6403);
#6403=AXIS2_PLACEMENT_3D('',#263,#6404,#6405);
#6404=DIRECTION('',(0,0,1));
#6405=DIRECTION('',(-0.9914445731921535,0.1305283811583848,0));
#6406=FACE_BOUND('',#6407,.T.);
#6407=EDGE_LOOP('',(#6408,#6409,#6410));
#6408=ORIENTED_EDGE('',*,*,#6411,.T.);
#6409=ORIENTED_EDGE('',*,*,#6412,.T.);
#6410=ORIENTED_EDGE('',*,*,#6413,.T.);
#6411=EDGE_CURVE('',#264,#278,#6414,.F.);
#6412=EDGE_CURVE('',#278,#276,#6415,.T.);
#6413=EDGE_CURVE('',#276,#264,#6416,.T.);
#6414=LINE('',#263,#6417);
#6415=LINE('',#277,#6418);
#6416=LINE('',#275,#6419);
#6417=VECTOR('',#6420,1.0);
#6418=VECTOR('',#6421,1.0);
#6419=VECTOR('',#6422,1.0);
#6420=DIRECTION('',(-0.9914445731921535,0.1305283811583848,0));
#6421=DIRECTION('',(0.6087587206462993,-0.7933554184834694,0));
#6422=DIRECTION('',(1,0,0));
#6423=FACE_SURFACE('',(#6428),#6424,.T.);
#6424=PLANE('',#6425);
#6425=AXIS2_PLACEMENT_3D('',#263,#6426,#6427);
#6426=DIRECTION('',(0,0,1));
#6427=DIRECTION('',(-1,0,0));
#6428=FACE_BOUND('',#6429,.T.);
#6429=EDGE_LOOP('',(#6430,#6431,#6432));
#6430=ORIENTED_EDGE('',*,*,#6433,.T.);
#6431=ORIENTED_EDGE('',*,*,#6434,.T.);
#6432=ORIENTED_EDGE('',*,*,#6435,.T.);
#6433=EDGE_CURVE('',#264,#276,#6436,.F.);
#6434=EDGE_CURVE('',#276,#266,#6437,.T.);
#6435=EDGE_CURVE('',#266,#264,#6438,.T.);
#6436=LINE('',#263,#6439);
#6437=LINE('',#275,#6440);
#6438=LINE('',#265,#6441);
#6439=VECTOR('',#6442,1.0);
#6440=VECTOR('',#6443,1.0);
#6441=VECTOR('',#6444,1.0);
#6442=DIRECTION('',(-1,0,0));
#6443=DIRECTION('',(0.9914456655974844,-0.13052008338934298,0));
#6444=DIRECTION('',(0.793373601943387,0.6087350225996332,0));
#6445=FACE_SURFACE('',(#6450),#6446,.T.);
#6446=PLANE('',#6447);
#6447=AXIS2_PLACEMENT_3D('',#265,#6448,#6449);
#6448=DIRECTION('',(0,0,1));
#6449=DIRECTION('',(-0.9914456655974844,0.13052008338934298,0));
#6450=FACE_BOUND('',#6451,.T.);
#6451=EDGE_LOOP('',(#6452,#6453,#6454));
#6452=ORIENTED_EDGE('',*,*,#6455,.T.);
#6453=ORIENTED_EDGE('',*,*,#6456,.T.);
#6454=ORIENTED_EDGE('',*,*,#6457,.T.);
#6455=EDGE_CURVE('',#266,#276,#6458,.F.);
#6456=EDGE_CURVE('',#276,#274,#6459,.T.);
#6457=EDGE_CURVE('',#274,#266,#6460,.T.);
#6458=LINE('',#265,#6461);
#6459=LINE('',#275,#6462);
#6460=LINE('',#273,#6463);
#6461=VECTOR('',#6464,1.0);
#6462=VECTOR('',#6465,1.0);
#6463=VECTOR('',#6466,1.0);
#6464=DIRECTION('',(-0.9914456655974844,0.13052008338934298,0));
#6465=DIRECTION('',(0.7933596495720815,-0.6087532065056118,0));
#6466=DIRECTION('',(1,0,0));
#6467=FACE_SURFACE('',(#6472),#6468,.T.);
#6468=PLANE('',#6469);
#6469=AXIS2_PLACEMENT_3D('',#265,#6470,#6471);
#6470=DIRECTION('',(0,0,1));
#6471=DIRECTION('',(-1,0,0));
#6472=FACE_BOUND('',#6473,.T.);
#6473=EDGE_LOOP('',(#6474,#6475,#6476));
#6474=ORIENTED_EDGE('',*,*,#6477,.T.);
#6475=ORIENTED_EDGE('',*,*,#6478,.T.);
#6476=ORIENTED_EDGE('',*,*,#6479,.T.);
#6477=EDGE_CURVE('',#266,#274,#6480,.F.);
#6478=EDGE_CURVE('',#274,#268,#6481,.T.);
#6479=EDGE_CURVE('',#268,#266,#6482,.T.);
#6480=LINE('',#265,#6483);
#6481=LINE('',#273,#6484);
#6482=LINE('',#267,#6485);
#6483=VECTOR('',#6486,1.0);
#6484=VECTOR('',#6487,1.0);
#6485=VECTOR('',#6488,1.0);
#6486=DIRECTION('',(-1,0,0));
#6487=DIRECTION('',(0.9914435834991886,-0.13053589827433434,0));
#6488=DIRECTION('',(0.9238658530077329,0.3827164559387198,0));
#6489=FACE_SURFACE('',(#6494),#6490,.T.);
#6490=PLANE('',#6491);
#6491=AXIS2_PLACEMENT_3D('',#267,#6492,#6493);
#6492=DIRECTION('',(0,0,1));
#6493=DIRECTION('',(-0.9914435834991886,0.13053589827433434,0));
#6494=FACE_BOUND('',#6495,.T.);
#6495=EDGE_LOOP('',(#6496,#6497,#6498));
#6496=ORIENTED_EDGE('',*,*,#6499,.T.);
#6497=ORIENTED_EDGE('',*,*,#6500,.T.);
#6498=ORIENTED_EDGE('',*,*,#6501,.T.);
#6499=EDGE_CURVE('',#268,#274,#6502,.F.);
#6500=EDGE_CURVE('',#274,#272,#6503,.T.);
#6501=EDGE_CURVE('',#272,#268,#6504,.T.);
#6502=LINE('',#267,#6505);
#6503=LINE('',#273,#6506);
#6504=LINE('',#271,#6507);
#6505=VECTOR('',#6508,1.0);
#6506=VECTOR('',#6509,1.0);
#6507=VECTOR('',#6510,1.0);
#6508=DIRECTION('',(-0.9914435834991886,0.13053589827433434,0));
#6509=DIRECTION('',(0.9238658530077329,-0.3827164559387198,0));
#6510=DIRECTION('',(1,0,0));
#6511=FACE_SURFACE('',(#6516),#6512,.T.);
#6512=PLANE('',#6513);
#6513=AXIS2_PLACEMENT_3D('',#267,#6514,#6515);
#6514=DIRECTION('',(0,0,1));
#6515=DIRECTION('',(-1,0,0));
#6516=FACE_BOUND('',#6517,.T.);
#6517=EDGE_LOOP('',(#6518,#6519,#6520));
#6518=ORIENTED_EDGE('',*,*,#6521,.T.);
#6519=ORIENTED_EDGE('',*,*,#6522,.T.);
#6520=ORIENTED_EDGE('',*,*,#6523,.T.);
#6521=EDGE_CURVE('',#268,#272,#6524,.F.);
#6522=EDGE_CURVE('',#272,#270,#6525,.T.);
#6523=EDGE_CURVE('',#270,#268,#6526,.T.);
#6524=LINE('',#267,#6527);
#6525=LINE('',#271,#6528);
#6526=LINE('',#269,#6529);
#6527=VECTOR('',#6530,1.0);
#6528=VECTOR('',#6531,1.0);
#6529=VECTOR('',#6532,1.0);
#6530=DIRECTION('',(-1,0,0));
#6531=DIRECTION('',(0.9914487842138389,-0.13049639183096454,0));
#6532=DIRECTION('',(0.9914494253387275,0.1304915207801139,0));
#6533=FACE_SURFACE('',(#6538),#6534,.T.);
#6534=PLANE('',#6535);
#6535=AXIS2_PLACEMENT_3D('',#375,#6536,#6537);
#6536=DIRECTION('',(0,-0,-1));
#6537=DIRECTION('',(1,0,0));
#6538=FACE_BOUND('',#6539,.T.);
#6539=EDGE_LOOP('',(#6540,#6541,#6542));
#6540=ORIENTED_EDGE('',*,*,#6543,.T.);
#6541=ORIENTED_EDGE('',*,*,#6544,.T.);
#6542=ORIENTED_EDGE('',*,*,#6545,.T.);
#6543=EDGE_CURVE('',#376,#356,#6546,.F.);
#6544=EDGE_CURVE('',#356,#330,#6547,.T.);
#6545=EDGE_CURVE('',#330,#376,#6548,.T.);
#6546=LINE('',#375,#6549);
#6547=LINE('',#355,#6550);
#6548=LINE('',#329,#6551);
#6549=VECTOR('',#6552,1.0);
#6550=VECTOR('',#6553,1.0);
#6551=VECTOR('',#6554,1.0);
#6552=DIRECTION('',(1,0,0));
#6553=DIRECTION('',(-0.9914454189572046,-0.13052195688378612,0));
#6554=DIRECTION('',(0.13053827357286926,0.9914432707586525,0));
#6555=FACE_SURFACE('',(#6560),#6556,.T.);
#6556=PLANE('',#6557);
#6557=AXIS2_PLACEMENT_3D('',#329,#6558,#6559);
#6558=DIRECTION('',(0,0,-1));
#6559=DIRECTION('',(0.9914454189572046,0.13052195688378612,0));
#6560=FACE_BOUND('',#6561,.T.);
#6561=EDGE_LOOP('',(#6562,#6563,#6564));
#6562=ORIENTED_EDGE('',*,*,#6565,.T.);
#6563=ORIENTED_EDGE('',*,*,#6566,.T.);
#6564=ORIENTED_EDGE('',*,*,#6567,.T.);
#6565=EDGE_CURVE('',#330,#356,#6568,.F.);
#6566=EDGE_CURVE('',#356,#354,#6569,.T.);
#6567=EDGE_CURVE('',#354,#330,#6570,.T.);
#6568=LINE('',#329,#6571);
#6569=LINE('',#355,#6572);
#6570=LINE('',#353,#6573);
#6571=VECTOR('',#6574,1.0);
#6572=VECTOR('',#6575,1.0);
#6573=VECTOR('',#6576,1.0);
#6574=DIRECTION('',(0.9914454189572046,0.13052195688378612,0));
#6575=DIRECTION('',(0.13053827357286926,-0.9914432707586525,0));
#6576=DIRECTION('',(-1,0,0));
#6577=FACE_SURFACE('',(#6582),#6578,.T.);
#6578=PLANE('',#6579);
#6579=AXIS2_PLACEMENT_3D('',#329,#6580,#6581);
#6580=DIRECTION('',(0,0,-1));
#6581=DIRECTION('',(1,0,0));
#6582=FACE_BOUND('',#6583,.T.);
#6583=EDGE_LOOP('',(#6584,#6585,#6586));
#6584=ORIENTED_EDGE('',*,*,#6587,.T.);
#6585=ORIENTED_EDGE('',*,*,#6588,.T.);
#6586=ORIENTED_EDGE('',*,*,#6589,.T.);
#6587=EDGE_CURVE('',#330,#354,#6590,.F.);
#6588=EDGE_CURVE('',#354,#332,#6591,.T.);
#6589=EDGE_CURVE('',#332,#330,#6592,.T.);
#6590=LINE('',#329,#6593);
#6591=LINE('',#353,#6594);
#6592=LINE('',#331,#6595);
#6593=VECTOR('',#6596,1.0);
#6594=VECTOR('',#6597,1.0);
#6595=VECTOR('',#6598,1.0);
#6596=DIRECTION('',(1,0,0));
#6597=DIRECTION('',(-0.9914447775114406,-0.1305268292164107,0));
#6598=DIRECTION('',(-0.13053340082785728,0.9914439123159282,0));
#6599=FACE_SURFACE('',(#6604),#6600,.T.);
#6600=PLANE('',#6601);
#6601=AXIS2_PLACEMENT_3D('',#331,#6602,#6603);
#6602=DIRECTION('',(0,0,-1));
#6603=DIRECTION('',(0.9914447775114406,0.1305268292164107,0));
#6604=FACE_BOUND('',#6605,.T.);
#6605=EDGE_LOOP('',(#6606,#6607,#6608));
#6606=ORIENTED_EDGE('',*,*,#6609,.T.);
#6607=ORIENTED_EDGE('',*,*,#6610,.T.);
#6608=ORIENTED_EDGE('',*,*,#6611,.T.);
#6609=EDGE_CURVE('',#332,#354,#6612,.F.);
#6610=EDGE_CURVE('',#354,#352,#6613,.T.);
#6611=EDGE_CURVE('',#352,#332,#6614,.T.);
#6612=LINE('',#331,#6615);
#6613=LINE('',#353,#6616);
#6614=LINE('',#351,#6617);
#6615=VECTOR('',#6618,1.0);
#6616=VECTOR('',#6619,1.0);
#6617=VECTOR('',#6620,1.0);
#6618=DIRECTION('',(0.9914447775114406,0.1305268292164107,0));
#6619=DIRECTION('',(-0.13053340082785728,-0.9914439123159282,0));
#6620=DIRECTION('',(-1,0,0));
#6621=FACE_SURFACE('',(#6626),#6622,.T.);
#6622=PLANE('',#6623);
#6623=AXIS2_PLACEMENT_3D('',#331,#6624,#6625);
#6624=DIRECTION('',(0,0,-1));
#6625=DIRECTION('',(1,0,0));
#6626=FACE_BOUND('',#6627,.T.);
#6627=EDGE_LOOP('',(#6628,#6629,#6630));
#6628=ORIENTED_EDGE('',*,*,#6631,.T.);
#6629=ORIENTED_EDGE('',*,*,#6632,.T.);
#6630=ORIENTED_EDGE('',*,*,#6633,.T.);
#6631=EDGE_CURVE('',#332,#352,#6634,.F.);
#6632=EDGE_CURVE('',#352,#334,#6635,.T.);
#6633=EDGE_CURVE('',#334,#332,#6636,.T.);
#6634=LINE('',#331,#6637);
#6635=LINE('',#351,#6638);
#6636=LINE('',#333,#6639);
#6637=VECTOR('',#6640,1.0);
#6638=VECTOR('',#6641,1.0);
#6639=VECTOR('',#6642,1.0);
#6640=DIRECTION('',(1,0,0));
#6641=DIRECTION('',(-0.9914443891954065,-0.13052977872097757,0));
#6642=DIRECTION('',(-0.382671008331921,0.9238846786164553,0));
#6643=FACE_SURFACE('',(#6648),#6644,.T.);
#6644=PLANE('',#6645);
#6645=AXIS2_PLACEMENT_3D('',#333,#6646,#6647);
#6646=DIRECTION('',(0,0,-1));
#6647=DIRECTION('',(0.9914443891954065,0.13052977872097757,0));
#6648=FACE_BOUND('',#6649,.T.);
#6649=EDGE_LOOP('',(#6650,#6651,#6652));
#6650=ORIENTED_EDGE('',*,*,#6653,.T.);
#6651=ORIENTED_EDGE('',*,*,#6654,.T.);
#6652=ORIENTED_EDGE('',*,*,#6655,.T.);
#6653=EDGE_CURVE('',#334,#352,#6656,.F.);
#6654=EDGE_CURVE('',#352,#350,#6657,.T.);
#6655=EDGE_CURVE('',#350,#334,#6658,.T.);
#6656=LINE('',#333,#6659);
#6657=LINE('',#351,#6660);
#6658=LINE('',#349,#6661);
#6659=VECTOR('',#6662,1.0);
#6660=VECTOR('',#6663,1.0);
#6661=VECTOR('',#6664,1.0);
#6662=DIRECTION('',(0.9914443891954065,0.13052977872097757,0));
#6663=DIRECTION('',(-0.382671008331921,-0.9238846786164553,0));
#6664=DIRECTION('',(-1,0,0));
#6665=FACE_SURFACE('',(#6670),#6666,.T.);
#6666=PLANE('',#6667);
#6667=AXIS2_PLACEMENT_3D('',#333,#6668,#6669);
#6668=DIRECTION('',(0,0,-1));
#6669=DIRECTION('',(1,0,0));
#6670=FACE_BOUND('',#6671,.T.);
#6671=EDGE_LOOP('',(#6672,#6673,#6674));
#6672=ORIENTED_EDGE('',*,*,#6675,.T.);
#6673=ORIENTED_EDGE('',*,*,#6676,.T.);
#6674=ORIENTED_EDGE('',*,*,#6677,.T.);
#6675=EDGE_CURVE('',#334,#350,#6678,.F.);
#6676=EDGE_CURVE('',#350,#336,#6679,.T.);
#6677=EDGE_CURVE('',#336,#334,#6680,.T.);
#6678=LINE('',#333,#6681);
#6679=LINE('',#349,#6682);
#6680=LINE('',#335,#6683);
#6681=VECTOR('',#6684,1.0);
#6682=VECTOR('',#6685,1.0);
#6683=VECTOR('',#6686,1.0);
#6684=DIRECTION('',(1,0,0));
#6685=DIRECTION('',(-0.9914444676531234,-0.13052918279072526,0));
#6686=DIRECTION('',(-0.6087587206462993,0.7933554184834694,0));
#6687=FACE_SURFACE('',(#6692),#6688,.T.);
#6688=PLANE('',#6689);
#6689=AXIS2_PLACEMENT_3D('',#335,#6690,#6691);
#6690=DIRECTION('',(0,0,-1));
#6691=DIRECTION('',(0.9914444676531234,0.13052918279072526,0));
#6692=FACE_BOUND('',#6693,.T.);
#6693=EDGE_LOOP('',(#6694,#6695,#6696));
#6694=ORIENTED_EDGE('',*,*,#6697,.T.);
#6695=ORIENTED_EDGE('',*,*,#6698,.T.);
#6696=ORIENTED_EDGE('',*,*,#6699,.T.);
#6697=EDGE_CURVE('',#336,#350,#6700,.F.);
#6698=EDGE_CURVE('',#350,#348,#6701,.T.);
#6699=EDGE_CURVE('',#348,#336,#6702,.T.);
#6700=LINE('',#335,#6703);
#6701=LINE('',#349,#6704);
#6702=LINE('',#347,#6705);
#6703=VECTOR('',#6706,1.0);
#6704=VECTOR('',#6707,1.0);
#6705=VECTOR('',#6708,1.0);
#6706=DIRECTION('',(0.9914444676531234,0.13052918279072526,0));
#6707=DIRECTION('',(-0.6087350225996753,-0.7933736019433548,0));
#6708=DIRECTION('',(-1,0,0));
#6709=FACE_SURFACE('',(#6714),#6710,.T.);
#6710=PLANE('',#6711);
#6711=AXIS2_PLACEMENT_3D('',#335,#6712,#6713);
#6712=DIRECTION('',(0,0,-1));
#6713=DIRECTION('',(1,0,0));
#6714=FACE_BOUND('',#6715,.T.);
#6715=EDGE_LOOP('',(#6716,#6717,#6718));
#6716=ORIENTED_EDGE('',*,*,#6719,.T.);
#6717=ORIENTED_EDGE('',*,*,#6720,.T.);
#6718=ORIENTED_EDGE('',*,*,#6721,.T.);
#6719=EDGE_CURVE('',#336,#348,#6722,.F.);
#6720=EDGE_CURVE('',#348,#338,#6723,.T.);
#6721=EDGE_CURVE('',#338,#336,#6724,.T.);
#6722=LINE('',#335,#6725);
#6723=LINE('',#347,#6726);
#6724=LINE('',#337,#6727);
#6725=VECTOR('',#6728,1.0);
#6726=VECTOR('',#6729,1.0);
#6727=VECTOR('',#6730,1.0);
#6728=DIRECTION('',(1,0,0));
#6729=DIRECTION('',(-0.9914458031189567,-0.13051903875606427,0));
#6730=DIRECTION('',(-0.7933596495720815,0.6087532065056118,0));
#6731=FACE_SURFACE('',(#6736),#6732,.T.);
#6732=PLANE('',#6733);
#6733=AXIS2_PLACEMENT_3D('',#337,#6734,#6735);
#6734=DIRECTION('',(0,0,-1));
#6735=DIRECTION('',(0.9914458031189567,0.13051903875606427,0));
#6736=FACE_BOUND('',#6737,.T.);
#6737=EDGE_LOOP('',(#6738,#6739,#6740));
#6738=ORIENTED_EDGE('',*,*,#6741,.T.);
#6739=ORIENTED_EDGE('',*,*,#6742,.T.);
#6740=ORIENTED_EDGE('',*,*,#6743,.T.);
#6741=EDGE_CURVE('',#338,#348,#6744,.F.);
#6742=EDGE_CURVE('',#348,#346,#6745,.T.);
#6743=EDGE_CURVE('',#346,#338,#6746,.T.);
#6744=LINE('',#337,#6747);
#6745=LINE('',#347,#6748);
#6746=LINE('',#345,#6749);
#6747=VECTOR('',#6750,1.0);
#6748=VECTOR('',#6751,1.0);
#6749=VECTOR('',#6752,1.0);
#6750=DIRECTION('',(0.9914458031189567,0.13051903875606427,0));
#6751=DIRECTION('',(-0.793373601943387,-0.6087350225996332,0));
#6752=DIRECTION('',(-1,0,0));
#6753=FACE_SURFACE('',(#6758),#6754,.T.);
#6754=PLANE('',#6755);
#6755=AXIS2_PLACEMENT_3D('',#337,#6756,#6757);
#6756=DIRECTION('',(0,0,-1));
#6757=DIRECTION('',(1,0,0));
#6758=FACE_BOUND('',#6759,.T.);
#6759=EDGE_LOOP('',(#6760,#6761,#6762));
#6760=ORIENTED_EDGE('',*,*,#6763,.T.);
#6761=ORIENTED_EDGE('',*,*,#6764,.T.);
#6762=ORIENTED_EDGE('',*,*,#6765,.T.);
#6763=EDGE_CURVE('',#338,#346,#6766,.F.);
#6764=EDGE_CURVE('',#346,#340,#6767,.T.);
#6765=EDGE_CURVE('',#340,#338,#6768,.T.);
#6766=LINE('',#337,#6769);
#6767=LINE('',#345,#6770);
#6768=LINE('',#339,#6771);
#6769=VECTOR('',#6772,1.0);
#6770=VECTOR('',#6773,1.0);
#6771=VECTOR('',#6774,1.0);
#6772=DIRECTION('',(1,0,0));
#6773=DIRECTION('',(-0.9914435834991886,-0.13053589827433434,0));
#6774=DIRECTION('',(-0.9238658530077329,0.3827164559387198,0));
#6775=FACE_SURFACE('',(#6780),#6776,.T.);
#6776=PLANE('',#6777);
#6777=AXIS2_PLACEMENT_3D('',#339,#6778,#6779);
#6778=DIRECTION('',(0,0,-1));
#6779=DIRECTION('',(0.9914435834991886,0.13053589827433434,0));
#6780=FACE_BOUND('',#6781,.T.);
#6781=EDGE_LOOP('',(#6782,#6783,#6784));
#6782=ORIENTED_EDGE('',*,*,#6785,.T.);
#6783=ORIENTED_EDGE('',*,*,#6786,.T.);
#6784=ORIENTED_EDGE('',*,*,#6787,.T.);
#6785=EDGE_CURVE('',#340,#346,#6788,.F.);
#6786=EDGE_CURVE('',#346,#344,#6789,.T.);
#6787=EDGE_CURVE('',#344,#340,#6790,.T.);
#6788=LINE('',#339,#6791);
#6789=LINE('',#345,#6792);
#6790=LINE('',#343,#6793);
#6791=VECTOR('',#6794,1.0);
#6792=VECTOR('',#6795,1.0);
#6793=VECTOR('',#6796,1.0);
#6794=DIRECTION('',(0.9914435834991886,0.13053589827433434,0));
#6795=DIRECTION('',(-0.9238658530077329,-0.3827164559387198,0));
#6796=DIRECTION('',(-1,0,0));
#6797=FACE_SURFACE('',(#6802),#6798,.T.);
#6798=PLANE('',#6799);
#6799=AXIS2_PLACEMENT_3D('',#339,#6800,#6801);
#6800=DIRECTION('',(0,0,-1));
#6801=DIRECTION('',(1,0,0));
#6802=FACE_BOUND('',#6803,.T.);
#6803=EDGE_LOOP('',(#6804,#6805,#6806));
#6804=ORIENTED_EDGE('',*,*,#6807,.T.);
#6805=ORIENTED_EDGE('',*,*,#6808,.T.);
#6806=ORIENTED_EDGE('',*,*,#6809,.T.);
#6807=EDGE_CURVE('',#340,#344,#6810,.F.);
#6808=EDGE_CURVE('',#344,#342,#6811,.T.);
#6809=EDGE_CURVE('',#342,#340,#6812,.T.);
#6810=LINE('',#339,#6813);
#6811=LINE('',#343,#6814);
#6812=LINE('',#341,#6815);
#6813=VECTOR('',#6816,1.0);
#6814=VECTOR('',#6817,1.0);
#6815=VECTOR('',#6818,1.0);
#6816=DIRECTION('',(1,0,0));
#6817=DIRECTION('',(-0.9914494253387275,-0.1304915207801139,0));
#6818=DIRECTION('',(-0.9914487842138389,0.13049639183096454,0));
#6819=FACE_SURFACE('',(#6824),#6820,.T.);
#6820=PLANE('',#6821);
#6821=AXIS2_PLACEMENT_3D('',#355,#6822,#6823);
#6822=DIRECTION('',(0,0,-1));
#6823=DIRECTION('',(-1,0,0));
#6824=FACE_BOUND('',#6825,.T.);
#6825=EDGE_LOOP('',(#6826,#6827,#6828));
#6826=ORIENTED_EDGE('',*,*,#6829,.T.);
#6827=ORIENTED_EDGE('',*,*,#6830,.T.);
#6828=ORIENTED_EDGE('',*,*,#6831,.T.);
#6829=EDGE_CURVE('',#356,#376,#6832,.F.);
#6830=EDGE_CURVE('',#376,#358,#6833,.T.);
#6831=EDGE_CURVE('',#358,#356,#6834,.T.);
#6832=LINE('',#355,#6835);
#6833=LINE('',#375,#6836);
#6834=LINE('',#357,#6837);
#6835=VECTOR('',#6838,1.0);
#6836=VECTOR('',#6839,1.0);
#6837=VECTOR('',#6840,1.0);
#6838=DIRECTION('',(-1,0,0));
#6839=DIRECTION('',(0.9914450775659944,0.13052455006687225,0));
#6840=DIRECTION('',(0.38268431955744037,-0.9238791650236836,0));
#6841=FACE_SURFACE('',(#6846),#6842,.T.);
#6842=PLANE('',#6843);
#6843=AXIS2_PLACEMENT_3D('',#357,#6844,#6845);
#6844=DIRECTION('',(-0,0,-1));
#6845=DIRECTION('',(-0.9914450775659944,-0.13052455006687225,0));
#6846=FACE_BOUND('',#6847,.T.);
#6847=EDGE_LOOP('',(#6848,#6849,#6850));
#6848=ORIENTED_EDGE('',*,*,#6851,.T.);
#6849=ORIENTED_EDGE('',*,*,#6852,.T.);
#6850=ORIENTED_EDGE('',*,*,#6853,.T.);
#6851=EDGE_CURVE('',#358,#376,#6854,.F.);
#6852=EDGE_CURVE('',#376,#374,#6855,.T.);
#6853=EDGE_CURVE('',#374,#358,#6856,.T.);
#6854=LINE('',#357,#6857);
#6855=LINE('',#375,#6858);
#6856=LINE('',#373,#6859);
#6857=VECTOR('',#6860,1.0);
#6858=VECTOR('',#6861,1.0);
#6859=VECTOR('',#6862,1.0);
#6860=DIRECTION('',(-0.9914450775659944,-0.13052455006687225,0));
#6861=DIRECTION('',(0.38268431955744037,0.9238791650236836,0));
#6862=DIRECTION('',(1,0,0));
#6863=FACE_SURFACE('',(#6868),#6864,.T.);
#6864=PLANE('',#6865);
#6865=AXIS2_PLACEMENT_3D('',#357,#6866,#6867);
#6866=DIRECTION('',(0,0,-1));
#6867=DIRECTION('',(-1,0,0));
#6868=FACE_BOUND('',#6869,.T.);
#6869=EDGE_LOOP('',(#6870,#6871,#6872));
#6870=ORIENTED_EDGE('',*,*,#6873,.T.);
#6871=ORIENTED_EDGE('',*,*,#6874,.T.);
#6872=ORIENTED_EDGE('',*,*,#6875,.T.);
#6873=EDGE_CURVE('',#358,#374,#6876,.F.);
#6874=EDGE_CURVE('',#374,#360,#6877,.T.);
#6875=EDGE_CURVE('',#360,#358,#6878,.T.);
#6876=LINE('',#357,#6879);
#6877=LINE('',#373,#6880);
#6878=LINE('',#359,#6881);
#6879=VECTOR('',#6882,1.0);
#6880=VECTOR('',#6883,1.0);
#6881=VECTOR('',#6884,1.0);
#6882=DIRECTION('',(-1,0,0));
#6883=DIRECTION('',(0.9914445731921535,0.1305283811583848,0));
#6884=DIRECTION('',(0.6087350225996753,-0.7933736019433548,0));
#6885=FACE_SURFACE('',(#6890),#6886,.T.);
#6886=PLANE('',#6887);
#6887=AXIS2_PLACEMENT_3D('',#359,#6888,#6889);
#6888=DIRECTION('',(-0,0,-1));
#6889=DIRECTION('',(-0.9914445731921535,-0.1305283811583848,0));
#6890=FACE_BOUND('',#6891,.T.);
#6891=EDGE_LOOP('',(#6892,#6893,#6894));
#6892=ORIENTED_EDGE('',*,*,#6895,.T.);
#6893=ORIENTED_EDGE('',*,*,#6896,.T.);
#6894=ORIENTED_EDGE('',*,*,#6897,.T.);
#6895=EDGE_CURVE('',#360,#374,#6898,.F.);
#6896=EDGE_CURVE('',#374,#372,#6899,.T.);
#6897=EDGE_CURVE('',#372,#360,#6900,.T.);
#6898=LINE('',#359,#6901);
#6899=LINE('',#373,#6902);
#6900=LINE('',#371,#6903);
#6901=VECTOR('',#6904,1.0);
#6902=VECTOR('',#6905,1.0);
#6903=VECTOR('',#6906,1.0);
#6904=DIRECTION('',(-0.9914445731921535,-0.1305283811583848,0));
#6905=DIRECTION('',(0.6087587206462993,0.7933554184834694,0));
#6906=DIRECTION('',(1,0,0));
#6907=FACE_SURFACE('',(#6912),#6908,.T.);
#6908=PLANE('',#6909);
#6909=AXIS2_PLACEMENT_3D('',#359,#6910,#6911);
#6910=DIRECTION('',(0,0,-1));
#6911=DIRECTION('',(-1,0,0));
#6912=FACE_BOUND('',#6913,.T.);
#6913=EDGE_LOOP('',(#6914,#6915,#6916));
#6914=ORIENTED_EDGE('',*,*,#6917,.T.);
#6915=ORIENTED_EDGE('',*,*,#6918,.T.);
#6916=ORIENTED_EDGE('',*,*,#6919,.T.);
#6917=EDGE_CURVE('',#360,#372,#6920,.F.);
#6918=EDGE_CURVE('',#372,#362,#6921,.T.);
#6919=EDGE_CURVE('',#362,#360,#6922,.T.);
#6920=LINE('',#359,#6923);
#6921=LINE('',#371,#6924);
#6922=LINE('',#361,#6925);
#6923=VECTOR('',#6926,1.0);
#6924=VECTOR('',#6927,1.0);
#6925=VECTOR('',#6928,1.0);
#6926=DIRECTION('',(-1,0,0));
#6927=DIRECTION('',(0.9914456655974826,0.1305200833893571,0));
#6928=DIRECTION('',(0.7933736019433548,-0.6087350225996753,0));
#6929=FACE_SURFACE('',(#6934),#6930,.T.);
#6930=PLANE('',#6931);
#6931=AXIS2_PLACEMENT_3D('',#361,#6932,#6933);
#6932=DIRECTION('',(-0,0,-1));
#6933=DIRECTION('',(-0.9914456655974826,-0.1305200833893571,0));
#6934=FACE_BOUND('',#6935,.T.);
#6935=EDGE_LOOP('',(#6936,#6937,#6938));
#6936=ORIENTED_EDGE('',*,*,#6939,.T.);
#6937=ORIENTED_EDGE('',*,*,#6940,.T.);
#6938=ORIENTED_EDGE('',*,*,#6941,.T.);
#6939=EDGE_CURVE('',#362,#372,#6942,.F.);
#6940=EDGE_CURVE('',#372,#370,#6943,.T.);
#6941=EDGE_CURVE('',#370,#362,#6944,.T.);
#6942=LINE('',#361,#6945);
#6943=LINE('',#371,#6946);
#6944=LINE('',#369,#6947);
#6945=VECTOR('',#6948,1.0);
#6946=VECTOR('',#6949,1.0);
#6947=VECTOR('',#6950,1.0);
#6948=DIRECTION('',(-0.9914456655974826,-0.1305200833893571,0));
#6949=DIRECTION('',(0.7933596495720492,0.608753206505654,0));
#6950=DIRECTION('',(1,0,0));
#6951=FACE_SURFACE('',(#6956),#6952,.T.);
#6952=PLANE('',#6953);
#6953=AXIS2_PLACEMENT_3D('',#361,#6954,#6955);
#6954=DIRECTION('',(0,0,-1));
#6955=DIRECTION('',(-1,0,0));
#6956=FACE_BOUND('',#6957,.T.);
#6957=EDGE_LOOP('',(#6958,#6959,#6960));
#6958=ORIENTED_EDGE('',*,*,#6961,.T.);
#6959=ORIENTED_EDGE('',*,*,#6962,.T.);
#6960=ORIENTED_EDGE('',*,*,#6963,.T.);
#6961=EDGE_CURVE('',#362,#370,#6964,.F.);
#6962=EDGE_CURVE('',#370,#364,#6965,.T.);
#6963=EDGE_CURVE('',#364,#362,#6966,.T.);
#6964=LINE('',#361,#6967);
#6965=LINE('',#369,#6968);
#6966=LINE('',#363,#6969);
#6967=VECTOR('',#6970,1.0);
#6968=VECTOR('',#6971,1.0);
#6969=VECTOR('',#6972,1.0);
#6970=DIRECTION('',(-1,0,0));
#6971=DIRECTION('',(0.9914435834991886,0.13053589827433434,0));
#6972=DIRECTION('',(0.9238658530077329,-0.3827164559387198,0));
#6973=FACE_SURFACE('',(#6978),#6974,.T.);
#6974=PLANE('',#6975);
#6975=AXIS2_PLACEMENT_3D('',#363,#6976,#6977);
#6976=DIRECTION('',(-0,0,-1));
#6977=DIRECTION('',(-0.9914435834991886,-0.13053589827433434,0));
#6978=FACE_BOUND('',#6979,.T.);
#6979=EDGE_LOOP('',(#6980,#6981,#6982));
#6980=ORIENTED_EDGE('',*,*,#6983,.T.);
#6981=ORIENTED_EDGE('',*,*,#6984,.T.);
#6982=ORIENTED_EDGE('',*,*,#6985,.T.);
#6983=EDGE_CURVE('',#364,#370,#6986,.F.);
#6984=EDGE_CURVE('',#370,#368,#6987,.T.);
#6985=EDGE_CURVE('',#368,#364,#6988,.T.);
#6986=LINE('',#363,#6989);
#6987=LINE('',#369,#6990);
#6988=LINE('',#367,#6991);
#6989=VECTOR('',#6992,1.0);
#6990=VECTOR('',#6993,1.0);
#6991=VECTOR('',#6994,1.0);
#6992=DIRECTION('',(-0.9914435834991886,-0.13053589827433434,0));
#6993=DIRECTION('',(0.9238658530077329,0.3827164559387198,0));
#6994=DIRECTION('',(1,0,0));
#6995=FACE_SURFACE('',(#7000),#6996,.T.);
#6996=PLANE('',#6997);
#6997=AXIS2_PLACEMENT_3D('',#363,#6998,#6999);
#6998=DIRECTION('',(0,0,-1));
#6999=DIRECTION('',(-1,0,0));
#7000=FACE_BOUND('',#7001,.T.);
#7001=EDGE_LOOP('',(#7002,#7003,#7004));
#7002=ORIENTED_EDGE('',*,*,#7005,.T.);
#7003=ORIENTED_EDGE('',*,*,#7006,.T.);
#7004=ORIENTED_EDGE('',*,*,#7007,.T.);
#7005=EDGE_CURVE('',#364,#368,#7008,.F.);
#7006=EDGE_CURVE('',#368,#366,#7009,.T.);
#7007=EDGE_CURVE('',#366,#364,#7010,.T.);
#7008=LINE('',#363,#7011);
#7009=LINE('',#367,#7012);
#7010=LINE('',#365,#7013);
#7011=VECTOR('',#7014,1.0);
#7012=VECTOR('',#7015,1.0);
#7013=VECTOR('',#7016,1.0);
#7014=DIRECTION('',(-1,0,0));
#7015=DIRECTION('',(0.9914487842138389,0.13049639183096454,0));
#7016=DIRECTION('',(0.9914494253387275,-0.1304915207801139,0));
#7017=FACE_SURFACE('',(#7022),#7018,.T.);
#7018=PLANE('',#7019);
#7019=AXIS2_PLACEMENT_3D('',#427,#7020,#7021);
#7020=DIRECTION('',(-0.991442778209331,0.13054201444961414,0));
#7021=DIRECTION('',(0,0,-1));
#7022=FACE_BOUND('',#7023,.T.);
#7023=EDGE_LOOP('',(#7024,#7025,#7026));
#7024=ORIENTED_EDGE('',*,*,#7027,.T.);
#7025=ORIENTED_EDGE('',*,*,#7028,.T.);
#7026=ORIENTED_EDGE('',*,*,#7029,.T.);
#7027=EDGE_CURVE('',#428,#520,#7030,.F.);
#7028=EDGE_CURVE('',#520,#426,#7031,.T.);
#7029=EDGE_CURVE('',#426,#428,#7032,.T.);
#7030=LINE('',#427,#7033);
#7031=LINE('',#519,#7034);
#7032=LINE('',#425,#7035);
#7033=VECTOR('',#7036,1.0);
#7034=VECTOR('',#7037,1.0);
#7035=VECTOR('',#7038,1.0);
#7036=DIRECTION('',(0,0,-1));
#7037=DIRECTION('',(-0.02681567677803354,-0.20366017175748893,0.9786743349647246));
#7038=DIRECTION('',(0.13054201444961414,0.991442778209331,0));
#7039=FACE_SURFACE('',(#7044),#7040,.T.);
#7040=PLANE('',#7041);
#7041=AXIS2_PLACEMENT_3D('',#425,#7042,#7043);
#7042=DIRECTION('',(-0.991442778209331,0.13054201444961414,0));
#7043=DIRECTION('',(0.02681567677803354,0.20366017175748893,-0.9786743349647246));
#7044=FACE_BOUND('',#7045,.T.);
#7045=EDGE_LOOP('',(#7046,#7047,#7048));
#7046=ORIENTED_EDGE('',*,*,#7049,.T.);
#7047=ORIENTED_EDGE('',*,*,#7050,.T.);
#7048=ORIENTED_EDGE('',*,*,#7051,.T.);
#7049=EDGE_CURVE('',#426,#520,#7052,.F.);
#7050=EDGE_CURVE('',#520,#474,#7053,.T.);
#7051=EDGE_CURVE('',#474,#426,#7054,.T.);
#7052=LINE('',#425,#7055);
#7053=LINE('',#519,#7056);
#7054=LINE('',#473,#7057);
#7055=VECTOR('',#7058,1.0);
#7056=VECTOR('',#7059,1.0);
#7057=VECTOR('',#7060,1.0);
#7058=DIRECTION('',(0.02681567677803354,0.20366017175748893,-0.9786743349647246));
#7059=DIRECTION('',(-0.13054201444961414,-0.991442778209331,0));
#7060=DIRECTION('',(0,0,1));
#7061=FACE_SURFACE('',(#7066),#7062,.T.);
#7062=PLANE('',#7063);
#7063=AXIS2_PLACEMENT_3D('',#425,#7064,#7065);
#7064=DIRECTION('',(-0.9914429405862176,-0.13054078122086607,-0));
#7065=DIRECTION('',(0,0,-1));
#7066=FACE_BOUND('',#7067,.T.);
#7067=EDGE_LOOP('',(#7068,#7069,#7070));
#7068=ORIENTED_EDGE('',*,*,#7071,.T.);
#7069=ORIENTED_EDGE('',*,*,#7072,.T.);
#7070=ORIENTED_EDGE('',*,*,#7073,.T.);
#7071=EDGE_CURVE('',#426,#474,#7074,.F.);
#7072=EDGE_CURVE('',#474,#472,#7075,.T.);
#7073=EDGE_CURVE('',#472,#426,#7076,.T.);
#7074=LINE('',#425,#7077);
#7075=LINE('',#473,#7078);
#7076=LINE('',#471,#7079);
#7077=VECTOR('',#7080,1.0);
#7078=VECTOR('',#7081,1.0);
#7079=VECTOR('',#7082,1.0);
#7080=DIRECTION('',(0,0,-1));
#7081=DIRECTION('',(0.026815666088348965,-0.20366204791917691,0.9786739448302509));
#7082=DIRECTION('',(-0.13054078122086607,0.9914429405862176,0));
#7083=FACE_SURFACE('',(#7088),#7084,.T.);
#7084=PLANE('',#7085);
#7085=AXIS2_PLACEMENT_3D('',#471,#7086,#7087);
#7086=DIRECTION('',(-0.9914429405862176,-0.13054078122086607,-0));
#7087=DIRECTION('',(-0.026815666088348965,0.20366204791917691,-0.9786739448302509));
#7088=FACE_BOUND('',#7089,.T.);
#7089=EDGE_LOOP('',(#7090,#7091,#7092));
#7090=ORIENTED_EDGE('',*,*,#7093,.T.);
#7091=ORIENTED_EDGE('',*,*,#7094,.T.);
#7092=ORIENTED_EDGE('',*,*,#7095,.T.);
#7093=EDGE_CURVE('',#472,#474,#7096,.F.);
#7094=EDGE_CURVE('',#474,#476,#7097,.T.);
#7095=EDGE_CURVE('',#476,#472,#7098,.T.);
#7096=LINE('',#471,#7099);
#7097=LINE('',#473,#7100);
#7098=LINE('',#475,#7101);
#7099=VECTOR('',#7102,1.0);
#7100=VECTOR('',#7103,1.0);
#7101=VECTOR('',#7104,1.0);
#7102=DIRECTION('',(-0.026815666088348965,0.20366204791917691,-0.9786739448302509));
#7103=DIRECTION('',(0.13054078122086607,-0.9914429405862176,0));
#7104=DIRECTION('',(0,0,1));
#7105=FACE_SURFACE('',(#7110),#7106,.T.);
#7106=PLANE('',#7107);
#7107=AXIS2_PLACEMENT_3D('',#471,#7108,#7109);
#7108=DIRECTION('',(-0.9238853699715919,-0.38266933918522245,-0));
#7109=DIRECTION('',(0,0,-1));
#7110=FACE_BOUND('',#7111,.T.);
#7111=EDGE_LOOP('',(#7112,#7113,#7114));
#7112=ORIENTED_EDGE('',*,*,#7115,.T.);
#7113=ORIENTED_EDGE('',*,*,#7116,.T.);
#7114=ORIENTED_EDGE('',*,*,#7117,.T.);
#7115=EDGE_CURVE('',#472,#476,#7118,.F.);
#7116=EDGE_CURVE('',#476,#470,#7119,.T.);
#7117=EDGE_CURVE('',#470,#472,#7120,.T.);
#7118=LINE('',#471,#7121);
#7119=LINE('',#475,#7122);
#7120=LINE('',#469,#7123);
#7121=VECTOR('',#7124,1.0);
#7122=VECTOR('',#7125,1.0);
#7123=VECTOR('',#7126,1.0);
#7124=DIRECTION('',(0,0,-1));
#7125=DIRECTION('',(0.07860712425882062,-0.18978257373034893,0.978674355812005));
#7126=DIRECTION('',(-0.38266933918522245,0.9238853699715919,0));
#7127=FACE_SURFACE('',(#7132),#7128,.T.);
#7128=PLANE('',#7129);
#7129=AXIS2_PLACEMENT_3D('',#469,#7130,#7131);
#7130=DIRECTION('',(-0.9238853699715919,-0.38266933918522245,-0));
#7131=DIRECTION('',(-0.07860712425882062,0.18978257373034893,-0.978674355812005));
#7132=FACE_BOUND('',#7133,.T.);
#7133=EDGE_LOOP('',(#7134,#7135,#7136));
#7134=ORIENTED_EDGE('',*,*,#7137,.T.);
#7135=ORIENTED_EDGE('',*,*,#7138,.T.);
#7136=ORIENTED_EDGE('',*,*,#7139,.T.);
#7137=EDGE_CURVE('',#470,#476,#7140,.F.);
#7138=EDGE_CURVE('',#476,#478,#7141,.T.);
#7139=EDGE_CURVE('',#478,#470,#7142,.T.);
#7140=LINE('',#469,#7143);
#7141=LINE('',#475,#7144);
#7142=LINE('',#477,#7145);
#7143=VECTOR('',#7146,1.0);
#7144=VECTOR('',#7147,1.0);
#7145=VECTOR('',#7148,1.0);
#7146=DIRECTION('',(-0.07860712425882062,0.18978257373034893,-0.978674355812005));
#7147=DIRECTION('',(0.38266933918522245,-0.9238853699715919,0));
#7148=DIRECTION('',(0,0,1));
#7149=FACE_SURFACE('',(#7154),#7150,.T.);
#7150=PLANE('',#7151);
#7151=AXIS2_PLACEMENT_3D('',#469,#7152,#7153);
#7152=DIRECTION('',(-0.7933517066794935,-0.6087635579670773,-0));
#7153=DIRECTION('',(0,0,-1));
#7154=FACE_BOUND('',#7155,.T.);
#7155=EDGE_LOOP('',(#7156,#7157,#7158));
#7156=ORIENTED_EDGE('',*,*,#7159,.T.);
#7157=ORIENTED_EDGE('',*,*,#7160,.T.);
#7158=ORIENTED_EDGE('',*,*,#7161,.T.);
#7159=EDGE_CURVE('',#470,#478,#7162,.F.);
#7160=EDGE_CURVE('',#478,#468,#7163,.T.);
#7161=EDGE_CURVE('',#468,#470,#7164,.T.);
#7162=LINE('',#469,#7165);
#7163=LINE('',#477,#7166);
#7164=LINE('',#467,#7167);
#7165=VECTOR('',#7168,1.0);
#7166=VECTOR('',#7169,1.0);
#7167=VECTOR('',#7170,1.0);
#7168=DIRECTION('',(0,0,-1));
#7169=DIRECTION('',(0.1250510870950396,-0.1629688440948711,0.9786742979514331));
#7170=DIRECTION('',(-0.6087635579670773,0.7933517066794935,0));
#7171=FACE_SURFACE('',(#7176),#7172,.T.);
#7172=PLANE('',#7173);
#7173=AXIS2_PLACEMENT_3D('',#467,#7174,#7175);
#7174=DIRECTION('',(-0.7933517066794935,-0.6087635579670773,-0));
#7175=DIRECTION('',(-0.1250510870950396,0.1629688440948711,-0.9786742979514331));
#7176=FACE_BOUND('',#7177,.T.);
#7177=EDGE_LOOP('',(#7178,#7179,#7180));
#7178=ORIENTED_EDGE('',*,*,#7181,.T.);
#7179=ORIENTED_EDGE('',*,*,#7182,.T.);
#7180=ORIENTED_EDGE('',*,*,#7183,.T.);
#7181=EDGE_CURVE('',#468,#478,#7184,.F.);
#7182=EDGE_CURVE('',#478,#480,#7185,.T.);
#7183=EDGE_CURVE('',#480,#468,#7186,.T.);
#7184=LINE('',#467,#7187);
#7185=LINE('',#477,#7188);
#7186=LINE('',#479,#7189);
#7187=VECTOR('',#7190,1.0);
#7188=VECTOR('',#7191,1.0);
#7189=VECTOR('',#7192,1.0);
#7190=DIRECTION('',(-0.1250510870950396,0.1629688440948711,-0.9786742979514331));
#7191=DIRECTION('',(0.6087635579670773,-0.7933517066794935,0));
#7192=DIRECTION('',(0,0,1));
#7193=FACE_SURFACE('',(#7198),#7194,.T.);
#7194=PLANE('',#7195);
#7195=AXIS2_PLACEMENT_3D('',#467,#7196,#7197);
#7196=DIRECTION('',(-0.6087755524992146,-0.793342502756077,-0));
#7197=DIRECTION('',(0,0,-1));
#7198=FACE_BOUND('',#7199,.T.);
#7199=EDGE_LOOP('',(#7200,#7201,#7202));
#7200=ORIENTED_EDGE('',*,*,#7203,.T.);
#7201=ORIENTED_EDGE('',*,*,#7204,.T.);
#7202=ORIENTED_EDGE('',*,*,#7205,.T.);
#7203=EDGE_CURVE('',#468,#480,#7206,.F.);
#7204=EDGE_CURVE('',#480,#466,#7207,.T.);
#7205=EDGE_CURVE('',#466,#468,#7208,.T.);
#7206=LINE('',#467,#7209);
#7207=LINE('',#479,#7210);
#7208=LINE('',#465,#7211);
#7209=VECTOR('',#7212,1.0);
#7210=VECTOR('',#7213,1.0);
#7211=VECTOR('',#7214,1.0);
#7212=DIRECTION('',(0,0,-1));
#7213=DIRECTION('',(0.1629687643143859,-0.1250549405722541,0.9786738188468681));
#7214=DIRECTION('',(-0.793342502756077,0.6087755524992146,0));
#7215=FACE_SURFACE('',(#7220),#7216,.T.);
#7216=PLANE('',#7217);
#7217=AXIS2_PLACEMENT_3D('',#465,#7218,#7219);
#7218=DIRECTION('',(-0.6087755524992146,-0.793342502756077,-0));
#7219=DIRECTION('',(-0.1629687643143859,0.1250549405722541,-0.9786738188468681));
#7220=FACE_BOUND('',#7221,.T.);
#7221=EDGE_LOOP('',(#7222,#7223,#7224));
#7222=ORIENTED_EDGE('',*,*,#7225,.T.);
#7223=ORIENTED_EDGE('',*,*,#7226,.T.);
#7224=ORIENTED_EDGE('',*,*,#7227,.T.);
#7225=EDGE_CURVE('',#466,#480,#7228,.F.);
#7226=EDGE_CURVE('',#480,#482,#7229,.T.);
#7227=EDGE_CURVE('',#482,#466,#7230,.T.);
#7228=LINE('',#465,#7231);
#7229=LINE('',#479,#7232);
#7230=LINE('',#481,#7233);
#7231=VECTOR('',#7234,1.0);
#7232=VECTOR('',#7235,1.0);
#7233=VECTOR('',#7236,1.0);
#7234=DIRECTION('',(-0.1629687643143859,0.1250549405722541,-0.9786738188468681));
#7235=DIRECTION('',(0.793342502756077,-0.6087755524992146,0));
#7236=DIRECTION('',(0,0,1));
#7237=FACE_SURFACE('',(#7242),#7238,.T.);
#7238=PLANE('',#7239);
#7239=AXIS2_PLACEMENT_3D('',#465,#7240,#7241);
#7240=DIRECTION('',(-0.38267944574756485,-0.9238811838122566,-0));
#7241=DIRECTION('',(0,0,-1));
#7242=FACE_BOUND('',#7243,.T.);
#7243=EDGE_LOOP('',(#7244,#7245,#7246));
#7244=ORIENTED_EDGE('',*,*,#7247,.T.);
#7245=ORIENTED_EDGE('',*,*,#7248,.T.);
#7246=ORIENTED_EDGE('',*,*,#7249,.T.);
#7247=EDGE_CURVE('',#466,#482,#7250,.F.);
#7248=EDGE_CURVE('',#482,#464,#7251,.T.);
#7249=EDGE_CURVE('',#464,#466,#7252,.T.);
#7250=LINE('',#465,#7253);
#7251=LINE('',#481,#7254);
#7252=LINE('',#463,#7255);
#7253=VECTOR('',#7256,1.0);
#7254=VECTOR('',#7257,1.0);
#7255=VECTOR('',#7258,1.0);
#7256=DIRECTION('',(0,0,-1));
#7257=DIRECTION('',(0.18977691317073575,-0.07860721185833663,0.9786754464434293));
#7258=DIRECTION('',(-0.9238811838122566,0.38267944574756485,0));
#7259=FACE_SURFACE('',(#7264),#7260,.T.);
#7260=PLANE('',#7261);
#7261=AXIS2_PLACEMENT_3D('',#463,#7262,#7263);
#7262=DIRECTION('',(-0.38267944574756485,-0.9238811838122566,-0));
#7263=DIRECTION('',(-0.18977691317073575,0.07860721185833663,-0.9786754464434293));
#7264=FACE_BOUND('',#7265,.T.);
#7265=EDGE_LOOP('',(#7266,#7267,#7268));
#7266=ORIENTED_EDGE('',*,*,#7269,.T.);
#7267=ORIENTED_EDGE('',*,*,#7270,.T.);
#7268=ORIENTED_EDGE('',*,*,#7271,.T.);
#7269=EDGE_CURVE('',#464,#482,#7272,.F.);
#7270=EDGE_CURVE('',#482,#484,#7273,.T.);
#7271=EDGE_CURVE('',#484,#464,#7274,.T.);
#7272=LINE('',#463,#7275);
#7273=LINE('',#481,#7276);
#7274=LINE('',#483,#7277);
#7275=VECTOR('',#7278,1.0);
#7276=VECTOR('',#7279,1.0);
#7277=VECTOR('',#7280,1.0);
#7278=DIRECTION('',(-0.18977691317073575,0.07860721185833663,-0.9786754464434293));
#7279=DIRECTION('',(0.9238811838122566,-0.38267944574756485,0));
#7280=DIRECTION('',(0,0,1));
#7281=FACE_SURFACE('',(#7286),#7282,.T.);
#7282=PLANE('',#7283);
#7283=AXIS2_PLACEMENT_3D('',#463,#7284,#7285);
#7284=DIRECTION('',(-0.13051465098928883,-0.9914463807373266,-0));
#7285=DIRECTION('',(0,0,-1));
#7286=FACE_BOUND('',#7287,.T.);
#7287=EDGE_LOOP('',(#7288,#7289,#7290));
#7288=ORIENTED_EDGE('',*,*,#7291,.T.);
#7289=ORIENTED_EDGE('',*,*,#7292,.T.);
#7290=ORIENTED_EDGE('',*,*,#7293,.T.);
#7291=EDGE_CURVE('',#464,#484,#7294,.F.);
#7292=EDGE_CURVE('',#484,#462,#7295,.T.);
#7293=EDGE_CURVE('',#462,#464,#7296,.T.);
#7294=LINE('',#463,#7297);
#7295=LINE('',#483,#7298);
#7296=LINE('',#461,#7299);
#7297=VECTOR('',#7300,1.0);
#7298=VECTOR('',#7301,1.0);
#7299=VECTOR('',#7302,1.0);
#7300=DIRECTION('',(0,0,-1));
#7301=DIRECTION('',(0.20367332622115375,-0.02681169007628277,0.9786717066827184));
#7302=DIRECTION('',(-0.9914463807373266,0.13051465098928883,0));
#7303=FACE_SURFACE('',(#7308),#7304,.T.);
#7304=PLANE('',#7305);
#7305=AXIS2_PLACEMENT_3D('',#461,#7306,#7307);
#7306=DIRECTION('',(-0.13051465098928883,-0.9914463807373266,-0));
#7307=DIRECTION('',(-0.20367332622115375,0.02681169007628277,-0.9786717066827184));
#7308=FACE_BOUND('',#7309,.T.);
#7309=EDGE_LOOP('',(#7310,#7311,#7312));
#7310=ORIENTED_EDGE('',*,*,#7313,.T.);
#7311=ORIENTED_EDGE('',*,*,#7314,.T.);
#7312=ORIENTED_EDGE('',*,*,#7315,.T.);
#7313=EDGE_CURVE('',#462,#484,#7316,.F.);
#7314=EDGE_CURVE('',#484,#486,#7317,.T.);
#7315=EDGE_CURVE('',#486,#462,#7318,.T.);
#7316=LINE('',#461,#7319);
#7317=LINE('',#483,#7320);
#7318=LINE('',#485,#7321);
#7319=VECTOR('',#7322,1.0);
#7320=VECTOR('',#7323,1.0);
#7321=VECTOR('',#7324,1.0);
#7322=DIRECTION('',(-0.20367332622115375,0.02681169007628277,-0.9786717066827184));
#7323=DIRECTION('',(0.9914463807373266,-0.13051465098928883,0));
#7324=DIRECTION('',(0,0,1));
#7325=FACE_SURFACE('',(#7330),#7326,.T.);
#7326=PLANE('',#7327);
#7327=AXIS2_PLACEMENT_3D('',#461,#7328,#7329);
#7328=DIRECTION('',(0.1305245149907286,-0.9914450821837965,0));
#7329=DIRECTION('',(0,0,-1));
#7330=FACE_BOUND('',#7331,.T.);
#7331=EDGE_LOOP('',(#7332,#7333,#7334));
#7332=ORIENTED_EDGE('',*,*,#7335,.T.);
#7333=ORIENTED_EDGE('',*,*,#7336,.T.);
#7334=ORIENTED_EDGE('',*,*,#7337,.T.);
#7335=EDGE_CURVE('',#462,#486,#7338,.F.);
#7336=EDGE_CURVE('',#486,#460,#7339,.T.);
#7337=EDGE_CURVE('',#460,#462,#7340,.T.);
#7338=LINE('',#461,#7341);
#7339=LINE('',#485,#7342);
#7340=LINE('',#459,#7343);
#7341=VECTOR('',#7344,1.0);
#7342=VECTOR('',#7345,1.0);
#7343=VECTOR('',#7346,1.0);
#7344=DIRECTION('',(0,0,-1));
#7345=DIRECTION('',(0.2036583169710994,0.026811775583100737,0.9786748278251467));
#7346=DIRECTION('',(-0.9914450821837965,-0.1305245149907286,0));
#7347=FACE_SURFACE('',(#7352),#7348,.T.);
#7348=PLANE('',#7349);
#7349=AXIS2_PLACEMENT_3D('',#459,#7350,#7351);
#7350=DIRECTION('',(0.1305245149907286,-0.9914450821837965,0));
#7351=DIRECTION('',(-0.2036583169710994,-0.026811775583100737,-0.9786748278251467));
#7352=FACE_BOUND('',#7353,.T.);
#7353=EDGE_LOOP('',(#7354,#7355,#7356));
#7354=ORIENTED_EDGE('',*,*,#7357,.T.);
#7355=ORIENTED_EDGE('',*,*,#7358,.T.);
#7356=ORIENTED_EDGE('',*,*,#7359,.T.);
#7357=EDGE_CURVE('',#460,#486,#7360,.F.);
#7358=EDGE_CURVE('',#486,#488,#7361,.T.);
#7359=EDGE_CURVE('',#488,#460,#7362,.T.);
#7360=LINE('',#459,#7363);
#7361=LINE('',#485,#7364);
#7362=LINE('',#487,#7365);
#7363=VECTOR('',#7366,1.0);
#7364=VECTOR('',#7367,1.0);
#7365=VECTOR('',#7368,1.0);
#7366=DIRECTION('',(-0.2036583169710994,-0.026811775583100737,-0.9786748278251467));
#7367=DIRECTION('',(0.9914450821837965,0.1305245149907286,0));
#7368=DIRECTION('',(0,0,1));
#7369=FACE_SURFACE('',(#7374),#7370,.T.);
#7370=PLANE('',#7371);
#7371=AXIS2_PLACEMENT_3D('',#459,#7372,#7373);
#7372=DIRECTION('',(0.38266597043954426,-0.9238867652843404,0));
#7373=DIRECTION('',(0,0,-1));
#7374=FACE_BOUND('',#7375,.T.);
#7375=EDGE_LOOP('',(#7376,#7377,#7378));
#7376=ORIENTED_EDGE('',*,*,#7379,.T.);
#7377=ORIENTED_EDGE('',*,*,#7380,.T.);
#7378=ORIENTED_EDGE('',*,*,#7381,.T.);
#7379=EDGE_CURVE('',#460,#488,#7382,.F.);
#7380=EDGE_CURVE('',#488,#458,#7383,.T.);
#7381=EDGE_CURVE('',#458,#460,#7384,.T.);
#7382=LINE('',#459,#7385);
#7383=LINE('',#487,#7386);
#7384=LINE('',#457,#7387);
#7385=VECTOR('',#7388,1.0);
#7386=VECTOR('',#7389,1.0);
#7387=VECTOR('',#7390,1.0);
#7388=DIRECTION('',(0,0,-1));
#7389=DIRECTION('',(0.18978446057935686,0.07860709505844458,0.9786739922615064));
#7390=DIRECTION('',(-0.9238867652843404,-0.38266597043954426,0));
#7391=FACE_SURFACE('',(#7396),#7392,.T.);
#7392=PLANE('',#7393);
#7393=AXIS2_PLACEMENT_3D('',#457,#7394,#7395);
#7394=DIRECTION('',(0.38266597043954426,-0.9238867652843404,0));
#7395=DIRECTION('',(-0.18978446057935686,-0.07860709505844458,-0.9786739922615064));
#7396=FACE_BOUND('',#7397,.T.);
#7397=EDGE_LOOP('',(#7398,#7399,#7400));
#7398=ORIENTED_EDGE('',*,*,#7401,.T.);
#7399=ORIENTED_EDGE('',*,*,#7402,.T.);
#7400=ORIENTED_EDGE('',*,*,#7403,.T.);
#7401=EDGE_CURVE('',#458,#488,#7404,.F.);
#7402=EDGE_CURVE('',#488,#490,#7405,.T.);
#7403=EDGE_CURVE('',#490,#458,#7406,.T.);
#7404=LINE('',#457,#7407);
#7405=LINE('',#487,#7408);
#7406=LINE('',#489,#7409);
#7407=VECTOR('',#7410,1.0);
#7408=VECTOR('',#7411,1.0);
#7409=VECTOR('',#7412,1.0);
#7410=DIRECTION('',(-0.18978446057935686,-0.07860709505844458,-0.9786739922615064));
#7411=DIRECTION('',(0.9238867652843404,0.38266597043954426,0));
#7412=DIRECTION('',(0,0,1));
#7413=FACE_SURFACE('',(#7418),#7414,.T.);
#7414=PLANE('',#7415);
#7415=AXIS2_PLACEMENT_3D('',#457,#7416,#7417);
#7416=DIRECTION('',(0.6087755524992146,-0.793342502756077,0));
#7417=DIRECTION('',(0,0,-1));
#7418=FACE_BOUND('',#7419,.T.);
#7419=EDGE_LOOP('',(#7420,#7421,#7422));
#7420=ORIENTED_EDGE('',*,*,#7423,.T.);
#7421=ORIENTED_EDGE('',*,*,#7424,.T.);
#7422=ORIENTED_EDGE('',*,*,#7425,.T.);
#7423=EDGE_CURVE('',#458,#490,#7426,.F.);
#7424=EDGE_CURVE('',#490,#456,#7427,.T.);
#7425=EDGE_CURVE('',#456,#458,#7428,.T.);
#7426=LINE('',#457,#7429);
#7427=LINE('',#489,#7430);
#7428=LINE('',#455,#7431);
#7429=VECTOR('',#7432,1.0);
#7430=VECTOR('',#7433,1.0);
#7431=VECTOR('',#7434,1.0);
#7432=DIRECTION('',(0,0,-1));
#7433=DIRECTION('',(0.1629687643143859,0.1250549405722541,0.9786738188468681));
#7434=DIRECTION('',(-0.793342502756077,-0.6087755524992146,0));
#7435=FACE_SURFACE('',(#7440),#7436,.T.);
#7436=PLANE('',#7437);
#7437=AXIS2_PLACEMENT_3D('',#455,#7438,#7439);
#7438=DIRECTION('',(0.6087755524992146,-0.793342502756077,0));
#7439=DIRECTION('',(-0.1629687643143859,-0.1250549405722541,-0.9786738188468681));
#7440=FACE_BOUND('',#7441,.T.);
#7441=EDGE_LOOP('',(#7442,#7443,#7444));
#7442=ORIENTED_EDGE('',*,*,#7445,.T.);
#7443=ORIENTED_EDGE('',*,*,#7446,.T.);
#7444=ORIENTED_EDGE('',*,*,#7447,.T.);
#7445=EDGE_CURVE('',#456,#490,#7448,.F.);
#7446=EDGE_CURVE('',#490,#492,#7449,.T.);
#7447=EDGE_CURVE('',#492,#456,#7450,.T.);
#7448=LINE('',#455,#7451);
#7449=LINE('',#489,#7452);
#7450=LINE('',#491,#7453);
#7451=VECTOR('',#7454,1.0);
#7452=VECTOR('',#7455,1.0);
#7453=VECTOR('',#7456,1.0);
#7454=DIRECTION('',(-0.1629687643143859,-0.1250549405722541,-0.9786738188468681));
#7455=DIRECTION('',(0.793342502756077,0.6087755524992146,0));
#7456=DIRECTION('',(0,0,1));
#7457=FACE_SURFACE('',(#7462),#7458,.T.);
#7458=PLANE('',#7459);
#7459=AXIS2_PLACEMENT_3D('',#455,#7460,#7461);
#7460=DIRECTION('',(0.7933517066794935,-0.6087635579670773,0));
#7461=DIRECTION('',(0,0,-1));
#7462=FACE_BOUND('',#7463,.T.);
#7463=EDGE_LOOP('',(#7464,#7465,#7466));
#7464=ORIENTED_EDGE('',*,*,#7467,.T.);
#7465=ORIENTED_EDGE('',*,*,#7468,.T.);
#7466=ORIENTED_EDGE('',*,*,#7469,.T.);
#7467=EDGE_CURVE('',#456,#492,#7470,.F.);
#7468=EDGE_CURVE('',#492,#454,#7471,.T.);
#7469=EDGE_CURVE('',#454,#456,#7472,.T.);
#7470=LINE('',#455,#7473);
#7471=LINE('',#491,#7474);
#7472=LINE('',#453,#7475);
#7473=VECTOR('',#7476,1.0);
#7474=VECTOR('',#7477,1.0);
#7475=VECTOR('',#7478,1.0);
#7476=DIRECTION('',(0,0,-1));
#7477=DIRECTION('',(0.1250510870950396,0.1629688440948711,0.9786742979514331));
#7478=DIRECTION('',(-0.6087635579670773,-0.7933517066794935,0));
#7479=FACE_SURFACE('',(#7484),#7480,.T.);
#7480=PLANE('',#7481);
#7481=AXIS2_PLACEMENT_3D('',#453,#7482,#7483);
#7482=DIRECTION('',(0.7933517066794935,-0.6087635579670773,0));
#7483=DIRECTION('',(-0.1250510870950396,-0.1629688440948711,-0.9786742979514331));
#7484=FACE_BOUND('',#7485,.T.);
#7485=EDGE_LOOP('',(#7486,#7487,#7488));
#7486=ORIENTED_EDGE('',*,*,#7489,.T.);
#7487=ORIENTED_EDGE('',*,*,#7490,.T.);
#7488=ORIENTED_EDGE('',*,*,#7491,.T.);
#7489=EDGE_CURVE('',#454,#492,#7492,.F.);
#7490=EDGE_CURVE('',#492,#494,#7493,.T.);
#7491=EDGE_CURVE('',#494,#454,#7494,.T.);
#7492=LINE('',#453,#7495);
#7493=LINE('',#491,#7496);
#7494=LINE('',#493,#7497);
#7495=VECTOR('',#7498,1.0);
#7496=VECTOR('',#7499,1.0);
#7497=VECTOR('',#7500,1.0);
#7498=DIRECTION('',(-0.1250510870950396,-0.1629688440948711,-0.9786742979514331));
#7499=DIRECTION('',(0.6087635579670773,0.7933517066794935,0));
#7500=DIRECTION('',(0,0,1));
#7501=FACE_SURFACE('',(#7506),#7502,.T.);
#7502=PLANE('',#7503);
#7503=AXIS2_PLACEMENT_3D('',#453,#7504,#7505);
#7504=DIRECTION('',(0.9238853699715919,-0.38266933918522245,0));
#7505=DIRECTION('',(0,0,-1));
#7506=FACE_BOUND('',#7507,.T.);
#7507=EDGE_LOOP('',(#7508,#7509,#7510));
#7508=ORIENTED_EDGE('',*,*,#7511,.T.);
#7509=ORIENTED_EDGE('',*,*,#7512,.T.);
#7510=ORIENTED_EDGE('',*,*,#7513,.T.);
#7511=EDGE_CURVE('',#454,#494,#7514,.F.);
#7512=EDGE_CURVE('',#494,#452,#7515,.T.);
#7513=EDGE_CURVE('',#452,#454,#7516,.T.);
#7514=LINE('',#453,#7517);
#7515=LINE('',#493,#7518);
#7516=LINE('',#451,#7519);
#7517=VECTOR('',#7520,1.0);
#7518=VECTOR('',#7521,1.0);
#7519=VECTOR('',#7522,1.0);
#7520=DIRECTION('',(0,0,-1));
#7521=DIRECTION('',(0.07860712425882062,0.18978257373034893,0.978674355812005));
#7522=DIRECTION('',(-0.38266933918522245,-0.9238853699715919,0));
#7523=FACE_SURFACE('',(#7528),#7524,.T.);
#7524=PLANE('',#7525);
#7525=AXIS2_PLACEMENT_3D('',#451,#7526,#7527);
#7526=DIRECTION('',(0.9238853699715919,-0.38266933918522245,0));
#7527=DIRECTION('',(-0.07860712425882062,-0.18978257373034893,-0.978674355812005));
#7528=FACE_BOUND('',#7529,.T.);
#7529=EDGE_LOOP('',(#7530,#7531,#7532));
#7530=ORIENTED_EDGE('',*,*,#7533,.T.);
#7531=ORIENTED_EDGE('',*,*,#7534,.T.);
#7532=ORIENTED_EDGE('',*,*,#7535,.T.);
#7533=EDGE_CURVE('',#452,#494,#7536,.F.);
#7534=EDGE_CURVE('',#494,#496,#7537,.T.);
#7535=EDGE_CURVE('',#496,#452,#7538,.T.);
#7536=LINE('',#451,#7539);
#7537=LINE('',#493,#7540);
#7538=LINE('',#495,#7541);
#7539=VECTOR('',#7542,1.0);
#7540=VECTOR('',#7543,1.0);
#7541=VECTOR('',#7544,1.0);
#7542=DIRECTION('',(-0.07860712425882062,-0.18978257373034893,-0.978674355812005));
#7543=DIRECTION('',(0.38266933918522245,0.9238853699715919,0));
#7544=DIRECTION('',(0,0,1));
#7545=FACE_SURFACE('',(#7550),#7546,.T.);
#7546=PLANE('',#7547);
#7547=AXIS2_PLACEMENT_3D('',#451,#7548,#7549);
#7548=DIRECTION('',(0.9914429405862176,-0.13054078122086607,0));
#7549=DIRECTION('',(0,0,-1));
#7550=FACE_BOUND('',#7551,.T.);
#7551=EDGE_LOOP('',(#7552,#7553,#7554));
#7552=ORIENTED_EDGE('',*,*,#7555,.T.);
#7553=ORIENTED_EDGE('',*,*,#7556,.T.);
#7554=ORIENTED_EDGE('',*,*,#7557,.T.);
#7555=EDGE_CURVE('',#452,#496,#7558,.F.);
#7556=EDGE_CURVE('',#496,#450,#7559,.T.);
#7557=EDGE_CURVE('',#450,#452,#7560,.T.);
#7558=LINE('',#451,#7561);
#7559=LINE('',#495,#7562);
#7560=LINE('',#449,#7563);
#7561=VECTOR('',#7564,1.0);
#7562=VECTOR('',#7565,1.0);
#7563=VECTOR('',#7566,1.0);
#7564=DIRECTION('',(0,0,-1));
#7565=DIRECTION('',(0.026815666088348965,0.20366204791917691,0.9786739448302509));
#7566=DIRECTION('',(-0.13054078122086607,-0.9914429405862176,0));
#7567=FACE_SURFACE('',(#7572),#7568,.T.);
#7568=PLANE('',#7569);
#7569=AXIS2_PLACEMENT_3D('',#449,#7570,#7571);
#7570=DIRECTION('',(0.9914429405862176,-0.13054078122086607,0));
#7571=DIRECTION('',(-0.026815666088348965,-0.20366204791917691,-0.9786739448302509));
#7572=FACE_BOUND('',#7573,.T.);
#7573=EDGE_LOOP('',(#7574,#7575,#7576));
#7574=ORIENTED_EDGE('',*,*,#7577,.T.);
#7575=ORIENTED_EDGE('',*,*,#7578,.T.);
#7576=ORIENTED_EDGE('',*,*,#7579,.T.);
#7577=EDGE_CURVE('',#450,#496,#7580,.F.);
#7578=EDGE_CURVE('',#496,#498,#7581,.T.);
#7579=EDGE_CURVE('',#498,#450,#7582,.T.);
#7580=LINE('',#449,#7583);
#7581=LINE('',#495,#7584);
#7582=LINE('',#497,#7585);
#7583=VECTOR('',#7586,1.0);
#7584=VECTOR('',#7587,1.0);
#7585=VECTOR('',#7588,1.0);
#7586=DIRECTION('',(-0.026815666088348965,-0.20366204791917691,-0.9786739448302509));
#7587=DIRECTION('',(0.13054078122086607,0.9914429405862176,0));
#7588=DIRECTION('',(0,0,1));
#7589=FACE_SURFACE('',(#7594),#7590,.T.);
#7590=PLANE('',#7591);
#7591=AXIS2_PLACEMENT_3D('',#449,#7592,#7593);
#7592=DIRECTION('',(0.991442778209331,0.13054201444961414,0));
#7593=DIRECTION('',(0,0,-1));
#7594=FACE_BOUND('',#7595,.T.);
#7595=EDGE_LOOP('',(#7596,#7597,#7598));
#7596=ORIENTED_EDGE('',*,*,#7599,.T.);
#7597=ORIENTED_EDGE('',*,*,#7600,.T.);
#7598=ORIENTED_EDGE('',*,*,#7601,.T.);
#7599=EDGE_CURVE('',#450,#498,#7602,.F.);
#7600=EDGE_CURVE('',#498,#448,#7603,.T.);
#7601=EDGE_CURVE('',#448,#450,#7604,.T.);
#7602=LINE('',#449,#7605);
#7603=LINE('',#497,#7606);
#7604=LINE('',#447,#7607);
#7605=VECTOR('',#7608,1.0);
#7606=VECTOR('',#7609,1.0);
#7607=VECTOR('',#7610,1.0);
#7608=DIRECTION('',(0,0,-1));
#7609=DIRECTION('',(-0.02681567677803354,0.20366017175748893,0.9786743349647246));
#7610=DIRECTION('',(0.13054201444961414,-0.991442778209331,0));
#7611=FACE_SURFACE('',(#7616),#7612,.T.);
#7612=PLANE('',#7613);
#7613=AXIS2_PLACEMENT_3D('',#447,#7614,#7615);
#7614=DIRECTION('',(0.991442778209331,0.13054201444961414,0));
#7615=DIRECTION('',(0.02681567677803354,-0.20366017175748893,-0.9786743349647246));
#7616=FACE_BOUND('',#7617,.T.);
#7617=EDGE_LOOP('',(#7618,#7619,#7620));
#7618=ORIENTED_EDGE('',*,*,#7621,.T.);
#7619=ORIENTED_EDGE('',*,*,#7622,.T.);
#7620=ORIENTED_EDGE('',*,*,#7623,.T.);
#7621=EDGE_CURVE('',#448,#498,#7624,.F.);
#7622=EDGE_CURVE('',#498,#500,#7625,.T.);
#7623=EDGE_CURVE('',#500,#448,#7626,.T.);
#7624=LINE('',#447,#7627);
#7625=LINE('',#497,#7628);
#7626=LINE('',#499,#7629);
#7627=VECTOR('',#7630,1.0);
#7628=VECTOR('',#7631,1.0);
#7629=VECTOR('',#7632,1.0);
#7630=DIRECTION('',(0.02681567677803354,-0.20366017175748893,-0.9786743349647246));
#7631=DIRECTION('',(-0.13054201444961414,0.991442778209331,0));
#7632=DIRECTION('',(0,0,1));
#7633=FACE_SURFACE('',(#7638),#7634,.T.);
#7634=PLANE('',#7635);
#7635=AXIS2_PLACEMENT_3D('',#447,#7636,#7637);
#7636=DIRECTION('',(0.9238867652843354,0.38266597043955625,0));
#7637=DIRECTION('',(0,0,-1));
#7638=FACE_BOUND('',#7639,.T.);
#7639=EDGE_LOOP('',(#7640,#7641,#7642));
#7640=ORIENTED_EDGE('',*,*,#7643,.T.);
#7641=ORIENTED_EDGE('',*,*,#7644,.T.);
#7642=ORIENTED_EDGE('',*,*,#7645,.T.);
#7643=EDGE_CURVE('',#448,#500,#7646,.F.);
#7644=EDGE_CURVE('',#500,#446,#7647,.T.);
#7645=EDGE_CURVE('',#446,#448,#7648,.T.);
#7646=LINE('',#447,#7649);
#7647=LINE('',#499,#7650);
#7648=LINE('',#445,#7651);
#7649=VECTOR('',#7652,1.0);
#7650=VECTOR('',#7653,1.0);
#7651=VECTOR('',#7654,1.0);
#7652=DIRECTION('',(0,0,-1));
#7653=DIRECTION('',(-0.07860709505844468,0.18978446057935014,0.9786739922615078));
#7654=DIRECTION('',(0.38266597043955625,-0.9238867652843354,0));
#7655=FACE_SURFACE('',(#7660),#7656,.T.);
#7656=PLANE('',#7657);
#7657=AXIS2_PLACEMENT_3D('',#445,#7658,#7659);
#7658=DIRECTION('',(0.9238867652843354,0.38266597043955625,0));
#7659=DIRECTION('',(0.07860709505844468,-0.18978446057935014,-0.9786739922615078));
#7660=FACE_BOUND('',#7661,.T.);
#7661=EDGE_LOOP('',(#7662,#7663,#7664));
#7662=ORIENTED_EDGE('',*,*,#7665,.T.);
#7663=ORIENTED_EDGE('',*,*,#7666,.T.);
#7664=ORIENTED_EDGE('',*,*,#7667,.T.);
#7665=EDGE_CURVE('',#446,#500,#7668,.F.);
#7666=EDGE_CURVE('',#500,#502,#7669,.T.);
#7667=EDGE_CURVE('',#502,#446,#7670,.T.);
#7668=LINE('',#445,#7671);
#7669=LINE('',#499,#7672);
#7670=LINE('',#501,#7673);
#7671=VECTOR('',#7674,1.0);
#7672=VECTOR('',#7675,1.0);
#7673=VECTOR('',#7676,1.0);
#7674=DIRECTION('',(0.07860709505844468,-0.18978446057935014,-0.9786739922615078));
#7675=DIRECTION('',(-0.38266597043955625,0.9238867652843354,0));
#7676=DIRECTION('',(0,0,1));
#7677=FACE_SURFACE('',(#7682),#7678,.T.);
#7678=PLANE('',#7679);
#7679=AXIS2_PLACEMENT_3D('',#445,#7680,#7681);
#7680=DIRECTION('',(0.7933517066794935,0.6087635579670773,0));
#7681=DIRECTION('',(0,0,-1));
#7682=FACE_BOUND('',#7683,.T.);
#7683=EDGE_LOOP('',(#7684,#7685,#7686));
#7684=ORIENTED_EDGE('',*,*,#7687,.T.);
#7685=ORIENTED_EDGE('',*,*,#7688,.T.);
#7686=ORIENTED_EDGE('',*,*,#7689,.T.);
#7687=EDGE_CURVE('',#446,#502,#7690,.F.);
#7688=EDGE_CURVE('',#502,#444,#7691,.T.);
#7689=EDGE_CURVE('',#444,#446,#7692,.T.);
#7690=LINE('',#445,#7693);
#7691=LINE('',#501,#7694);
#7692=LINE('',#443,#7695);
#7693=VECTOR('',#7696,1.0);
#7694=VECTOR('',#7697,1.0);
#7695=VECTOR('',#7698,1.0);
#7696=DIRECTION('',(0,0,-1));
#7697=DIRECTION('',(-0.1250510870950396,0.1629688440948711,0.9786742979514331));
#7698=DIRECTION('',(0.6087635579670773,-0.7933517066794935,0));
#7699=FACE_SURFACE('',(#7704),#7700,.T.);
#7700=PLANE('',#7701);
#7701=AXIS2_PLACEMENT_3D('',#443,#7702,#7703);
#7702=DIRECTION('',(0.7933517066794935,0.6087635579670773,0));
#7703=DIRECTION('',(0.1250510870950396,-0.1629688440948711,-0.9786742979514331));
#7704=FACE_BOUND('',#7705,.T.);
#7705=EDGE_LOOP('',(#7706,#7707,#7708));
#7706=ORIENTED_EDGE('',*,*,#7709,.T.);
#7707=ORIENTED_EDGE('',*,*,#7710,.T.);
#7708=ORIENTED_EDGE('',*,*,#7711,.T.);
#7709=EDGE_CURVE('',#444,#502,#7712,.F.);
#7710=EDGE_CURVE('',#502,#504,#7713,.T.);
#7711=EDGE_CURVE('',#504,#444,#7714,.T.);
#7712=LINE('',#443,#7715);
#7713=LINE('',#501,#7716);
#7714=LINE('',#503,#7717);
#7715=VECTOR('',#7718,1.0);
#7716=VECTOR('',#7719,1.0);
#7717=VECTOR('',#7720,1.0);
#7718=DIRECTION('',(0.1250510870950396,-0.1629688440948711,-0.9786742979514331));
#7719=DIRECTION('',(-0.6087635579670773,0.7933517066794935,0));
#7720=DIRECTION('',(0,0,1));
#7721=FACE_SURFACE('',(#7726),#7722,.T.);
#7722=PLANE('',#7723);
#7723=AXIS2_PLACEMENT_3D('',#443,#7724,#7725);
#7724=DIRECTION('',(0.6087695552853415,0.7933471047137486,0));
#7725=DIRECTION('',(0,0,-1));
#7726=FACE_BOUND('',#7727,.T.);
#7727=EDGE_LOOP('',(#7728,#7729,#7730));
#7728=ORIENTED_EDGE('',*,*,#7731,.T.);
#7729=ORIENTED_EDGE('',*,*,#7732,.T.);
#7730=ORIENTED_EDGE('',*,*,#7733,.T.);
#7731=EDGE_CURVE('',#444,#504,#7734,.F.);
#7732=EDGE_CURVE('',#504,#442,#7735,.T.);
#7733=EDGE_CURVE('',#442,#444,#7736,.T.);
#7734=LINE('',#443,#7737);
#7735=LINE('',#503,#7738);
#7736=LINE('',#441,#7739);
#7737=VECTOR('',#7740,1.0);
#7738=VECTOR('',#7741,1.0);
#7739=VECTOR('',#7742,1.0);
#7740=DIRECTION('',(0,0,-1));
#7741=DIRECTION('',(-0.1629688042049293,0.12505301383436104,0.9786740584009359));
#7742=DIRECTION('',(0.7933471047137486,-0.6087695552853415,0));
#7743=FACE_SURFACE('',(#7748),#7744,.T.);
#7744=PLANE('',#7745);
#7745=AXIS2_PLACEMENT_3D('',#441,#7746,#7747);
#7746=DIRECTION('',(0.6087695552853415,0.7933471047137486,0));
#7747=DIRECTION('',(0.1629688042049293,-0.12505301383436104,-0.9786740584009359));
#7748=FACE_BOUND('',#7749,.T.);
#7749=EDGE_LOOP('',(#7750,#7751,#7752));
#7750=ORIENTED_EDGE('',*,*,#7753,.T.);
#7751=ORIENTED_EDGE('',*,*,#7754,.T.);
#7752=ORIENTED_EDGE('',*,*,#7755,.T.);
#7753=EDGE_CURVE('',#442,#504,#7756,.F.);
#7754=EDGE_CURVE('',#504,#506,#7757,.T.);
#7755=EDGE_CURVE('',#506,#442,#7758,.T.);
#7756=LINE('',#441,#7759);
#7757=LINE('',#503,#7760);
#7758=LINE('',#505,#7761);
#7759=VECTOR('',#7762,1.0);
#7760=VECTOR('',#7763,1.0);
#7761=VECTOR('',#7764,1.0);
#7762=DIRECTION('',(0.1629688042049293,-0.12505301383436104,-0.9786740584009359));
#7763=DIRECTION('',(-0.7933471047137486,0.6087695552853415,0));
#7764=DIRECTION('',(0,0,1));
#7765=FACE_SURFACE('',(#7770),#7766,.T.);
#7766=PLANE('',#7767);
#7767=AXIS2_PLACEMENT_3D('',#441,#7768,#7769);
#7768=DIRECTION('',(0.3826903697615946,0.9238766589170515,0));
#7769=DIRECTION('',(0,0,-1));
#7770=FACE_BOUND('',#7771,.T.);
#7771=EDGE_LOOP('',(#7772,#7773,#7774));
#7772=ORIENTED_EDGE('',*,*,#7775,.T.);
#7773=ORIENTED_EDGE('',*,*,#7776,.T.);
#7774=ORIENTED_EDGE('',*,*,#7777,.T.);
#7775=EDGE_CURVE('',#442,#506,#7778,.F.);
#7776=EDGE_CURVE('',#506,#440,#7779,.T.);
#7777=EDGE_CURVE('',#440,#442,#7780,.T.);
#7778=LINE('',#441,#7781);
#7779=LINE('',#505,#7782);
#7780=LINE('',#439,#7783);
#7781=VECTOR('',#7784,1.0);
#7782=VECTOR('',#7785,1.0);
#7783=VECTOR('',#7786,1.0);
#7784=DIRECTION('',(0,0,-1));
#7785=DIRECTION('',(-0.18978437297461492,0.0786129308145543,0.9786735405043802));
#7786=DIRECTION('',(0.9238766589170515,-0.3826903697615946,0));
#7787=FACE_SURFACE('',(#7792),#7788,.T.);
#7788=PLANE('',#7789);
#7789=AXIS2_PLACEMENT_3D('',#439,#7790,#7791);
#7790=DIRECTION('',(0.3826903697615946,0.9238766589170515,0));
#7791=DIRECTION('',(0.18978437297461492,-0.0786129308145543,-0.9786735405043802));
#7792=FACE_BOUND('',#7793,.T.);
#7793=EDGE_LOOP('',(#7794,#7795,#7796));
#7794=ORIENTED_EDGE('',*,*,#7797,.T.);
#7795=ORIENTED_EDGE('',*,*,#7798,.T.);
#7796=ORIENTED_EDGE('',*,*,#7799,.T.);
#7797=EDGE_CURVE('',#440,#506,#7800,.F.);
#7798=EDGE_CURVE('',#506,#508,#7801,.T.);
#7799=EDGE_CURVE('',#508,#440,#7802,.T.);
#7800=LINE('',#439,#7803);
#7801=LINE('',#505,#7804);
#7802=LINE('',#507,#7805);
#7803=VECTOR('',#7806,1.0);
#7804=VECTOR('',#7807,1.0);
#7805=VECTOR('',#7808,1.0);
#7806=DIRECTION('',(0.18978437297461492,-0.0786129308145543,-0.9786735405043802));
#7807=DIRECTION('',(-0.9238766589170515,0.3826903697615946,0));
#7808=DIRECTION('',(0,0,1));
#7809=FACE_SURFACE('',(#7814),#7810,.T.);
#7810=PLANE('',#7811);
#7811=AXIS2_PLACEMENT_3D('',#439,#7812,#7813);
#7812=DIRECTION('',(0.1305245149906953,0.9914450821838008,0));
#7813=DIRECTION('',(0,0,-1));
#7814=FACE_BOUND('',#7815,.T.);
#7815=EDGE_LOOP('',(#7816,#7817,#7818));
#7816=ORIENTED_EDGE('',*,*,#7819,.T.);
#7817=ORIENTED_EDGE('',*,*,#7820,.T.);
#7818=ORIENTED_EDGE('',*,*,#7821,.T.);
#7819=EDGE_CURVE('',#440,#508,#7822,.F.);
#7820=EDGE_CURVE('',#508,#438,#7823,.T.);
#7821=EDGE_CURVE('',#438,#440,#7824,.T.);
#7822=LINE('',#439,#7825);
#7823=LINE('',#507,#7826);
#7824=LINE('',#437,#7827);
#7825=VECTOR('',#7828,1.0);
#7826=VECTOR('',#7829,1.0);
#7827=VECTOR('',#7830,1.0);
#7828=DIRECTION('',(0,0,-1));
#7829=DIRECTION('',(-0.20365831697109946,0.02681177558309379,0.9786748278251469));
#7830=DIRECTION('',(0.9914450821838008,-0.1305245149906953,0));
#7831=FACE_SURFACE('',(#7836),#7832,.T.);
#7832=PLANE('',#7833);
#7833=AXIS2_PLACEMENT_3D('',#437,#7834,#7835);
#7834=DIRECTION('',(0.1305245149906953,0.9914450821838008,0));
#7835=DIRECTION('',(0.20365831697109946,-0.02681177558309379,-0.9786748278251469));
#7836=FACE_BOUND('',#7837,.T.);
#7837=EDGE_LOOP('',(#7838,#7839,#7840));
#7838=ORIENTED_EDGE('',*,*,#7841,.T.);
#7839=ORIENTED_EDGE('',*,*,#7842,.T.);
#7840=ORIENTED_EDGE('',*,*,#7843,.T.);
#7841=EDGE_CURVE('',#438,#508,#7844,.F.);
#7842=EDGE_CURVE('',#508,#510,#7845,.T.);
#7843=EDGE_CURVE('',#510,#438,#7846,.T.);
#7844=LINE('',#437,#7847);
#7845=LINE('',#507,#7848);
#7846=LINE('',#509,#7849);
#7847=VECTOR('',#7850,1.0);
#7848=VECTOR('',#7851,1.0);
#7849=VECTOR('',#7852,1.0);
#7850=DIRECTION('',(0.20365831697109946,-0.02681177558309379,-0.9786748278251469));
#7851=DIRECTION('',(-0.9914450821838008,0.1305245149906953,0));
#7852=DIRECTION('',(0,0,1));
#7853=FACE_SURFACE('',(#7858),#7854,.T.);
#7854=PLANE('',#7855);
#7855=AXIS2_PLACEMENT_3D('',#437,#7856,#7857);
#7856=DIRECTION('',(-0.13051465098925558,0.991446380737331,0));
#7857=DIRECTION('',(0,0,-1));
#7858=FACE_BOUND('',#7859,.T.);
#7859=EDGE_LOOP('',(#7860,#7861,#7862));
#7860=ORIENTED_EDGE('',*,*,#7863,.T.);
#7861=ORIENTED_EDGE('',*,*,#7864,.T.);
#7862=ORIENTED_EDGE('',*,*,#7865,.T.);
#7863=EDGE_CURVE('',#438,#510,#7866,.F.);
#7864=EDGE_CURVE('',#510,#436,#7867,.T.);
#7865=EDGE_CURVE('',#436,#438,#7868,.T.);
#7866=LINE('',#437,#7869);
#7867=LINE('',#509,#7870);
#7868=LINE('',#435,#7871);
#7869=VECTOR('',#7872,1.0);
#7870=VECTOR('',#7873,1.0);
#7871=VECTOR('',#7874,1.0);
#7872=DIRECTION('',(0,0,-1));
#7873=DIRECTION('',(-0.20367332622115378,-0.02681169007627582,0.9786717066827186));
#7874=DIRECTION('',(0.991446380737331,0.13051465098925558,0));
#7875=FACE_SURFACE('',(#7880),#7876,.T.);
#7876=PLANE('',#7877);
#7877=AXIS2_PLACEMENT_3D('',#435,#7878,#7879);
#7878=DIRECTION('',(-0.13051465098925558,0.991446380737331,0));
#7879=DIRECTION('',(0.20367332622115378,0.02681169007627582,-0.9786717066827186));
#7880=FACE_BOUND('',#7881,.T.);
#7881=EDGE_LOOP('',(#7882,#7883,#7884));
#7882=ORIENTED_EDGE('',*,*,#7885,.T.);
#7883=ORIENTED_EDGE('',*,*,#7886,.T.);
#7884=ORIENTED_EDGE('',*,*,#7887,.T.);
#7885=EDGE_CURVE('',#436,#510,#7888,.F.);
#7886=EDGE_CURVE('',#510,#512,#7889,.T.);
#7887=EDGE_CURVE('',#512,#436,#7890,.T.);
#7888=LINE('',#435,#7891);
#7889=LINE('',#509,#7892);
#7890=LINE('',#511,#7893);
#7891=VECTOR('',#7894,1.0);
#7892=VECTOR('',#7895,1.0);
#7893=VECTOR('',#7896,1.0);
#7894=DIRECTION('',(0.20367332622115378,0.02681169007627582,-0.9786717066827186));
#7895=DIRECTION('',(-0.991446380737331,-0.13051465098925558,0));
#7896=DIRECTION('',(0,0,1));
#7897=FACE_SURFACE('',(#7902),#7898,.T.);
#7898=PLANE('',#7899);
#7899=AXIS2_PLACEMENT_3D('',#435,#7900,#7901);
#7900=DIRECTION('',(-0.38270384563397514,0.9238710767942496,0));
#7901=DIRECTION('',(0,0,-1));
#7902=FACE_BOUND('',#7903,.T.);
#7903=EDGE_LOOP('',(#7904,#7905,#7906));
#7904=ORIENTED_EDGE('',*,*,#7907,.T.);
#7905=ORIENTED_EDGE('',*,*,#7908,.T.);
#7906=ORIENTED_EDGE('',*,*,#7909,.T.);
#7907=EDGE_CURVE('',#436,#512,#7910,.F.);
#7908=EDGE_CURVE('',#512,#434,#7911,.T.);
#7909=EDGE_CURVE('',#434,#436,#7912,.T.);
#7910=LINE('',#435,#7913);
#7911=LINE('',#511,#7914);
#7912=LINE('',#433,#7915);
#7913=VECTOR('',#7916,1.0);
#7914=VECTOR('',#7917,1.0);
#7915=VECTOR('',#7918,1.0);
#7916=DIRECTION('',(0,0,-1));
#7917=DIRECTION('',(-0.18977682556921735,-0.07861304762300968,0.9786749946842891));
#7918=DIRECTION('',(0.9238710767942496,0.38270384563397514,0));
#7919=FACE_SURFACE('',(#7924),#7920,.T.);
#7920=PLANE('',#7921);
#7921=AXIS2_PLACEMENT_3D('',#433,#7922,#7923);
#7922=DIRECTION('',(-0.38270384563397514,0.9238710767942496,0));
#7923=DIRECTION('',(0.18977682556921735,0.07861304762300968,-0.9786749946842891));
#7924=FACE_BOUND('',#7925,.T.);
#7925=EDGE_LOOP('',(#7926,#7927,#7928));
#7926=ORIENTED_EDGE('',*,*,#7929,.T.);
#7927=ORIENTED_EDGE('',*,*,#7930,.T.);
#7928=ORIENTED_EDGE('',*,*,#7931,.T.);
#7929=EDGE_CURVE('',#434,#512,#7932,.F.);
#7930=EDGE_CURVE('',#512,#514,#7933,.T.);
#7931=EDGE_CURVE('',#514,#434,#7934,.T.);
#7932=LINE('',#433,#7935);
#7933=LINE('',#511,#7936);
#7934=LINE('',#513,#7937);
#7935=VECTOR('',#7938,1.0);
#7936=VECTOR('',#7939,1.0);
#7937=VECTOR('',#7940,1.0);
#7938=DIRECTION('',(0.18977682556921735,0.07861304762300968,-0.9786749946842891));
#7939=DIRECTION('',(-0.9238710767942496,-0.38270384563397514,0));
#7940=DIRECTION('',(0,0,1));
#7941=FACE_SURFACE('',(#7946),#7942,.T.);
#7942=PLANE('',#7943);
#7943=AXIS2_PLACEMENT_3D('',#433,#7944,#7945);
#7944=DIRECTION('',(-0.6087695552853415,0.7933471047137486,0));
#7945=DIRECTION('',(0,0,-1));
#7946=FACE_BOUND('',#7947,.T.);
#7947=EDGE_LOOP('',(#7948,#7949,#7950));
#7948=ORIENTED_EDGE('',*,*,#7951,.T.);
#7949=ORIENTED_EDGE('',*,*,#7952,.T.);
#7950=ORIENTED_EDGE('',*,*,#7953,.T.);
#7951=EDGE_CURVE('',#434,#514,#7954,.F.);
#7952=EDGE_CURVE('',#514,#432,#7955,.T.);
#7953=EDGE_CURVE('',#432,#434,#7956,.T.);
#7954=LINE('',#433,#7957);
#7955=LINE('',#513,#7958);
#7956=LINE('',#431,#7959);
#7957=VECTOR('',#7960,1.0);
#7958=VECTOR('',#7961,1.0);
#7959=VECTOR('',#7962,1.0);
#7960=DIRECTION('',(0,0,-1));
#7961=DIRECTION('',(-0.1629688042049293,-0.12505301383436104,0.9786740584009359));
#7962=DIRECTION('',(0.7933471047137486,0.6087695552853415,0));
#7963=FACE_SURFACE('',(#7968),#7964,.T.);
#7964=PLANE('',#7965);
#7965=AXIS2_PLACEMENT_3D('',#431,#7966,#7967);
#7966=DIRECTION('',(-0.6087695552853415,0.7933471047137486,0));
#7967=DIRECTION('',(0.1629688042049293,0.12505301383436104,-0.9786740584009359));
#7968=FACE_BOUND('',#7969,.T.);
#7969=EDGE_LOOP('',(#7970,#7971,#7972));
#7970=ORIENTED_EDGE('',*,*,#7973,.T.);
#7971=ORIENTED_EDGE('',*,*,#7974,.T.);
#7972=ORIENTED_EDGE('',*,*,#7975,.T.);
#7973=EDGE_CURVE('',#432,#514,#7976,.F.);
#7974=EDGE_CURVE('',#514,#516,#7977,.T.);
#7975=EDGE_CURVE('',#516,#432,#7978,.T.);
#7976=LINE('',#431,#7979);
#7977=LINE('',#513,#7980);
#7978=LINE('',#515,#7981);
#7979=VECTOR('',#7982,1.0);
#7980=VECTOR('',#7983,1.0);
#7981=VECTOR('',#7984,1.0);
#7982=DIRECTION('',(0.1629688042049293,0.12505301383436104,-0.9786740584009359));
#7983=DIRECTION('',(-0.7933471047137486,-0.6087695552853415,0));
#7984=DIRECTION('',(0,0,1));
#7985=FACE_SURFACE('',(#7990),#7986,.T.);
#7986=PLANE('',#7987);
#7987=AXIS2_PLACEMENT_3D('',#431,#7988,#7989);
#7988=DIRECTION('',(-0.7933517066794935,0.6087635579670773,0));
#7989=DIRECTION('',(0,0,-1));
#7990=FACE_BOUND('',#7991,.T.);
#7991=EDGE_LOOP('',(#7992,#7993,#7994));
#7992=ORIENTED_EDGE('',*,*,#7995,.T.);
#7993=ORIENTED_EDGE('',*,*,#7996,.T.);
#7994=ORIENTED_EDGE('',*,*,#7997,.T.);
#7995=EDGE_CURVE('',#432,#516,#7998,.F.);
#7996=EDGE_CURVE('',#516,#430,#7999,.T.);
#7997=EDGE_CURVE('',#430,#432,#8000,.T.);
#7998=LINE('',#431,#8001);
#7999=LINE('',#515,#8002);
#8000=LINE('',#429,#8003);
#8001=VECTOR('',#8004,1.0);
#8002=VECTOR('',#8005,1.0);
#8003=VECTOR('',#8006,1.0);
#8004=DIRECTION('',(0,0,-1));
#8005=DIRECTION('',(-0.1250510870950396,-0.1629688440948711,0.9786742979514331));
#8006=DIRECTION('',(0.6087635579670773,0.7933517066794935,0));
#8007=FACE_SURFACE('',(#8012),#8008,.T.);
#8008=PLANE('',#8009);
#8009=AXIS2_PLACEMENT_3D('',#429,#8010,#8011);
#8010=DIRECTION('',(-0.7933517066794935,0.6087635579670773,0));
#8011=DIRECTION('',(0.1250510870950396,0.1629688440948711,-0.9786742979514331));
#8012=FACE_BOUND('',#8013,.T.);
#8013=EDGE_LOOP('',(#8014,#8015,#8016));
#8014=ORIENTED_EDGE('',*,*,#8017,.T.);
#8015=ORIENTED_EDGE('',*,*,#8018,.T.);
#8016=ORIENTED_EDGE('',*,*,#8019,.T.);
#8017=EDGE_CURVE('',#430,#516,#8020,.F.);
#8018=EDGE_CURVE('',#516,#518,#8021,.T.);
#8019=EDGE_CURVE('',#518,#430,#8022,.T.);
#8020=LINE('',#429,#8023);
#8021=LINE('',#515,#8024);
#8022=LINE('',#517,#8025);
#8023=VECTOR('',#8026,1.0);
#8024=VECTOR('',#8027,1.0);
#8025=VECTOR('',#8028,1.0);
#8026=DIRECTION('',(0.1250510870950396,0.1629688440948711,-0.9786742979514331));
#8027=DIRECTION('',(-0.6087635579670773,-0.7933517066794935,0));
#8028=DIRECTION('',(0,0,1));
#8029=FACE_SURFACE('',(#8034),#8030,.T.);
#8030=PLANE('',#8031);
#8031=AXIS2_PLACEMENT_3D('',#429,#8032,#8033);
#8032=DIRECTION('',(-0.9238867652843354,0.38266597043955625,0));
#8033=DIRECTION('',(0,0,-1));
#8034=FACE_BOUND('',#8035,.T.);
#8035=EDGE_LOOP('',(#8036,#8037,#8038));
#8036=ORIENTED_EDGE('',*,*,#8039,.T.);
#8037=ORIENTED_EDGE('',*,*,#8040,.T.);
#8038=ORIENTED_EDGE('',*,*,#8041,.T.);
#8039=EDGE_CURVE('',#430,#518,#8042,.F.);
#8040=EDGE_CURVE('',#518,#428,#8043,.T.);
#8041=EDGE_CURVE('',#428,#430,#8044,.T.);
#8042=LINE('',#429,#8045);
#8043=LINE('',#517,#8046);
#8044=LINE('',#427,#8047);
#8045=VECTOR('',#8048,1.0);
#8046=VECTOR('',#8049,1.0);
#8047=VECTOR('',#8050,1.0);
#8048=DIRECTION('',(0,0,-1));
#8049=DIRECTION('',(-0.07860709505844468,-0.18978446057935014,0.9786739922615078));
#8050=DIRECTION('',(0.38266597043955625,0.9238867652843354,0));
#8051=FACE_SURFACE('',(#8056),#8052,.T.);
#8052=PLANE('',#8053);
#8053=AXIS2_PLACEMENT_3D('',#427,#8054,#8055);
#8054=DIRECTION('',(-0.9238867652843354,0.38266597043955625,0));
#8055=DIRECTION('',(0.07860709505844468,0.18978446057935014,-0.9786739922615078));
#8056=FACE_BOUND('',#8057,.T.);
#8057=EDGE_LOOP('',(#8058,#8059,#8060));
#8058=ORIENTED_EDGE('',*,*,#8061,.T.);
#8059=ORIENTED_EDGE('',*,*,#8062,.T.);
#8060=ORIENTED_EDGE('',*,*,#8063,.T.);
#8061=EDGE_CURVE('',#428,#518,#8064,.F.);
#8062=EDGE_CURVE('',#518,#520,#8065,.T.);
#8063=EDGE_CURVE('',#520,#428,#8066,.T.);
#8064=LINE('',#427,#8067);
#8065=LINE('',#517,#8068);
#8066=LINE('',#519,#8069);
#8067=VECTOR('',#8070,1.0);
#8068=VECTOR('',#8071,1.0);
#8069=VECTOR('',#8072,1.0);
#8070=DIRECTION('',(0.07860709505844468,0.18978446057935014,-0.9786739922615078));
#8071=DIRECTION('',(-0.38266597043955625,-0.9238867652843354,0));
#8072=DIRECTION('',(0,0,1));
#8073=FACE_SURFACE('',(#8078),#8074,.T.);
#8074=PLANE('',#8075);
#8075=AXIS2_PLACEMENT_3D('',#523,#8076,#8077);
#8076=DIRECTION('',(-0.9914429405862176,-0.13054078122086607,0));
#8077=DIRECTION('',(0,0,1));
#8078=FACE_BOUND('',#8079,.T.);
#8079=EDGE_LOOP('',(#8080,#8081,#8082));
#8080=ORIENTED_EDGE('',*,*,#8083,.T.);
#8081=ORIENTED_EDGE('',*,*,#8084,.T.);
#8082=ORIENTED_EDGE('',*,*,#8085,.T.);
#8083=EDGE_CURVE('',#524,#616,#8086,.F.);
#8084=EDGE_CURVE('',#616,#522,#8087,.T.);
#8085=EDGE_CURVE('',#522,#524,#8088,.T.);
#8086=LINE('',#523,#8089);
#8087=LINE('',#615,#8090);
#8088=LINE('',#521,#8091);
#8089=VECTOR('',#8092,1.0);
#8090=VECTOR('',#8093,1.0);
#8091=VECTOR('',#8094,1.0);
#8092=DIRECTION('',(0,0,1));
#8093=DIRECTION('',(-0.08393843239580231,0.6375032037068084,-0.7658616094507485));
#8094=DIRECTION('',(0.13054078122086607,-0.9914429405862176,0));
#8095=FACE_SURFACE('',(#8100),#8096,.T.);
#8096=PLANE('',#8097);
#8097=AXIS2_PLACEMENT_3D('',#521,#8098,#8099);
#8098=DIRECTION('',(-0.9914429405862176,-0.13054078122086607,0));
#8099=DIRECTION('',(0.08393843239580231,-0.6375032037068084,0.7658616094507485));
#8100=FACE_BOUND('',#8101,.T.);
#8101=EDGE_LOOP('',(#8102,#8103,#8104));
#8102=ORIENTED_EDGE('',*,*,#8105,.T.);
#8103=ORIENTED_EDGE('',*,*,#8106,.T.);
#8104=ORIENTED_EDGE('',*,*,#8107,.T.);
#8105=EDGE_CURVE('',#522,#616,#8108,.F.);
#8106=EDGE_CURVE('',#616,#570,#8109,.T.);
#8107=EDGE_CURVE('',#570,#522,#8110,.T.);
#8108=LINE('',#521,#8111);
#8109=LINE('',#615,#8112);
#8110=LINE('',#569,#8113);
#8111=VECTOR('',#8114,1.0);
#8112=VECTOR('',#8115,1.0);
#8113=VECTOR('',#8116,1.0);
#8114=DIRECTION('',(0.08393843239580231,-0.6375032037068084,0.7658616094507485));
#8115=DIRECTION('',(-0.13054078122086607,0.9914429405862176,0));
#8116=DIRECTION('',(0,0,-1));
#8117=FACE_SURFACE('',(#8122),#8118,.T.);
#8118=PLANE('',#8119);
#8119=AXIS2_PLACEMENT_3D('',#521,#8120,#8121);
#8120=DIRECTION('',(-0.991442778209331,0.13054201444961414,0));
#8121=DIRECTION('',(0,0,1));
#8122=FACE_BOUND('',#8123,.T.);
#8123=EDGE_LOOP('',(#8124,#8125,#8126));
#8124=ORIENTED_EDGE('',*,*,#8127,.T.);
#8125=ORIENTED_EDGE('',*,*,#8128,.T.);
#8126=ORIENTED_EDGE('',*,*,#8129,.T.);
#8127=EDGE_CURVE('',#522,#570,#8130,.F.);
#8128=EDGE_CURVE('',#570,#568,#8131,.T.);
#8129=EDGE_CURVE('',#568,#522,#8132,.T.);
#8130=LINE('',#521,#8133);
#8131=LINE('',#569,#8134);
#8132=LINE('',#567,#8135);
#8133=VECTOR('',#8136,1.0);
#8134=VECTOR('',#8137,1.0);
#8135=VECTOR('',#8138,1.0);
#8136=DIRECTION('',(0,0,1));
#8137=DIRECTION('',(0.08393876025243259,0.6374995668252056,-0.7658646008433606));
#8138=DIRECTION('',(-0.13054201444961414,-0.991442778209331,0));
#8139=FACE_SURFACE('',(#8144),#8140,.T.);
#8140=PLANE('',#8141);
#8141=AXIS2_PLACEMENT_3D('',#567,#8142,#8143);
#8142=DIRECTION('',(-0.991442778209331,0.13054201444961414,0));
#8143=DIRECTION('',(-0.08393876025243259,-0.6374995668252056,0.7658646008433606));
#8144=FACE_BOUND('',#8145,.T.);
#8145=EDGE_LOOP('',(#8146,#8147,#8148));
#8146=ORIENTED_EDGE('',*,*,#8149,.T.);
#8147=ORIENTED_EDGE('',*,*,#8150,.T.);
#8148=ORIENTED_EDGE('',*,*,#8151,.T.);
#8149=EDGE_CURVE('',#568,#570,#8152,.F.);
#8150=EDGE_CURVE('',#570,#572,#8153,.T.);
#8151=EDGE_CURVE('',#572,#568,#8154,.T.);
#8152=LINE('',#567,#8155);
#8153=LINE('',#569,#8156);
#8154=LINE('',#571,#8157);
#8155=VECTOR('',#8158,1.0);
#8156=VECTOR('',#8159,1.0);
#8157=VECTOR('',#8160,1.0);
#8158=DIRECTION('',(-0.08393876025243259,-0.6374995668252056,0.7658646008433606));
#8159=DIRECTION('',(0.13054201444961414,0.991442778209331,0));
#8160=DIRECTION('',(0,0,-1));
#8161=FACE_SURFACE('',(#8166),#8162,.T.);
#8162=PLANE('',#8163);
#8163=AXIS2_PLACEMENT_3D('',#567,#8164,#8165);
#8164=DIRECTION('',(-0.9238867652843354,0.38266597043955625,0));
#8165=DIRECTION('',(0,0,1));
#8166=FACE_BOUND('',#8167,.T.);
#8167=EDGE_LOOP('',(#8168,#8169,#8170));
#8168=ORIENTED_EDGE('',*,*,#8171,.T.);
#8169=ORIENTED_EDGE('',*,*,#8172,.T.);
#8170=ORIENTED_EDGE('',*,*,#8173,.T.);
#8171=EDGE_CURVE('',#568,#572,#8174,.F.);
#8172=EDGE_CURVE('',#572,#566,#8175,.T.);
#8173=EDGE_CURVE('',#566,#568,#8176,.T.);
#8174=LINE('',#567,#8177);
#8175=LINE('',#571,#8178);
#8176=LINE('',#565,#8179);
#8177=VECTOR('',#8180,1.0);
#8178=VECTOR('',#8181,1.0);
#8179=VECTOR('',#8182,1.0);
#8180=DIRECTION('',(0,0,1));
#8181=DIRECTION('',(0.2460561347280658,0.5940638153195459,-0.7658619731326712));
#8182=DIRECTION('',(-0.38266597043955625,-0.9238867652843354,0));
#8183=FACE_SURFACE('',(#8188),#8184,.T.);
#8184=PLANE('',#8185);
#8185=AXIS2_PLACEMENT_3D('',#565,#8186,#8187);
#8186=DIRECTION('',(-0.9238867652843354,0.38266597043955625,0));
#8187=DIRECTION('',(-0.2460561347280658,-0.5940638153195459,0.7658619731326712));
#8188=FACE_BOUND('',#8189,.T.);
#8189=EDGE_LOOP('',(#8190,#8191,#8192));
#8190=ORIENTED_EDGE('',*,*,#8193,.T.);
#8191=ORIENTED_EDGE('',*,*,#8194,.T.);
#8192=ORIENTED_EDGE('',*,*,#8195,.T.);
#8193=EDGE_CURVE('',#566,#572,#8196,.F.);
#8194=EDGE_CURVE('',#572,#574,#8197,.T.);
#8195=EDGE_CURVE('',#574,#566,#8198,.T.);
#8196=LINE('',#565,#8199);
#8197=LINE('',#571,#8200);
#8198=LINE('',#573,#8201);
#8199=VECTOR('',#8202,1.0);
#8200=VECTOR('',#8203,1.0);
#8201=VECTOR('',#8204,1.0);
#8202=DIRECTION('',(-0.2460561347280658,-0.5940638153195459,0.7658619731326712));
#8203=DIRECTION('',(0.38266597043955625,0.9238867652843354,0));
#8204=DIRECTION('',(0,0,-1));
#8205=FACE_SURFACE('',(#8210),#8206,.T.);
#8206=PLANE('',#8207);
#8207=AXIS2_PLACEMENT_3D('',#565,#8208,#8209);
#8208=DIRECTION('',(-0.7933517066794935,0.6087635579670773,0));
#8209=DIRECTION('',(0,0,1));
#8210=FACE_BOUND('',#8211,.T.);
#8211=EDGE_LOOP('',(#8212,#8213,#8214));
#8212=ORIENTED_EDGE('',*,*,#8215,.T.);
#8213=ORIENTED_EDGE('',*,*,#8216,.T.);
#8214=ORIENTED_EDGE('',*,*,#8217,.T.);
#8215=EDGE_CURVE('',#566,#574,#8218,.F.);
#8216=EDGE_CURVE('',#574,#564,#8219,.T.);
#8217=EDGE_CURVE('',#564,#566,#8220,.T.);
#8218=LINE('',#565,#8221);
#8219=LINE('',#573,#8222);
#8220=LINE('',#563,#8223);
#8221=VECTOR('',#8224,1.0);
#8222=VECTOR('',#8225,1.0);
#8223=VECTOR('',#8226,1.0);
#8224=DIRECTION('',(0,0,1));
#8225=DIRECTION('',(0.3914363158959588,0.5101269042934187,-0.7658643170391296));
#8226=DIRECTION('',(-0.6087635579670773,-0.7933517066794935,0));
#8227=FACE_SURFACE('',(#8232),#8228,.T.);
#8228=PLANE('',#8229);
#8229=AXIS2_PLACEMENT_3D('',#563,#8230,#8231);
#8230=DIRECTION('',(-0.7933517066794935,0.6087635579670773,0));
#8231=DIRECTION('',(-0.3914363158959588,-0.5101269042934187,0.7658643170391296));
#8232=FACE_BOUND('',#8233,.T.);
#8233=EDGE_LOOP('',(#8234,#8235,#8236));
#8234=ORIENTED_EDGE('',*,*,#8237,.T.);
#8235=ORIENTED_EDGE('',*,*,#8238,.T.);
#8236=ORIENTED_EDGE('',*,*,#8239,.T.);
#8237=EDGE_CURVE('',#564,#574,#8240,.F.);
#8238=EDGE_CURVE('',#574,#576,#8241,.T.);
#8239=EDGE_CURVE('',#576,#564,#8242,.T.);
#8240=LINE('',#563,#8243);
#8241=LINE('',#573,#8244);
#8242=LINE('',#575,#8245);
#8243=VECTOR('',#8246,1.0);
#8244=VECTOR('',#8247,1.0);
#8245=VECTOR('',#8248,1.0);
#8246=DIRECTION('',(-0.3914363158959588,-0.5101269042934187,0.7658643170391296));
#8247=DIRECTION('',(0.6087635579670773,0.7933517066794935,0));
#8248=DIRECTION('',(0,0,-1));
#8249=FACE_SURFACE('',(#8254),#8250,.T.);
#8250=PLANE('',#8251);
#8251=AXIS2_PLACEMENT_3D('',#563,#8252,#8253);
#8252=DIRECTION('',(-0.6087695552853415,0.7933471047137486,0));
#8253=DIRECTION('',(0,0,1));
#8254=FACE_BOUND('',#8255,.T.);
#8255=EDGE_LOOP('',(#8256,#8257,#8258));
#8256=ORIENTED_EDGE('',*,*,#8259,.T.);
#8257=ORIENTED_EDGE('',*,*,#8260,.T.);
#8258=ORIENTED_EDGE('',*,*,#8261,.T.);
#8259=EDGE_CURVE('',#564,#576,#8262,.F.);
#8260=EDGE_CURVE('',#576,#562,#8263,.T.);
#8261=EDGE_CURVE('',#562,#564,#8264,.T.);
#8262=LINE('',#563,#8265);
#8263=LINE('',#575,#8266);
#8264=LINE('',#561,#8267);
#8265=VECTOR('',#8268,1.0);
#8266=VECTOR('',#8269,1.0);
#8267=VECTOR('',#8270,1.0);
#8268=DIRECTION('',(0,0,1));
#8269=DIRECTION('',(0.510125680852506,0.39144150401136557,-0.7658624802613634));
#8270=DIRECTION('',(-0.7933471047137486,-0.6087695552853415,0));
#8271=FACE_SURFACE('',(#8276),#8272,.T.);
#8272=PLANE('',#8273);
#8273=AXIS2_PLACEMENT_3D('',#561,#8274,#8275);
#8274=DIRECTION('',(-0.6087695552853415,0.7933471047137486,0));
#8275=DIRECTION('',(-0.510125680852506,-0.39144150401136557,0.7658624802613634));
#8276=FACE_BOUND('',#8277,.T.);
#8277=EDGE_LOOP('',(#8278,#8279,#8280));
#8278=ORIENTED_EDGE('',*,*,#8281,.T.);
#8279=ORIENTED_EDGE('',*,*,#8282,.T.);
#8280=ORIENTED_EDGE('',*,*,#8283,.T.);
#8281=EDGE_CURVE('',#562,#576,#8284,.F.);
#8282=EDGE_CURVE('',#576,#578,#8285,.T.);
#8283=EDGE_CURVE('',#578,#562,#8286,.T.);
#8284=LINE('',#561,#8287);
#8285=LINE('',#575,#8288);
#8286=LINE('',#577,#8289);
#8287=VECTOR('',#8290,1.0);
#8288=VECTOR('',#8291,1.0);
#8289=VECTOR('',#8292,1.0);
#8290=DIRECTION('',(-0.510125680852506,-0.39144150401136557,0.7658624802613634));
#8291=DIRECTION('',(0.7933471047137486,0.6087695552853415,0));
#8292=DIRECTION('',(0,0,-1));
#8293=FACE_SURFACE('',(#8298),#8294,.T.);
#8294=PLANE('',#8295);
#8295=AXIS2_PLACEMENT_3D('',#561,#8296,#8297);
#8296=DIRECTION('',(-0.38270384563397514,0.9238710767942496,0));
#8297=DIRECTION('',(0,0,1));
#8298=FACE_BOUND('',#8299,.T.);
#8299=EDGE_LOOP('',(#8300,#8301,#8302));
#8300=ORIENTED_EDGE('',*,*,#8303,.T.);
#8301=ORIENTED_EDGE('',*,*,#8304,.T.);
#8302=ORIENTED_EDGE('',*,*,#8305,.T.);
#8303=EDGE_CURVE('',#562,#578,#8306,.F.);
#8304=EDGE_CURVE('',#578,#560,#8307,.T.);
#8305=EDGE_CURVE('',#560,#562,#8308,.T.);
#8306=LINE('',#561,#8309);
#8307=LINE('',#577,#8310);
#8308=LINE('',#559,#8311);
#8309=VECTOR('',#8312,1.0);
#8310=VECTOR('',#8313,1.0);
#8311=VECTOR('',#8314,1.0);
#8312=DIRECTION('',(0,0,1));
#8313=DIRECTION('',(0.5940452695560672,0.24607698503631012,-0.7658696593765151));
#8314=DIRECTION('',(-0.9238710767942496,-0.38270384563397514,0));
#8315=FACE_SURFACE('',(#8320),#8316,.T.);
#8316=PLANE('',#8317);
#8317=AXIS2_PLACEMENT_3D('',#559,#8318,#8319);
#8318=DIRECTION('',(-0.38270384563397514,0.9238710767942496,0));
#8319=DIRECTION('',(-0.5940452695560672,-0.24607698503631012,0.7658696593765151));
#8320=FACE_BOUND('',#8321,.T.);
#8321=EDGE_LOOP('',(#8322,#8323,#8324));
#8322=ORIENTED_EDGE('',*,*,#8325,.T.);
#8323=ORIENTED_EDGE('',*,*,#8326,.T.);
#8324=ORIENTED_EDGE('',*,*,#8327,.T.);
#8325=EDGE_CURVE('',#560,#578,#8328,.F.);
#8326=EDGE_CURVE('',#578,#580,#8329,.T.);
#8327=EDGE_CURVE('',#580,#560,#8330,.T.);
#8328=LINE('',#559,#8331);
#8329=LINE('',#577,#8332);
#8330=LINE('',#579,#8333);
#8331=VECTOR('',#8334,1.0);
#8332=VECTOR('',#8335,1.0);
#8333=VECTOR('',#8336,1.0);
#8334=DIRECTION('',(-0.5940452695560672,-0.24607698503631012,0.7658696593765151));
#8335=DIRECTION('',(0.9238710767942496,0.38270384563397514,0));
#8336=DIRECTION('',(0,0,-1));
#8337=FACE_SURFACE('',(#8342),#8338,.T.);
#8338=PLANE('',#8339);
#8339=AXIS2_PLACEMENT_3D('',#559,#8340,#8341);
#8340=DIRECTION('',(-0.13051465098925558,0.991446380737331,0));
#8341=DIRECTION('',(0,0,1));
#8342=FACE_BOUND('',#8343,.T.);
#8343=EDGE_LOOP('',(#8344,#8345,#8346));
#8344=ORIENTED_EDGE('',*,*,#8347,.T.);
#8345=ORIENTED_EDGE('',*,*,#8348,.T.);
#8346=ORIENTED_EDGE('',*,*,#8349,.T.);
#8347=EDGE_CURVE('',#560,#580,#8350,.F.);
#8348=EDGE_CURVE('',#580,#558,#8351,.T.);
#8349=EDGE_CURVE('',#558,#560,#8352,.T.);
#8350=LINE('',#559,#8353);
#8351=LINE('',#579,#8354);
#8352=LINE('',#557,#8355);
#8353=VECTOR('',#8356,1.0);
#8354=VECTOR('',#8357,1.0);
#8355=VECTOR('',#8358,1.0);
#8356=DIRECTION('',(0,0,1));
#8357=DIRECTION('',(0.6375256797589117,0.08392429808311194,-0.7658444488531562));
#8358=DIRECTION('',(-0.991446380737331,-0.13051465098925558,0));
#8359=FACE_SURFACE('',(#8364),#8360,.T.);
#8360=PLANE('',#8361);
#8361=AXIS2_PLACEMENT_3D('',#557,#8362,#8363);
#8362=DIRECTION('',(-0.13051465098925558,0.991446380737331,0));
#8363=DIRECTION('',(-0.6375256797589117,-0.08392429808311194,0.7658444488531562));
#8364=FACE_BOUND('',#8365,.T.);
#8365=EDGE_LOOP('',(#8366,#8367,#8368));
#8366=ORIENTED_EDGE('',*,*,#8369,.T.);
#8367=ORIENTED_EDGE('',*,*,#8370,.T.);
#8368=ORIENTED_EDGE('',*,*,#8371,.T.);
#8369=EDGE_CURVE('',#558,#580,#8372,.F.);
#8370=EDGE_CURVE('',#580,#582,#8373,.T.);
#8371=EDGE_CURVE('',#582,#558,#8374,.T.);
#8372=LINE('',#557,#8375);
#8373=LINE('',#579,#8376);
#8374=LINE('',#581,#8377);
#8375=VECTOR('',#8378,1.0);
#8376=VECTOR('',#8379,1.0);
#8377=VECTOR('',#8380,1.0);
#8378=DIRECTION('',(-0.6375256797589117,-0.08392429808311194,0.7658444488531562));
#8379=DIRECTION('',(0.991446380737331,0.13051465098925558,0));
#8380=DIRECTION('',(0,0,-1));
#8381=FACE_SURFACE('',(#8386),#8382,.T.);
#8382=PLANE('',#8383);
#8383=AXIS2_PLACEMENT_3D('',#557,#8384,#8385);
#8384=DIRECTION('',(0.1305245149906953,0.9914450821838008,-0));
#8385=DIRECTION('',(0,0,1));
#8386=FACE_BOUND('',#8387,.T.);
#8387=EDGE_LOOP('',(#8388,#8389,#8390));
#8388=ORIENTED_EDGE('',*,*,#8391,.T.);
#8389=ORIENTED_EDGE('',*,*,#8392,.T.);
#8390=ORIENTED_EDGE('',*,*,#8393,.T.);
#8391=EDGE_CURVE('',#558,#582,#8394,.F.);
#8392=EDGE_CURVE('',#582,#556,#8395,.T.);
#8393=EDGE_CURVE('',#556,#558,#8396,.T.);
#8394=LINE('',#557,#8397);
#8395=LINE('',#581,#8398);
#8396=LINE('',#555,#8399);
#8397=VECTOR('',#8400,1.0);
#8398=VECTOR('',#8401,1.0);
#8399=VECTOR('',#8402,1.0);
#8400=DIRECTION('',(0,0,1));
#8401=DIRECTION('',(0.6374965855694684,-0.08392692054752995,-0.7658683799418005));
#8402=DIRECTION('',(-0.9914450821838008,0.1305245149906953,0));
#8403=FACE_SURFACE('',(#8408),#8404,.T.);
#8404=PLANE('',#8405);
#8405=AXIS2_PLACEMENT_3D('',#555,#8406,#8407);
#8406=DIRECTION('',(0.1305245149906953,0.9914450821838008,-0));
#8407=DIRECTION('',(-0.6374965855694684,0.08392692054752995,0.7658683799418005));
#8408=FACE_BOUND('',#8409,.T.);
#8409=EDGE_LOOP('',(#8410,#8411,#8412));
#8410=ORIENTED_EDGE('',*,*,#8413,.T.);
#8411=ORIENTED_EDGE('',*,*,#8414,.T.);
#8412=ORIENTED_EDGE('',*,*,#8415,.T.);
#8413=EDGE_CURVE('',#556,#582,#8416,.F.);
#8414=EDGE_CURVE('',#582,#584,#8417,.T.);
#8415=EDGE_CURVE('',#584,#556,#8418,.T.);
#8416=LINE('',#555,#8419);
#8417=LINE('',#581,#8420);
#8418=LINE('',#583,#8421);
#8419=VECTOR('',#8422,1.0);
#8420=VECTOR('',#8423,1.0);
#8421=VECTOR('',#8424,1.0);
#8422=DIRECTION('',(-0.6374965855694684,0.08392692054752995,0.7658683799418005));
#8423=DIRECTION('',(0.9914450821838008,-0.1305245149906953,0));
#8424=DIRECTION('',(0,0,-1));
#8425=FACE_SURFACE('',(#8430),#8426,.T.);
#8426=PLANE('',#8427);
#8427=AXIS2_PLACEMENT_3D('',#555,#8428,#8429);
#8428=DIRECTION('',(0.3826903697615946,0.9238766589170515,-0));
#8429=DIRECTION('',(0,0,1));
#8430=FACE_BOUND('',#8431,.T.);
#8431=EDGE_LOOP('',(#8432,#8433,#8434));
#8432=ORIENTED_EDGE('',*,*,#8435,.T.);
#8433=ORIENTED_EDGE('',*,*,#8436,.T.);
#8434=ORIENTED_EDGE('',*,*,#8437,.T.);
#8435=EDGE_CURVE('',#556,#584,#8438,.F.);
#8436=EDGE_CURVE('',#584,#554,#8439,.T.);
#8437=EDGE_CURVE('',#554,#556,#8440,.T.);
#8438=LINE('',#555,#8441);
#8439=LINE('',#583,#8442);
#8440=LINE('',#553,#8443);
#8441=VECTOR('',#8444,1.0);
#8442=VECTOR('',#8445,1.0);
#8443=VECTOR('',#8446,1.0);
#8444=DIRECTION('',(0,0,1));
#8445=DIRECTION('',(0.5940611284763749,-0.2460734024648906,-0.7658585092774826));
#8446=DIRECTION('',(-0.9238766589170515,0.3826903697615946,0));
#8447=FACE_SURFACE('',(#8452),#8448,.T.);
#8448=PLANE('',#8449);
#8449=AXIS2_PLACEMENT_3D('',#553,#8450,#8451);
#8450=DIRECTION('',(0.3826903697615946,0.9238766589170515,-0));
#8451=DIRECTION('',(-0.5940611284763749,0.2460734024648906,0.7658585092774826));
#8452=FACE_BOUND('',#8453,.T.);
#8453=EDGE_LOOP('',(#8454,#8455,#8456));
#8454=ORIENTED_EDGE('',*,*,#8457,.T.);
#8455=ORIENTED_EDGE('',*,*,#8458,.T.);
#8456=ORIENTED_EDGE('',*,*,#8459,.T.);
#8457=EDGE_CURVE('',#554,#584,#8460,.F.);
#8458=EDGE_CURVE('',#584,#586,#8461,.T.);
#8459=EDGE_CURVE('',#586,#554,#8462,.T.);
#8460=LINE('',#553,#8463);
#8461=LINE('',#583,#8464);
#8462=LINE('',#585,#8465);
#8463=VECTOR('',#8466,1.0);
#8464=VECTOR('',#8467,1.0);
#8465=VECTOR('',#8468,1.0);
#8466=DIRECTION('',(-0.5940611284763749,0.2460734024648906,0.7658585092774826));
#8467=DIRECTION('',(0.9238766589170515,-0.3826903697615946,0));
#8468=DIRECTION('',(0,0,-1));
#8469=FACE_SURFACE('',(#8474),#8470,.T.);
#8470=PLANE('',#8471);
#8471=AXIS2_PLACEMENT_3D('',#553,#8472,#8473);
#8472=DIRECTION('',(0.6087695552853415,0.7933471047137486,-0));
#8473=DIRECTION('',(0,0,1));
#8474=FACE_BOUND('',#8475,.T.);
#8475=EDGE_LOOP('',(#8476,#8477,#8478));
#8476=ORIENTED_EDGE('',*,*,#8479,.T.);
#8477=ORIENTED_EDGE('',*,*,#8480,.T.);
#8478=ORIENTED_EDGE('',*,*,#8481,.T.);
#8479=EDGE_CURVE('',#554,#586,#8482,.F.);
#8480=EDGE_CURVE('',#586,#552,#8483,.T.);
#8481=EDGE_CURVE('',#552,#554,#8484,.T.);
#8482=LINE('',#553,#8485);
#8483=LINE('',#585,#8486);
#8484=LINE('',#551,#8487);
#8485=VECTOR('',#8488,1.0);
#8486=VECTOR('',#8489,1.0);
#8487=VECTOR('',#8490,1.0);
#8488=DIRECTION('',(0,0,1));
#8489=DIRECTION('',(0.510125680852506,-0.39144150401136557,-0.7658624802613634));
#8490=DIRECTION('',(-0.7933471047137486,0.6087695552853415,0));
#8491=FACE_SURFACE('',(#8496),#8492,.T.);
#8492=PLANE('',#8493);
#8493=AXIS2_PLACEMENT_3D('',#551,#8494,#8495);
#8494=DIRECTION('',(0.6087695552853415,0.7933471047137486,-0));
#8495=DIRECTION('',(-0.510125680852506,0.39144150401136557,0.7658624802613634));
#8496=FACE_BOUND('',#8497,.T.);
#8497=EDGE_LOOP('',(#8498,#8499,#8500));
#8498=ORIENTED_EDGE('',*,*,#8501,.T.);
#8499=ORIENTED_EDGE('',*,*,#8502,.T.);
#8500=ORIENTED_EDGE('',*,*,#8503,.T.);
#8501=EDGE_CURVE('',#552,#586,#8504,.F.);
#8502=EDGE_CURVE('',#586,#588,#8505,.T.);
#8503=EDGE_CURVE('',#588,#552,#8506,.T.);
#8504=LINE('',#551,#8507);
#8505=LINE('',#585,#8508);
#8506=LINE('',#587,#8509);
#8507=VECTOR('',#8510,1.0);
#8508=VECTOR('',#8511,1.0);
#8509=VECTOR('',#8512,1.0);
#8510=DIRECTION('',(-0.510125680852506,0.39144150401136557,0.7658624802613634));
#8511=DIRECTION('',(0.7933471047137486,-0.6087695552853415,0));
#8512=DIRECTION('',(0,0,-1));
#8513=FACE_SURFACE('',(#8518),#8514,.T.);
#8514=PLANE('',#8515);
#8515=AXIS2_PLACEMENT_3D('',#551,#8516,#8517);
#8516=DIRECTION('',(0.7933517066794935,0.6087635579670773,-0));
#8517=DIRECTION('',(0,0,1));
#8518=FACE_BOUND('',#8519,.T.);
#8519=EDGE_LOOP('',(#8520,#8521,#8522));
#8520=ORIENTED_EDGE('',*,*,#8523,.T.);
#8521=ORIENTED_EDGE('',*,*,#8524,.T.);
#8522=ORIENTED_EDGE('',*,*,#8525,.T.);
#8523=EDGE_CURVE('',#552,#588,#8526,.F.);
#8524=EDGE_CURVE('',#588,#550,#8527,.T.);
#8525=EDGE_CURVE('',#550,#552,#8528,.T.);
#8526=LINE('',#551,#8529);
#8527=LINE('',#587,#8530);
#8528=LINE('',#549,#8531);
#8529=VECTOR('',#8532,1.0);
#8530=VECTOR('',#8533,1.0);
#8531=VECTOR('',#8534,1.0);
#8532=DIRECTION('',(0,0,1));
#8533=DIRECTION('',(0.3914363158959588,-0.5101269042934187,-0.7658643170391296));
#8534=DIRECTION('',(-0.6087635579670773,0.7933517066794935,0));
#8535=FACE_SURFACE('',(#8540),#8536,.T.);
#8536=PLANE('',#8537);
#8537=AXIS2_PLACEMENT_3D('',#549,#8538,#8539);
#8538=DIRECTION('',(0.7933517066794935,0.6087635579670773,-0));
#8539=DIRECTION('',(-0.3914363158959588,0.5101269042934187,0.7658643170391296));
#8540=FACE_BOUND('',#8541,.T.);
#8541=EDGE_LOOP('',(#8542,#8543,#8544));
#8542=ORIENTED_EDGE('',*,*,#8545,.T.);
#8543=ORIENTED_EDGE('',*,*,#8546,.T.);
#8544=ORIENTED_EDGE('',*,*,#8547,.T.);
#8545=EDGE_CURVE('',#550,#588,#8548,.F.);
#8546=EDGE_CURVE('',#588,#590,#8549,.T.);
#8547=EDGE_CURVE('',#590,#550,#8550,.T.);
#8548=LINE('',#549,#8551);
#8549=LINE('',#587,#8552);
#8550=LINE('',#589,#8553);
#8551=VECTOR('',#8554,1.0);
#8552=VECTOR('',#8555,1.0);
#8553=VECTOR('',#8556,1.0);
#8554=DIRECTION('',(-0.3914363158959588,0.5101269042934187,0.7658643170391296));
#8555=DIRECTION('',(0.6087635579670773,-0.7933517066794935,0));
#8556=DIRECTION('',(0,0,-1));
#8557=FACE_SURFACE('',(#8562),#8558,.T.);
#8558=PLANE('',#8559);
#8559=AXIS2_PLACEMENT_3D('',#549,#8560,#8561);
#8560=DIRECTION('',(0.9238867652843354,0.38266597043955625,-0));
#8561=DIRECTION('',(0,0,1));
#8562=FACE_BOUND('',#8563,.T.);
#8563=EDGE_LOOP('',(#8564,#8565,#8566));
#8564=ORIENTED_EDGE('',*,*,#8567,.T.);
#8565=ORIENTED_EDGE('',*,*,#8568,.T.);
#8566=ORIENTED_EDGE('',*,*,#8569,.T.);
#8567=EDGE_CURVE('',#550,#590,#8570,.F.);
#8568=EDGE_CURVE('',#590,#548,#8571,.T.);
#8569=EDGE_CURVE('',#548,#550,#8572,.T.);
#8570=LINE('',#549,#8573);
#8571=LINE('',#589,#8574);
#8572=LINE('',#547,#8575);
#8573=VECTOR('',#8576,1.0);
#8574=VECTOR('',#8577,1.0);
#8575=VECTOR('',#8578,1.0);
#8576=DIRECTION('',(0,0,1));
#8577=DIRECTION('',(0.2460561347280658,-0.5940638153195459,-0.7658619731326712));
#8578=DIRECTION('',(-0.38266597043955625,0.9238867652843354,0));
#8579=FACE_SURFACE('',(#8584),#8580,.T.);
#8580=PLANE('',#8581);
#8581=AXIS2_PLACEMENT_3D('',#547,#8582,#8583);
#8582=DIRECTION('',(0.9238867652843354,0.38266597043955625,-0));
#8583=DIRECTION('',(-0.2460561347280658,0.5940638153195459,0.7658619731326712));
#8584=FACE_BOUND('',#8585,.T.);
#8585=EDGE_LOOP('',(#8586,#8587,#8588));
#8586=ORIENTED_EDGE('',*,*,#8589,.T.);
#8587=ORIENTED_EDGE('',*,*,#8590,.T.);
#8588=ORIENTED_EDGE('',*,*,#8591,.T.);
#8589=EDGE_CURVE('',#548,#590,#8592,.F.);
#8590=EDGE_CURVE('',#590,#592,#8593,.T.);
#8591=EDGE_CURVE('',#592,#548,#8594,.T.);
#8592=LINE('',#547,#8595);
#8593=LINE('',#589,#8596);
#8594=LINE('',#591,#8597);
#8595=VECTOR('',#8598,1.0);
#8596=VECTOR('',#8599,1.0);
#8597=VECTOR('',#8600,1.0);
#8598=DIRECTION('',(-0.2460561347280658,0.5940638153195459,0.7658619731326712));
#8599=DIRECTION('',(0.38266597043955625,-0.9238867652843354,0));
#8600=DIRECTION('',(0,0,-1));
#8601=FACE_SURFACE('',(#8606),#8602,.T.);
#8602=PLANE('',#8603);
#8603=AXIS2_PLACEMENT_3D('',#547,#8604,#8605);
#8604=DIRECTION('',(0.991442778209331,0.13054201444961414,-0));
#8605=DIRECTION('',(0,0,1));
#8606=FACE_BOUND('',#8607,.T.);
#8607=EDGE_LOOP('',(#8608,#8609,#8610));
#8608=ORIENTED_EDGE('',*,*,#8611,.T.);
#8609=ORIENTED_EDGE('',*,*,#8612,.T.);
#8610=ORIENTED_EDGE('',*,*,#8613,.T.);
#8611=EDGE_CURVE('',#548,#592,#8614,.F.);
#8612=EDGE_CURVE('',#592,#546,#8615,.T.);
#8613=EDGE_CURVE('',#546,#548,#8616,.T.);
#8614=LINE('',#547,#8617);
#8615=LINE('',#591,#8618);
#8616=LINE('',#545,#8619);
#8617=VECTOR('',#8620,1.0);
#8618=VECTOR('',#8621,1.0);
#8619=VECTOR('',#8622,1.0);
#8620=DIRECTION('',(0,0,1));
#8621=DIRECTION('',(0.08393876025243259,-0.6374995668252056,-0.7658646008433606));
#8622=DIRECTION('',(-0.13054201444961414,0.991442778209331,0));
#8623=FACE_SURFACE('',(#8628),#8624,.T.);
#8624=PLANE('',#8625);
#8625=AXIS2_PLACEMENT_3D('',#545,#8626,#8627);
#8626=DIRECTION('',(0.991442778209331,0.13054201444961414,-0));
#8627=DIRECTION('',(-0.08393876025243259,0.6374995668252056,0.7658646008433606));
#8628=FACE_BOUND('',#8629,.T.);
#8629=EDGE_LOOP('',(#8630,#8631,#8632));
#8630=ORIENTED_EDGE('',*,*,#8633,.T.);
#8631=ORIENTED_EDGE('',*,*,#8634,.T.);
#8632=ORIENTED_EDGE('',*,*,#8635,.T.);
#8633=EDGE_CURVE('',#546,#592,#8636,.F.);
#8634=EDGE_CURVE('',#592,#594,#8637,.T.);
#8635=EDGE_CURVE('',#594,#546,#8638,.T.);
#8636=LINE('',#545,#8639);
#8637=LINE('',#591,#8640);
#8638=LINE('',#593,#8641);
#8639=VECTOR('',#8642,1.0);
#8640=VECTOR('',#8643,1.0);
#8641=VECTOR('',#8644,1.0);
#8642=DIRECTION('',(-0.08393876025243259,0.6374995668252056,0.7658646008433606));
#8643=DIRECTION('',(0.13054201444961414,-0.991442778209331,0));
#8644=DIRECTION('',(0,0,-1));
#8645=FACE_SURFACE('',(#8650),#8646,.T.);
#8646=PLANE('',#8647);
#8647=AXIS2_PLACEMENT_3D('',#545,#8648,#8649);
#8648=DIRECTION('',(0.9914429405862176,-0.13054078122086607,0));
#8649=DIRECTION('',(0,0,1));
#8650=FACE_BOUND('',#8651,.T.);
#8651=EDGE_LOOP('',(#8652,#8653,#8654));
#8652=ORIENTED_EDGE('',*,*,#8655,.T.);
#8653=ORIENTED_EDGE('',*,*,#8656,.T.);
#8654=ORIENTED_EDGE('',*,*,#8657,.T.);
#8655=EDGE_CURVE('',#546,#594,#8658,.F.);
#8656=EDGE_CURVE('',#594,#544,#8659,.T.);
#8657=EDGE_CURVE('',#544,#546,#8660,.T.);
#8658=LINE('',#545,#8661);
#8659=LINE('',#593,#8662);
#8660=LINE('',#543,#8663);
#8661=VECTOR('',#8664,1.0);
#8662=VECTOR('',#8665,1.0);
#8663=VECTOR('',#8666,1.0);
#8664=DIRECTION('',(0,0,1));
#8665=DIRECTION('',(-0.08393843239580231,-0.6375032037068084,-0.7658616094507485));
#8666=DIRECTION('',(0.13054078122086607,0.9914429405862176,0));
#8667=FACE_SURFACE('',(#8672),#8668,.T.);
#8668=PLANE('',#8669);
#8669=AXIS2_PLACEMENT_3D('',#543,#8670,#8671);
#8670=DIRECTION('',(0.9914429405862176,-0.13054078122086607,0));
#8671=DIRECTION('',(0.08393843239580231,0.6375032037068084,0.7658616094507485));
#8672=FACE_BOUND('',#8673,.T.);
#8673=EDGE_LOOP('',(#8674,#8675,#8676));
#8674=ORIENTED_EDGE('',*,*,#8677,.T.);
#8675=ORIENTED_EDGE('',*,*,#8678,.T.);
#8676=ORIENTED_EDGE('',*,*,#8679,.T.);
#8677=EDGE_CURVE('',#544,#594,#8680,.F.);
#8678=EDGE_CURVE('',#594,#596,#8681,.T.);
#8679=EDGE_CURVE('',#596,#544,#8682,.T.);
#8680=LINE('',#543,#8683);
#8681=LINE('',#593,#8684);
#8682=LINE('',#595,#8685);
#8683=VECTOR('',#8686,1.0);
#8684=VECTOR('',#8687,1.0);
#8685=VECTOR('',#8688,1.0);
#8686=DIRECTION('',(0.08393843239580231,0.6375032037068084,0.7658616094507485));
#8687=DIRECTION('',(-0.13054078122086607,-0.9914429405862176,0));
#8688=DIRECTION('',(0,0,-1));
#8689=FACE_SURFACE('',(#8694),#8690,.T.);
#8690=PLANE('',#8691);
#8691=AXIS2_PLACEMENT_3D('',#543,#8692,#8693);
#8692=DIRECTION('',(0.9238853699715919,-0.38266933918522245,0));
#8693=DIRECTION('',(0,0,1));
#8694=FACE_BOUND('',#8695,.T.);
#8695=EDGE_LOOP('',(#8696,#8697,#8698));
#8696=ORIENTED_EDGE('',*,*,#8699,.T.);
#8697=ORIENTED_EDGE('',*,*,#8700,.T.);
#8698=ORIENTED_EDGE('',*,*,#8701,.T.);
#8699=EDGE_CURVE('',#544,#596,#8702,.F.);
#8700=EDGE_CURVE('',#596,#542,#8703,.T.);
#8701=EDGE_CURVE('',#542,#544,#8704,.T.);
#8702=LINE('',#543,#8705);
#8703=LINE('',#595,#8706);
#8704=LINE('',#541,#8707);
#8705=VECTOR('',#8708,1.0);
#8706=VECTOR('',#8709,1.0);
#8707=VECTOR('',#8710,1.0);
#8708=DIRECTION('',(0,0,1));
#8709=DIRECTION('',(-0.24605703031535847,-0.5940598506560332,-0.7658647606927206));
#8710=DIRECTION('',(0.38266933918522245,0.9238853699715919,0));
#8711=FACE_SURFACE('',(#8716),#8712,.T.);
#8712=PLANE('',#8713);
#8713=AXIS2_PLACEMENT_3D('',#541,#8714,#8715);
#8714=DIRECTION('',(0.9238853699715919,-0.38266933918522245,0));
#8715=DIRECTION('',(0.24605703031535847,0.5940598506560332,0.7658647606927206));
#8716=FACE_BOUND('',#8717,.T.);
#8717=EDGE_LOOP('',(#8718,#8719,#8720));
#8718=ORIENTED_EDGE('',*,*,#8721,.T.);
#8719=ORIENTED_EDGE('',*,*,#8722,.T.);
#8720=ORIENTED_EDGE('',*,*,#8723,.T.);
#8721=EDGE_CURVE('',#542,#596,#8724,.F.);
#8722=EDGE_CURVE('',#596,#598,#8725,.T.);
#8723=EDGE_CURVE('',#598,#542,#8726,.T.);
#8724=LINE('',#541,#8727);
#8725=LINE('',#595,#8728);
#8726=LINE('',#597,#8729);
#8727=VECTOR('',#8730,1.0);
#8728=VECTOR('',#8731,1.0);
#8729=VECTOR('',#8732,1.0);
#8730=DIRECTION('',(0.24605703031535847,0.5940598506560332,0.7658647606927206));
#8731=DIRECTION('',(-0.38266933918522245,-0.9238853699715919,0));
#8732=DIRECTION('',(0,0,-1));
#8733=FACE_SURFACE('',(#8738),#8734,.T.);
#8734=PLANE('',#8735);
#8735=AXIS2_PLACEMENT_3D('',#541,#8736,#8737);
#8736=DIRECTION('',(0.7933517066794935,-0.6087635579670773,0));
#8737=DIRECTION('',(0,0,1));
#8738=FACE_BOUND('',#8739,.T.);
#8739=EDGE_LOOP('',(#8740,#8741,#8742));
#8740=ORIENTED_EDGE('',*,*,#8743,.T.);
#8741=ORIENTED_EDGE('',*,*,#8744,.T.);
#8742=ORIENTED_EDGE('',*,*,#8745,.T.);
#8743=EDGE_CURVE('',#542,#598,#8746,.F.);
#8744=EDGE_CURVE('',#598,#540,#8747,.T.);
#8745=EDGE_CURVE('',#540,#542,#8748,.T.);
#8746=LINE('',#541,#8749);
#8747=LINE('',#597,#8750);
#8748=LINE('',#539,#8751);
#8749=VECTOR('',#8752,1.0);
#8750=VECTOR('',#8753,1.0);
#8751=VECTOR('',#8754,1.0);
#8752=DIRECTION('',(0,0,1));
#8753=DIRECTION('',(-0.3914363158959588,-0.5101269042934187,-0.7658643170391296));
#8754=DIRECTION('',(0.6087635579670773,0.7933517066794935,0));
#8755=FACE_SURFACE('',(#8760),#8756,.T.);
#8756=PLANE('',#8757);
#8757=AXIS2_PLACEMENT_3D('',#539,#8758,#8759);
#8758=DIRECTION('',(0.7933517066794935,-0.6087635579670773,0));
#8759=DIRECTION('',(0.3914363158959588,0.5101269042934187,0.7658643170391296));
#8760=FACE_BOUND('',#8761,.T.);
#8761=EDGE_LOOP('',(#8762,#8763,#8764));
#8762=ORIENTED_EDGE('',*,*,#8765,.T.);
#8763=ORIENTED_EDGE('',*,*,#8766,.T.);
#8764=ORIENTED_EDGE('',*,*,#8767,.T.);
#8765=EDGE_CURVE('',#540,#598,#8768,.F.);
#8766=EDGE_CURVE('',#598,#600,#8769,.T.);
#8767=EDGE_CURVE('',#600,#540,#8770,.T.);
#8768=LINE('',#539,#8771);
#8769=LINE('',#597,#8772);
#8770=LINE('',#599,#8773);
#8771=VECTOR('',#8774,1.0);
#8772=VECTOR('',#8775,1.0);
#8773=VECTOR('',#8776,1.0);
#8774=DIRECTION('',(0.3914363158959588,0.5101269042934187,0.7658643170391296));
#8775=DIRECTION('',(-0.6087635579670773,-0.7933517066794935,0));
#8776=DIRECTION('',(0,0,-1));
#8777=FACE_SURFACE('',(#8782),#8778,.T.);
#8778=PLANE('',#8779);
#8779=AXIS2_PLACEMENT_3D('',#539,#8780,#8781);
#8780=DIRECTION('',(0.6087755524992146,-0.793342502756077,0));
#8781=DIRECTION('',(0,0,1));
#8782=FACE_BOUND('',#8783,.T.);
#8783=EDGE_LOOP('',(#8784,#8785,#8786));
#8784=ORIENTED_EDGE('',*,*,#8787,.T.);
#8785=ORIENTED_EDGE('',*,*,#8788,.T.);
#8786=ORIENTED_EDGE('',*,*,#8789,.T.);
#8787=EDGE_CURVE('',#540,#600,#8790,.F.);
#8788=EDGE_CURVE('',#600,#538,#8791,.T.);
#8789=EDGE_CURVE('',#538,#540,#8792,.T.);
#8790=LINE('',#539,#8793);
#8791=LINE('',#599,#8794);
#8792=LINE('',#537,#8795);
#8793=VECTOR('',#8796,1.0);
#8794=VECTOR('',#8797,1.0);
#8795=VECTOR('',#8798,1.0);
#8796=DIRECTION('',(0,0,1));
#8797=DIRECTION('',(-0.510124457401239,-0.39144669208941163,-0.7658606434680849));
#8798=DIRECTION('',(0.793342502756077,0.6087755524992146,0));
#8799=FACE_SURFACE('',(#8804),#8800,.T.);
#8800=PLANE('',#8801);
#8801=AXIS2_PLACEMENT_3D('',#537,#8802,#8803);
#8802=DIRECTION('',(0.6087755524992146,-0.793342502756077,0));
#8803=DIRECTION('',(0.510124457401239,0.39144669208941163,0.7658606434680849));
#8804=FACE_BOUND('',#8805,.T.);
#8805=EDGE_LOOP('',(#8806,#8807,#8808));
#8806=ORIENTED_EDGE('',*,*,#8809,.T.);
#8807=ORIENTED_EDGE('',*,*,#8810,.T.);
#8808=ORIENTED_EDGE('',*,*,#8811,.T.);
#8809=EDGE_CURVE('',#538,#600,#8812,.F.);
#8810=EDGE_CURVE('',#600,#602,#8813,.T.);
#8811=EDGE_CURVE('',#602,#538,#8814,.T.);
#8812=LINE('',#537,#8815);
#8813=LINE('',#599,#8816);
#8814=LINE('',#601,#8817);
#8815=VECTOR('',#8818,1.0);
#8816=VECTOR('',#8819,1.0);
#8817=VECTOR('',#8820,1.0);
#8818=DIRECTION('',(0.510124457401239,0.39144669208941163,0.7658606434680849));
#8819=DIRECTION('',(-0.793342502756077,-0.6087755524992146,0));
#8820=DIRECTION('',(0,0,-1));
#8821=FACE_SURFACE('',(#8826),#8822,.T.);
#8822=PLANE('',#8823);
#8823=AXIS2_PLACEMENT_3D('',#537,#8824,#8825);
#8824=DIRECTION('',(0.38266597043954426,-0.9238867652843404,0));
#8825=DIRECTION('',(0,0,1));
#8826=FACE_BOUND('',#8827,.T.);
#8827=EDGE_LOOP('',(#8828,#8829,#8830));
#8828=ORIENTED_EDGE('',*,*,#8831,.T.);
#8829=ORIENTED_EDGE('',*,*,#8832,.T.);
#8830=ORIENTED_EDGE('',*,*,#8833,.T.);
#8831=EDGE_CURVE('',#538,#602,#8834,.F.);
#8832=EDGE_CURVE('',#602,#536,#8835,.T.);
#8833=EDGE_CURVE('',#536,#538,#8836,.T.);
#8834=LINE('',#537,#8837);
#8835=LINE('',#601,#8838);
#8836=LINE('',#535,#8839);
#8837=VECTOR('',#8840,1.0);
#8838=VECTOR('',#8841,1.0);
#8839=VECTOR('',#8842,1.0);
#8840=DIRECTION('',(0,0,1));
#8841=DIRECTION('',(-0.59406381531956,-0.24605613472806262,-0.7658619731326614));
#8842=DIRECTION('',(0.9238867652843404,0.38266597043954426,0));
#8843=FACE_SURFACE('',(#8848),#8844,.T.);
#8844=PLANE('',#8845);
#8845=AXIS2_PLACEMENT_3D('',#535,#8846,#8847);
#8846=DIRECTION('',(0.38266597043954426,-0.9238867652843404,0));
#8847=DIRECTION('',(0.59406381531956,0.24605613472806262,0.7658619731326614));
#8848=FACE_BOUND('',#8849,.T.);
#8849=EDGE_LOOP('',(#8850,#8851,#8852));
#8850=ORIENTED_EDGE('',*,*,#8853,.T.);
#8851=ORIENTED_EDGE('',*,*,#8854,.T.);
#8852=ORIENTED_EDGE('',*,*,#8855,.T.);
#8853=EDGE_CURVE('',#536,#602,#8856,.F.);
#8854=EDGE_CURVE('',#602,#604,#8857,.T.);
#8855=EDGE_CURVE('',#604,#536,#8858,.T.);
#8856=LINE('',#535,#8859);
#8857=LINE('',#601,#8860);
#8858=LINE('',#603,#8861);
#8859=VECTOR('',#8862,1.0);
#8860=VECTOR('',#8863,1.0);
#8861=VECTOR('',#8864,1.0);
#8862=DIRECTION('',(0.59406381531956,0.24605613472806262,0.7658619731326614));
#8863=DIRECTION('',(-0.9238867652843404,-0.38266597043954426,0));
#8864=DIRECTION('',(0,0,-1));
#8865=FACE_SURFACE('',(#8870),#8866,.T.);
#8866=PLANE('',#8867);
#8867=AXIS2_PLACEMENT_3D('',#535,#8868,#8869);
#8868=DIRECTION('',(0.1305245149907286,-0.9914450821837965,0));
#8869=DIRECTION('',(0,0,1));
#8870=FACE_BOUND('',#8871,.T.);
#8871=EDGE_LOOP('',(#8872,#8873,#8874));
#8872=ORIENTED_EDGE('',*,*,#8875,.T.);
#8873=ORIENTED_EDGE('',*,*,#8876,.T.);
#8874=ORIENTED_EDGE('',*,*,#8877,.T.);
#8875=EDGE_CURVE('',#536,#604,#8878,.F.);
#8876=EDGE_CURVE('',#604,#534,#8879,.T.);
#8877=EDGE_CURVE('',#534,#536,#8880,.T.);
#8878=LINE('',#535,#8881);
#8879=LINE('',#603,#8882);
#8880=LINE('',#533,#8883);
#8881=VECTOR('',#8884,1.0);
#8882=VECTOR('',#8885,1.0);
#8883=VECTOR('',#8886,1.0);
#8884=DIRECTION('',(0,0,1));
#8885=DIRECTION('',(-0.6374965855694672,-0.08392692054755156,-0.765868379941799));
#8886=DIRECTION('',(0.9914450821837965,0.1305245149907286,0));
#8887=FACE_SURFACE('',(#8892),#8888,.T.);
#8888=PLANE('',#8889);
#8889=AXIS2_PLACEMENT_3D('',#533,#8890,#8891);
#8890=DIRECTION('',(0.1305245149907286,-0.9914450821837965,0));
#8891=DIRECTION('',(0.6374965855694672,0.08392692054755156,0.765868379941799));
#8892=FACE_BOUND('',#8893,.T.);
#8893=EDGE_LOOP('',(#8894,#8895,#8896));
#8894=ORIENTED_EDGE('',*,*,#8897,.T.);
#8895=ORIENTED_EDGE('',*,*,#8898,.T.);
#8896=ORIENTED_EDGE('',*,*,#8899,.T.);
#8897=EDGE_CURVE('',#534,#604,#8900,.F.);
#8898=EDGE_CURVE('',#604,#606,#8901,.T.);
#8899=EDGE_CURVE('',#606,#534,#8902,.T.);
#8900=LINE('',#533,#8903);
#8901=LINE('',#603,#8904);
#8902=LINE('',#605,#8905);
#8903=VECTOR('',#8906,1.0);
#8904=VECTOR('',#8907,1.0);
#8905=VECTOR('',#8908,1.0);
#8906=DIRECTION('',(0.6374965855694672,0.08392692054755156,0.765868379941799));
#8907=DIRECTION('',(-0.9914450821837965,-0.1305245149907286,0));
#8908=DIRECTION('',(0,0,-1));
#8909=FACE_SURFACE('',(#8914),#8910,.T.);
#8910=PLANE('',#8911);
#8911=AXIS2_PLACEMENT_3D('',#533,#8912,#8913);
#8912=DIRECTION('',(-0.13051465098928883,-0.9914463807373266,0));
#8913=DIRECTION('',(0,0,1));
#8914=FACE_BOUND('',#8915,.T.);
#8915=EDGE_LOOP('',(#8916,#8917,#8918));
#8916=ORIENTED_EDGE('',*,*,#8919,.T.);
#8917=ORIENTED_EDGE('',*,*,#8920,.T.);
#8918=ORIENTED_EDGE('',*,*,#8921,.T.);
#8919=EDGE_CURVE('',#534,#606,#8922,.F.);
#8920=EDGE_CURVE('',#606,#532,#8923,.T.);
#8921=EDGE_CURVE('',#532,#534,#8924,.T.);
#8922=LINE('',#533,#8925);
#8923=LINE('',#605,#8926);
#8924=LINE('',#531,#8927);
#8925=VECTOR('',#8928,1.0);
#8926=VECTOR('',#8929,1.0);
#8927=VECTOR('',#8930,1.0);
#8928=DIRECTION('',(0,0,1));
#8929=DIRECTION('',(-0.6375256797589105,0.08392429808313355,-0.7658444488531547));
#8930=DIRECTION('',(0.9914463807373266,-0.13051465098928883,0));
#8931=FACE_SURFACE('',(#8936),#8932,.T.);
#8932=PLANE('',#8933);
#8933=AXIS2_PLACEMENT_3D('',#531,#8934,#8935);
#8934=DIRECTION('',(-0.13051465098928883,-0.9914463807373266,0));
#8935=DIRECTION('',(0.6375256797589105,-0.08392429808313355,0.7658444488531547));
#8936=FACE_BOUND('',#8937,.T.);
#8937=EDGE_LOOP('',(#8938,#8939,#8940));
#8938=ORIENTED_EDGE('',*,*,#8941,.T.);
#8939=ORIENTED_EDGE('',*,*,#8942,.T.);
#8940=ORIENTED_EDGE('',*,*,#8943,.T.);
#8941=EDGE_CURVE('',#532,#606,#8944,.F.);
#8942=EDGE_CURVE('',#606,#608,#8945,.T.);
#8943=EDGE_CURVE('',#608,#532,#8946,.T.);
#8944=LINE('',#531,#8947);
#8945=LINE('',#605,#8948);
#8946=LINE('',#607,#8949);
#8947=VECTOR('',#8950,1.0);
#8948=VECTOR('',#8951,1.0);
#8949=VECTOR('',#8952,1.0);
#8950=DIRECTION('',(0.6375256797589105,-0.08392429808313355,0.7658444488531547));
#8951=DIRECTION('',(-0.9914463807373266,0.13051465098928883,0));
#8952=DIRECTION('',(0,0,-1));
#8953=FACE_SURFACE('',(#8958),#8954,.T.);
#8954=PLANE('',#8955);
#8955=AXIS2_PLACEMENT_3D('',#531,#8956,#8957);
#8956=DIRECTION('',(-0.38267944574756485,-0.9238811838122566,0));
#8957=DIRECTION('',(0,0,1));
#8958=FACE_BOUND('',#8959,.T.);
#8959=EDGE_LOOP('',(#8960,#8961,#8962));
#8960=ORIENTED_EDGE('',*,*,#8963,.T.);
#8961=ORIENTED_EDGE('',*,*,#8964,.T.);
#8962=ORIENTED_EDGE('',*,*,#8965,.T.);
#8963=EDGE_CURVE('',#532,#608,#8966,.F.);
#8964=EDGE_CURVE('',#608,#530,#8967,.T.);
#8965=EDGE_CURVE('',#530,#532,#8968,.T.);
#8966=LINE('',#531,#8969);
#8967=LINE('',#607,#8970);
#8968=LINE('',#529,#8971);
#8969=VECTOR('',#8972,1.0);
#8970=VECTOR('',#8973,1.0);
#8971=VECTOR('',#8974,1.0);
#8972=DIRECTION('',(0,0,1));
#8973=DIRECTION('',(-0.5940479564057591,0.24605971708048724,-0.765873123382987));
#8974=DIRECTION('',(0.9238811838122566,-0.38267944574756485,0));
#8975=FACE_SURFACE('',(#8980),#8976,.T.);
#8976=PLANE('',#8977);
#8977=AXIS2_PLACEMENT_3D('',#529,#8978,#8979);
#8978=DIRECTION('',(-0.38267944574756485,-0.9238811838122566,0));
#8979=DIRECTION('',(0.5940479564057591,-0.24605971708048724,0.765873123382987));
#8980=FACE_BOUND('',#8981,.T.);
#8981=EDGE_LOOP('',(#8982,#8983,#8984));
#8982=ORIENTED_EDGE('',*,*,#8985,.T.);
#8983=ORIENTED_EDGE('',*,*,#8986,.T.);
#8984=ORIENTED_EDGE('',*,*,#8987,.T.);
#8985=EDGE_CURVE('',#530,#608,#8988,.F.);
#8986=EDGE_CURVE('',#608,#610,#8989,.T.);
#8987=EDGE_CURVE('',#610,#530,#8990,.T.);
#8988=LINE('',#529,#8991);
#8989=LINE('',#607,#8992);
#8990=LINE('',#609,#8993);
#8991=VECTOR('',#8994,1.0);
#8992=VECTOR('',#8995,1.0);
#8993=VECTOR('',#8996,1.0);
#8994=DIRECTION('',(0.5940479564057591,-0.24605971708048724,0.765873123382987));
#8995=DIRECTION('',(-0.9238811838122566,0.38267944574756485,0));
#8996=DIRECTION('',(0,0,-1));
#8997=FACE_SURFACE('',(#9002),#8998,.T.);
#8998=PLANE('',#8999);
#8999=AXIS2_PLACEMENT_3D('',#529,#9000,#9001);
#9000=DIRECTION('',(-0.6087755524992146,-0.793342502756077,0));
#9001=DIRECTION('',(0,0,1));
#9002=FACE_BOUND('',#9003,.T.);
#9003=EDGE_LOOP('',(#9004,#9005,#9006));
#9004=ORIENTED_EDGE('',*,*,#9007,.T.);
#9005=ORIENTED_EDGE('',*,*,#9008,.T.);
#9006=ORIENTED_EDGE('',*,*,#9009,.T.);
#9007=EDGE_CURVE('',#530,#610,#9010,.F.);
#9008=EDGE_CURVE('',#610,#528,#9011,.T.);
#9009=EDGE_CURVE('',#528,#530,#9012,.T.);
#9010=LINE('',#529,#9013);
#9011=LINE('',#609,#9014);
#9012=LINE('',#527,#9015);
#9013=VECTOR('',#9016,1.0);
#9014=VECTOR('',#9017,1.0);
#9015=VECTOR('',#9018,1.0);
#9016=DIRECTION('',(0,0,1));
#9017=DIRECTION('',(-0.510124457401239,0.39144669208941163,-0.7658606434680849));
#9018=DIRECTION('',(0.793342502756077,-0.6087755524992146,0));
#9019=FACE_SURFACE('',(#9024),#9020,.T.);
#9020=PLANE('',#9021);
#9021=AXIS2_PLACEMENT_3D('',#527,#9022,#9023);
#9022=DIRECTION('',(-0.6087755524992146,-0.793342502756077,0));
#9023=DIRECTION('',(0.510124457401239,-0.39144669208941163,0.7658606434680849));
#9024=FACE_BOUND('',#9025,.T.);
#9025=EDGE_LOOP('',(#9026,#9027,#9028));
#9026=ORIENTED_EDGE('',*,*,#9029,.T.);
#9027=ORIENTED_EDGE('',*,*,#9030,.T.);
#9028=ORIENTED_EDGE('',*,*,#9031,.T.);
#9029=EDGE_CURVE('',#528,#610,#9032,.F.);
#9030=EDGE_CURVE('',#610,#612,#9033,.T.);
#9031=EDGE_CURVE('',#612,#528,#9034,.T.);
#9032=LINE('',#527,#9035);
#9033=LINE('',#609,#9036);
#9034=LINE('',#611,#9037);
#9035=VECTOR('',#9038,1.0);
#9036=VECTOR('',#9039,1.0);
#9037=VECTOR('',#9040,1.0);
#9038=DIRECTION('',(0.510124457401239,-0.39144669208941163,0.7658606434680849));
#9039=DIRECTION('',(-0.793342502756077,0.6087755524992146,0));
#9040=DIRECTION('',(0,0,-1));
#9041=FACE_SURFACE('',(#9046),#9042,.T.);
#9042=PLANE('',#9043);
#9043=AXIS2_PLACEMENT_3D('',#527,#9044,#9045);
#9044=DIRECTION('',(-0.7933517066794935,-0.6087635579670773,0));
#9045=DIRECTION('',(0,0,1));
#9046=FACE_BOUND('',#9047,.T.);
#9047=EDGE_LOOP('',(#9048,#9049,#9050));
#9048=ORIENTED_EDGE('',*,*,#9051,.T.);
#9049=ORIENTED_EDGE('',*,*,#9052,.T.);
#9050=ORIENTED_EDGE('',*,*,#9053,.T.);
#9051=EDGE_CURVE('',#528,#612,#9054,.F.);
#9052=EDGE_CURVE('',#612,#526,#9055,.T.);
#9053=EDGE_CURVE('',#526,#528,#9056,.T.);
#9054=LINE('',#527,#9057);
#9055=LINE('',#611,#9058);
#9056=LINE('',#525,#9059);
#9057=VECTOR('',#9060,1.0);
#9058=VECTOR('',#9061,1.0);
#9059=VECTOR('',#9062,1.0);
#9060=DIRECTION('',(0,0,1));
#9061=DIRECTION('',(-0.3914363158959588,0.5101269042934187,-0.7658643170391296));
#9062=DIRECTION('',(0.6087635579670773,-0.7933517066794935,0));
#9063=FACE_SURFACE('',(#9068),#9064,.T.);
#9064=PLANE('',#9065);
#9065=AXIS2_PLACEMENT_3D('',#525,#9066,#9067);
#9066=DIRECTION('',(-0.7933517066794935,-0.6087635579670773,0));
#9067=DIRECTION('',(0.3914363158959588,-0.5101269042934187,0.7658643170391296));
#9068=FACE_BOUND('',#9069,.T.);
#9069=EDGE_LOOP('',(#9070,#9071,#9072));
#9070=ORIENTED_EDGE('',*,*,#9073,.T.);
#9071=ORIENTED_EDGE('',*,*,#9074,.T.);
#9072=ORIENTED_EDGE('',*,*,#9075,.T.);
#9073=EDGE_CURVE('',#526,#612,#9076,.F.);
#9074=EDGE_CURVE('',#612,#614,#9077,.T.);
#9075=EDGE_CURVE('',#614,#526,#9078,.T.);
#9076=LINE('',#525,#9079);
#9077=LINE('',#611,#9080);
#9078=LINE('',#613,#9081);
#9079=VECTOR('',#9082,1.0);
#9080=VECTOR('',#9083,1.0);
#9081=VECTOR('',#9084,1.0);
#9082=DIRECTION('',(0.3914363158959588,-0.5101269042934187,0.7658643170391296));
#9083=DIRECTION('',(-0.6087635579670773,0.7933517066794935,0));
#9084=DIRECTION('',(0,0,-1));
#9085=FACE_SURFACE('',(#9090),#9086,.T.);
#9086=PLANE('',#9087);
#9087=AXIS2_PLACEMENT_3D('',#525,#9088,#9089);
#9088=DIRECTION('',(-0.9238853699715919,-0.38266933918522245,0));
#9089=DIRECTION('',(0,0,1));
#9090=FACE_BOUND('',#9091,.T.);
#9091=EDGE_LOOP('',(#9092,#9093,#9094));
#9092=ORIENTED_EDGE('',*,*,#9095,.T.);
#9093=ORIENTED_EDGE('',*,*,#9096,.T.);
#9094=ORIENTED_EDGE('',*,*,#9097,.T.);
#9095=EDGE_CURVE('',#526,#614,#9098,.F.);
#9096=EDGE_CURVE('',#614,#524,#9099,.T.);
#9097=EDGE_CURVE('',#524,#526,#9100,.T.);
#9098=LINE('',#525,#9101);
#9099=LINE('',#613,#9102);
#9100=LINE('',#523,#9103);
#9101=VECTOR('',#9104,1.0);
#9102=VECTOR('',#9105,1.0);
#9103=VECTOR('',#9106,1.0);
#9104=DIRECTION('',(0,0,1));
#9105=DIRECTION('',(-0.24605703031535847,0.5940598506560332,-0.7658647606927206));
#9106=DIRECTION('',(0.38266933918522245,-0.9238853699715919,0));
#9107=FACE_SURFACE('',(#9112),#9108,.T.);
#9108=PLANE('',#9109);
#9109=AXIS2_PLACEMENT_3D('',#523,#9110,#9111);
#9110=DIRECTION('',(-0.9238853699715919,-0.38266933918522245,0));
#9111=DIRECTION('',(0.24605703031535847,-0.5940598506560332,0.7658647606927206));
#9112=FACE_BOUND('',#9113,.T.);
#9113=EDGE_LOOP('',(#9114,#9115,#9116));
#9114=ORIENTED_EDGE('',*,*,#9117,.T.);
#9115=ORIENTED_EDGE('',*,*,#9118,.T.);
#9116=ORIENTED_EDGE('',*,*,#9119,.T.);
#9117=EDGE_CURVE('',#524,#614,#9120,.F.);
#9118=EDGE_CURVE('',#614,#616,#9121,.T.);
#9119=EDGE_CURVE('',#616,#524,#9122,.T.);
#9120=LINE('',#523,#9123);
#9121=LINE('',#613,#9124);
#9122=LINE('',#615,#9125);
#9123=VECTOR('',#9126,1.0);
#9124=VECTOR('',#9127,1.0);
#9125=VECTOR('',#9128,1.0);
#9126=DIRECTION('',(0.24605703031535847,-0.5940598506560332,0.7658647606927206));
#9127=DIRECTION('',(-0.38266933918522245,0.9238853699715919,0));
#9128=DIRECTION('',(0,0,-1));
#9129=FACE_SURFACE('',(#9134),#9130,.T.);
#9130=PLANE('',#9131);
#9131=AXIS2_PLACEMENT_3D('',#471,#9132,#9133);
#9132=DIRECTION('',(0,-0,1));
#9133=DIRECTION('',(1,0,0));
#9134=FACE_BOUND('',#9135,.T.);
#9135=EDGE_LOOP('',(#9136,#9137,#9138));
#9136=ORIENTED_EDGE('',*,*,#9139,.T.);
#9137=ORIENTED_EDGE('',*,*,#9140,.T.);
#9138=ORIENTED_EDGE('',*,*,#9141,.T.);
#9139=EDGE_CURVE('',#472,#452,#9142,.F.);
#9140=EDGE_CURVE('',#452,#426,#9143,.T.);
#9141=EDGE_CURVE('',#426,#472,#9144,.T.);
#9142=LINE('',#471,#9145);
#9143=LINE('',#451,#9146);
#9144=LINE('',#425,#9147);
#9145=VECTOR('',#9148,1.0);
#9146=VECTOR('',#9149,1.0);
#9147=VECTOR('',#9150,1.0);
#9148=DIRECTION('',(1,0,0));
#9149=DIRECTION('',(-0.9914448140248374,0.13052655187070403,0));
#9150=DIRECTION('',(0.13054078122086607,-0.9914429405862176,0));
#9151=FACE_SURFACE('',(#9156),#9152,.T.);
#9152=PLANE('',#9153);
#9153=AXIS2_PLACEMENT_3D('',#425,#9154,#9155);
#9154=DIRECTION('',(-0,0,1));
#9155=DIRECTION('',(0.9914448140248374,-0.13052655187070403,0));
#9156=FACE_BOUND('',#9157,.T.);
#9157=EDGE_LOOP('',(#9158,#9159,#9160));
#9158=ORIENTED_EDGE('',*,*,#9161,.T.);
#9159=ORIENTED_EDGE('',*,*,#9162,.T.);
#9160=ORIENTED_EDGE('',*,*,#9163,.T.);
#9161=EDGE_CURVE('',#426,#452,#9164,.F.);
#9162=EDGE_CURVE('',#452,#450,#9165,.T.);
#9163=EDGE_CURVE('',#450,#426,#9166,.T.);
#9164=LINE('',#425,#9167);
#9165=LINE('',#451,#9168);
#9166=LINE('',#449,#9169);
#9167=VECTOR('',#9170,1.0);
#9168=VECTOR('',#9171,1.0);
#9169=VECTOR('',#9172,1.0);
#9170=DIRECTION('',(0.9914448140248374,-0.13052655187070403,0));
#9171=DIRECTION('',(0.13054078122086607,0.9914429405862176,0));
#9172=DIRECTION('',(-1,0,0));
#9173=FACE_SURFACE('',(#9178),#9174,.T.);
#9174=PLANE('',#9175);
#9175=AXIS2_PLACEMENT_3D('',#425,#9176,#9177);
#9176=DIRECTION('',(0,0,1));
#9177=DIRECTION('',(1,0,0));
#9178=FACE_BOUND('',#9179,.T.);
#9179=EDGE_LOOP('',(#9180,#9181,#9182));
#9180=ORIENTED_EDGE('',*,*,#9183,.T.);
#9181=ORIENTED_EDGE('',*,*,#9184,.T.);
#9182=ORIENTED_EDGE('',*,*,#9185,.T.);
#9183=EDGE_CURVE('',#426,#450,#9186,.F.);
#9184=EDGE_CURVE('',#450,#428,#9187,.T.);
#9185=EDGE_CURVE('',#428,#426,#9188,.T.);
#9186=LINE('',#425,#9189);
#9187=LINE('',#449,#9190);
#9188=LINE('',#427,#9191);
#9189=VECTOR('',#9192,1.0);
#9190=VECTOR('',#9193,1.0);
#9191=VECTOR('',#9194,1.0);
#9192=DIRECTION('',(1,0,0));
#9193=DIRECTION('',(-0.9914449763635927,0.1305253187829668,0));
#9194=DIRECTION('',(-0.13054201444961414,-0.991442778209331,0));
#9195=FACE_SURFACE('',(#9200),#9196,.T.);
#9196=PLANE('',#9197);
#9197=AXIS2_PLACEMENT_3D('',#427,#9198,#9199);
#9198=DIRECTION('',(-0,0,1));
#9199=DIRECTION('',(0.9914449763635927,-0.1305253187829668,0));
#9200=FACE_BOUND('',#9201,.T.);
#9201=EDGE_LOOP('',(#9202,#9203,#9204));
#9202=ORIENTED_EDGE('',*,*,#9205,.T.);
#9203=ORIENTED_EDGE('',*,*,#9206,.T.);
#9204=ORIENTED_EDGE('',*,*,#9207,.T.);
#9205=EDGE_CURVE('',#428,#450,#9208,.F.);
#9206=EDGE_CURVE('',#450,#448,#9209,.T.);
#9207=EDGE_CURVE('',#448,#428,#9210,.T.);
#9208=LINE('',#427,#9211);
#9209=LINE('',#449,#9212);
#9210=LINE('',#447,#9213);
#9211=VECTOR('',#9214,1.0);
#9212=VECTOR('',#9215,1.0);
#9213=VECTOR('',#9216,1.0);
#9214=DIRECTION('',(0.9914449763635927,-0.1305253187829668,0));
#9215=DIRECTION('',(-0.13054201444961414,0.991442778209331,0));
#9216=DIRECTION('',(-1,0,0));
#9217=FACE_SURFACE('',(#9222),#9218,.T.);
#9218=PLANE('',#9219);
#9219=AXIS2_PLACEMENT_3D('',#427,#9220,#9221);
#9220=DIRECTION('',(0,0,1));
#9221=DIRECTION('',(1,0,0));
#9222=FACE_BOUND('',#9223,.T.);
#9223=EDGE_LOOP('',(#9224,#9225,#9226));
#9224=ORIENTED_EDGE('',*,*,#9227,.T.);
#9225=ORIENTED_EDGE('',*,*,#9228,.T.);
#9226=ORIENTED_EDGE('',*,*,#9229,.T.);
#9227=EDGE_CURVE('',#428,#448,#9230,.F.);
#9228=EDGE_CURVE('',#448,#430,#9231,.T.);
#9229=EDGE_CURVE('',#430,#428,#9232,.T.);
#9230=LINE('',#427,#9233);
#9231=LINE('',#447,#9234);
#9232=LINE('',#429,#9235);
#9233=VECTOR('',#9236,1.0);
#9234=VECTOR('',#9237,1.0);
#9235=VECTOR('',#9238,1.0);
#9236=DIRECTION('',(1,0,0));
#9237=DIRECTION('',(-0.9914446705789198,0.13052764144294032,0));
#9238=DIRECTION('',(-0.38266597043955625,-0.9238867652843354,0));
#9239=FACE_SURFACE('',(#9244),#9240,.T.);
#9240=PLANE('',#9241);
#9241=AXIS2_PLACEMENT_3D('',#429,#9242,#9243);
#9242=DIRECTION('',(-0,0,1));
#9243=DIRECTION('',(0.9914446705789198,-0.13052764144294032,0));
#9244=FACE_BOUND('',#9245,.T.);
#9245=EDGE_LOOP('',(#9246,#9247,#9248));
#9246=ORIENTED_EDGE('',*,*,#9249,.T.);
#9247=ORIENTED_EDGE('',*,*,#9250,.T.);
#9248=ORIENTED_EDGE('',*,*,#9251,.T.);
#9249=EDGE_CURVE('',#430,#448,#9252,.F.);
#9250=EDGE_CURVE('',#448,#446,#9253,.T.);
#9251=EDGE_CURVE('',#446,#430,#9254,.T.);
#9252=LINE('',#429,#9255);
#9253=LINE('',#447,#9256);
#9254=LINE('',#445,#9257);
#9255=VECTOR('',#9258,1.0);
#9256=VECTOR('',#9259,1.0);
#9257=VECTOR('',#9260,1.0);
#9258=DIRECTION('',(0.9914446705789198,-0.13052764144294032,0));
#9259=DIRECTION('',(-0.38266597043955625,0.9238867652843354,0));
#9260=DIRECTION('',(-1,0,0));
#9261=FACE_SURFACE('',(#9266),#9262,.T.);
#9262=PLANE('',#9263);
#9263=AXIS2_PLACEMENT_3D('',#429,#9264,#9265);
#9264=DIRECTION('',(0,0,1));
#9265=DIRECTION('',(1,0,0));
#9266=FACE_BOUND('',#9267,.T.);
#9267=EDGE_LOOP('',(#9268,#9269,#9270));
#9268=ORIENTED_EDGE('',*,*,#9271,.T.);
#9269=ORIENTED_EDGE('',*,*,#9272,.T.);
#9270=ORIENTED_EDGE('',*,*,#9273,.T.);
#9271=EDGE_CURVE('',#430,#446,#9274,.F.);
#9272=EDGE_CURVE('',#446,#432,#9275,.T.);
#9273=EDGE_CURVE('',#432,#430,#9276,.T.);
#9274=LINE('',#429,#9277);
#9275=LINE('',#445,#9278);
#9276=LINE('',#431,#9279);
#9277=VECTOR('',#9280,1.0);
#9278=VECTOR('',#9281,1.0);
#9279=VECTOR('',#9282,1.0);
#9280=DIRECTION('',(1,0,0));
#9281=DIRECTION('',(-0.9914450086069221,0.1305250738686633,0));
#9282=DIRECTION('',(-0.6087635579670773,-0.7933517066794935,0));
#9283=FACE_SURFACE('',(#9288),#9284,.T.);
#9284=PLANE('',#9285);
#9285=AXIS2_PLACEMENT_3D('',#431,#9286,#9287);
#9286=DIRECTION('',(-0,0,1));
#9287=DIRECTION('',(0.9914450086069221,-0.1305250738686633,0));
#9288=FACE_BOUND('',#9289,.T.);
#9289=EDGE_LOOP('',(#9290,#9291,#9292));
#9290=ORIENTED_EDGE('',*,*,#9293,.T.);
#9291=ORIENTED_EDGE('',*,*,#9294,.T.);
#9292=ORIENTED_EDGE('',*,*,#9295,.T.);
#9293=EDGE_CURVE('',#432,#446,#9296,.F.);
#9294=EDGE_CURVE('',#446,#444,#9297,.T.);
#9295=EDGE_CURVE('',#444,#432,#9298,.T.);
#9296=LINE('',#431,#9299);
#9297=LINE('',#445,#9300);
#9298=LINE('',#443,#9301);
#9299=VECTOR('',#9302,1.0);
#9300=VECTOR('',#9303,1.0);
#9301=VECTOR('',#9304,1.0);
#9302=DIRECTION('',(0.9914450086069221,-0.1305250738686633,0));
#9303=DIRECTION('',(-0.6087635579670773,0.7933517066794935,0));
#9304=DIRECTION('',(-1,0,0));
#9305=FACE_SURFACE('',(#9310),#9306,.T.);
#9306=PLANE('',#9307);
#9307=AXIS2_PLACEMENT_3D('',#431,#9308,#9309);
#9308=DIRECTION('',(0,0,1));
#9309=DIRECTION('',(1,0,0));
#9310=FACE_BOUND('',#9311,.T.);
#9311=EDGE_LOOP('',(#9312,#9313,#9314));
#9312=ORIENTED_EDGE('',*,*,#9315,.T.);
#9313=ORIENTED_EDGE('',*,*,#9316,.T.);
#9314=ORIENTED_EDGE('',*,*,#9317,.T.);
#9315=EDGE_CURVE('',#432,#444,#9318,.F.);
#9316=EDGE_CURVE('',#444,#434,#9319,.T.);
#9317=EDGE_CURVE('',#434,#432,#9320,.T.);
#9318=LINE('',#431,#9321);
#9319=LINE('',#443,#9322);
#9320=LINE('',#433,#9323);
#9321=VECTOR('',#9324,1.0);
#9322=VECTOR('',#9325,1.0);
#9323=VECTOR('',#9326,1.0);
#9324=DIRECTION('',(1,0,0));
#9325=DIRECTION('',(-0.9914446826540726,0.13052754972405375,0));
#9326=DIRECTION('',(-0.7933471047137486,-0.6087695552853415,0));
#9327=FACE_SURFACE('',(#9332),#9328,.T.);
#9328=PLANE('',#9329);
#9329=AXIS2_PLACEMENT_3D('',#433,#9330,#9331);
#9330=DIRECTION('',(-0,0,1));
#9331=DIRECTION('',(0.9914446826540726,-0.13052754972405375,0));
#9332=FACE_BOUND('',#9333,.T.);
#9333=EDGE_LOOP('',(#9334,#9335,#9336));
#9334=ORIENTED_EDGE('',*,*,#9337,.T.);
#9335=ORIENTED_EDGE('',*,*,#9338,.T.);
#9336=ORIENTED_EDGE('',*,*,#9339,.T.);
#9337=EDGE_CURVE('',#434,#444,#9340,.F.);
#9338=EDGE_CURVE('',#444,#442,#9341,.T.);
#9339=EDGE_CURVE('',#442,#434,#9342,.T.);
#9340=LINE('',#433,#9343);
#9341=LINE('',#443,#9344);
#9342=LINE('',#441,#9345);
#9343=VECTOR('',#9346,1.0);
#9344=VECTOR('',#9347,1.0);
#9345=VECTOR('',#9348,1.0);
#9346=DIRECTION('',(0.9914446826540726,-0.13052754972405375,0));
#9347=DIRECTION('',(-0.7933471047137486,0.6087695552853415,0));
#9348=DIRECTION('',(-1,0,0));
#9349=FACE_SURFACE('',(#9354),#9350,.T.);
#9350=PLANE('',#9351);
#9351=AXIS2_PLACEMENT_3D('',#433,#9352,#9353);
#9352=DIRECTION('',(0,0,1));
#9353=DIRECTION('',(1,0,0));
#9354=FACE_BOUND('',#9355,.T.);
#9355=EDGE_LOOP('',(#9356,#9357,#9358));
#9356=ORIENTED_EDGE('',*,*,#9359,.T.);
#9357=ORIENTED_EDGE('',*,*,#9360,.T.);
#9358=ORIENTED_EDGE('',*,*,#9361,.T.);
#9359=EDGE_CURVE('',#434,#442,#9362,.F.);
#9360=EDGE_CURVE('',#442,#436,#9363,.T.);
#9361=EDGE_CURVE('',#436,#434,#9364,.T.);
#9362=LINE('',#433,#9365);
#9363=LINE('',#441,#9366);
#9364=LINE('',#435,#9367);
#9365=VECTOR('',#9368,1.0);
#9366=VECTOR('',#9369,1.0);
#9367=VECTOR('',#9370,1.0);
#9368=DIRECTION('',(1,0,0));
#9369=DIRECTION('',(-0.9914446248086847,0.13052798909799493,0));
#9370=DIRECTION('',(-0.9238710767942496,-0.38270384563397514,0));
#9371=FACE_SURFACE('',(#9376),#9372,.T.);
#9372=PLANE('',#9373);
#9373=AXIS2_PLACEMENT_3D('',#435,#9374,#9375);
#9374=DIRECTION('',(-0,0,1));
#9375=DIRECTION('',(0.9914446248086847,-0.13052798909799493,0));
#9376=FACE_BOUND('',#9377,.T.);
#9377=EDGE_LOOP('',(#9378,#9379,#9380));
#9378=ORIENTED_EDGE('',*,*,#9381,.T.);
#9379=ORIENTED_EDGE('',*,*,#9382,.T.);
#9380=ORIENTED_EDGE('',*,*,#9383,.T.);
#9381=EDGE_CURVE('',#436,#442,#9384,.F.);
#9382=EDGE_CURVE('',#442,#440,#9385,.T.);
#9383=EDGE_CURVE('',#440,#436,#9386,.T.);
#9384=LINE('',#435,#9387);
#9385=LINE('',#441,#9388);
#9386=LINE('',#439,#9389);
#9387=VECTOR('',#9390,1.0);
#9388=VECTOR('',#9391,1.0);
#9389=VECTOR('',#9392,1.0);
#9390=DIRECTION('',(0.9914446248086847,-0.13052798909799493,0));
#9391=DIRECTION('',(-0.9238766589170515,0.3826903697615946,0));
#9392=DIRECTION('',(-1,0,0));
#9393=FACE_SURFACE('',(#9398),#9394,.T.);
#9394=PLANE('',#9395);
#9395=AXIS2_PLACEMENT_3D('',#435,#9396,#9397);
#9396=DIRECTION('',(0,0,1));
#9397=DIRECTION('',(1,0,0));
#9398=FACE_BOUND('',#9399,.T.);
#9399=EDGE_LOOP('',(#9400,#9401,#9402));
#9400=ORIENTED_EDGE('',*,*,#9403,.T.);
#9401=ORIENTED_EDGE('',*,*,#9404,.T.);
#9402=ORIENTED_EDGE('',*,*,#9405,.T.);
#9403=EDGE_CURVE('',#436,#440,#9406,.F.);
#9404=EDGE_CURVE('',#440,#438,#9407,.T.);
#9405=EDGE_CURVE('',#438,#436,#9408,.T.);
#9406=LINE('',#435,#9409);
#9407=LINE('',#439,#9410);
#9408=LINE('',#437,#9411);
#9409=VECTOR('',#9412,1.0);
#9410=VECTOR('',#9413,1.0);
#9411=VECTOR('',#9414,1.0);
#9412=DIRECTION('',(1,0,0));
#9413=DIRECTION('',(-0.9914450821838008,0.1305245149906953,0));
#9414=DIRECTION('',(-0.991446380737331,-0.13051465098925558,0));
#9415=FACE_SURFACE('',(#9420),#9416,.T.);
#9416=PLANE('',#9417);
#9417=AXIS2_PLACEMENT_3D('',#451,#9418,#9419);
#9418=DIRECTION('',(0,0,1));
#9419=DIRECTION('',(-1,0,0));
#9420=FACE_BOUND('',#9421,.T.);
#9421=EDGE_LOOP('',(#9422,#9423,#9424));
#9422=ORIENTED_EDGE('',*,*,#9425,.T.);
#9423=ORIENTED_EDGE('',*,*,#9426,.T.);
#9424=ORIENTED_EDGE('',*,*,#9427,.T.);
#9425=EDGE_CURVE('',#452,#472,#9428,.F.);
#9426=EDGE_CURVE('',#472,#454,#9429,.T.);
#9427=EDGE_CURVE('',#454,#452,#9430,.T.);
#9428=LINE('',#451,#9431);
#9429=LINE('',#471,#9432);
#9430=LINE('',#453,#9433);
#9431=VECTOR('',#9434,1.0);
#9432=VECTOR('',#9435,1.0);
#9433=VECTOR('',#9436,1.0);
#9434=DIRECTION('',(-1,0,0));
#9435=DIRECTION('',(0.991444844791187,-0.13052631817751909,0));
#9436=DIRECTION('',(0.38266933918522245,0.9238853699715919,0));
#9437=FACE_SURFACE('',(#9442),#9438,.T.);
#9438=PLANE('',#9439);
#9439=AXIS2_PLACEMENT_3D('',#453,#9440,#9441);
#9440=DIRECTION('',(0,0,1));
#9441=DIRECTION('',(-0.991444844791187,0.13052631817751909,0));
#9442=FACE_BOUND('',#9443,.T.);
#9443=EDGE_LOOP('',(#9444,#9445,#9446));
#9444=ORIENTED_EDGE('',*,*,#9447,.T.);
#9445=ORIENTED_EDGE('',*,*,#9448,.T.);
#9446=ORIENTED_EDGE('',*,*,#9449,.T.);
#9447=EDGE_CURVE('',#454,#472,#9450,.F.);
#9448=EDGE_CURVE('',#472,#470,#9451,.T.);
#9449=EDGE_CURVE('',#470,#454,#9452,.T.);
#9450=LINE('',#453,#9453);
#9451=LINE('',#471,#9454);
#9452=LINE('',#469,#9455);
#9453=VECTOR('',#9456,1.0);
#9454=VECTOR('',#9457,1.0);
#9455=VECTOR('',#9458,1.0);
#9456=DIRECTION('',(-0.991444844791187,0.13052631817751909,0));
#9457=DIRECTION('',(0.38266933918522245,-0.9238853699715919,0));
#9458=DIRECTION('',(1,0,0));
#9459=FACE_SURFACE('',(#9464),#9460,.T.);
#9460=PLANE('',#9461);
#9461=AXIS2_PLACEMENT_3D('',#453,#9462,#9463);
#9462=DIRECTION('',(0,0,1));
#9463=DIRECTION('',(-1,0,0));
#9464=FACE_BOUND('',#9465,.T.);
#9465=EDGE_LOOP('',(#9466,#9467,#9468));
#9466=ORIENTED_EDGE('',*,*,#9469,.T.);
#9467=ORIENTED_EDGE('',*,*,#9470,.T.);
#9468=ORIENTED_EDGE('',*,*,#9471,.T.);
#9469=EDGE_CURVE('',#454,#470,#9472,.F.);
#9470=EDGE_CURVE('',#470,#456,#9473,.T.);
#9471=EDGE_CURVE('',#456,#454,#9474,.T.);
#9472=LINE('',#453,#9475);
#9473=LINE('',#469,#9476);
#9474=LINE('',#455,#9477);
#9475=VECTOR('',#9478,1.0);
#9476=VECTOR('',#9479,1.0);
#9477=VECTOR('',#9480,1.0);
#9478=DIRECTION('',(-1,0,0));
#9479=DIRECTION('',(0.9914450086069221,-0.1305250738686633,0));
#9480=DIRECTION('',(0.6087635579670773,0.7933517066794935,0));
#9481=FACE_SURFACE('',(#9486),#9482,.T.);
#9482=PLANE('',#9483);
#9483=AXIS2_PLACEMENT_3D('',#455,#9484,#9485);
#9484=DIRECTION('',(0,0,1));
#9485=DIRECTION('',(-0.9914450086069221,0.1305250738686633,0));
#9486=FACE_BOUND('',#9487,.T.);
#9487=EDGE_LOOP('',(#9488,#9489,#9490));
#9488=ORIENTED_EDGE('',*,*,#9491,.T.);
#9489=ORIENTED_EDGE('',*,*,#9492,.T.);
#9490=ORIENTED_EDGE('',*,*,#9493,.T.);
#9491=EDGE_CURVE('',#456,#470,#9494,.F.);
#9492=EDGE_CURVE('',#470,#468,#9495,.T.);
#9493=EDGE_CURVE('',#468,#456,#9496,.T.);
#9494=LINE('',#455,#9497);
#9495=LINE('',#469,#9498);
#9496=LINE('',#467,#9499);
#9497=VECTOR('',#9500,1.0);
#9498=VECTOR('',#9501,1.0);
#9499=VECTOR('',#9502,1.0);
#9500=DIRECTION('',(-0.9914450086069221,0.1305250738686633,0));
#9501=DIRECTION('',(0.6087635579670773,-0.7933517066794935,0));
#9502=DIRECTION('',(1,0,0));
#9503=FACE_SURFACE('',(#9508),#9504,.T.);
#9504=PLANE('',#9505);
#9505=AXIS2_PLACEMENT_3D('',#455,#9506,#9507);
#9506=DIRECTION('',(0,0,1));
#9507=DIRECTION('',(-1,0,0));
#9508=FACE_BOUND('',#9509,.T.);
#9509=EDGE_LOOP('',(#9510,#9511,#9512));
#9510=ORIENTED_EDGE('',*,*,#9513,.T.);
#9511=ORIENTED_EDGE('',*,*,#9514,.T.);
#9512=ORIENTED_EDGE('',*,*,#9515,.T.);
#9513=EDGE_CURVE('',#456,#468,#9516,.F.);
#9514=EDGE_CURVE('',#468,#458,#9517,.T.);
#9515=EDGE_CURVE('',#458,#456,#9518,.T.);
#9516=LINE('',#455,#9519);
#9517=LINE('',#467,#9520);
#9518=LINE('',#457,#9521);
#9519=VECTOR('',#9522,1.0);
#9520=VECTOR('',#9523,1.0);
#9521=VECTOR('',#9524,1.0);
#9522=DIRECTION('',(-1,0,0));
#9523=DIRECTION('',(0.9914444182610485,-0.13052955795148916,0));
#9524=DIRECTION('',(0.793342502756077,0.6087755524992146,0));
#9525=FACE_SURFACE('',(#9530),#9526,.T.);
#9526=PLANE('',#9527);
#9527=AXIS2_PLACEMENT_3D('',#457,#9528,#9529);
#9528=DIRECTION('',(0,0,1));
#9529=DIRECTION('',(-0.9914444182610485,0.13052955795148916,0));
#9530=FACE_BOUND('',#9531,.T.);
#9531=EDGE_LOOP('',(#9532,#9533,#9534));
#9532=ORIENTED_EDGE('',*,*,#9535,.T.);
#9533=ORIENTED_EDGE('',*,*,#9536,.T.);
#9534=ORIENTED_EDGE('',*,*,#9537,.T.);
#9535=EDGE_CURVE('',#458,#468,#9538,.F.);
#9536=EDGE_CURVE('',#468,#466,#9539,.T.);
#9537=EDGE_CURVE('',#466,#458,#9540,.T.);
#9538=LINE('',#457,#9541);
#9539=LINE('',#467,#9542);
#9540=LINE('',#465,#9543);
#9541=VECTOR('',#9544,1.0);
#9542=VECTOR('',#9545,1.0);
#9543=VECTOR('',#9546,1.0);
#9544=DIRECTION('',(-0.9914444182610485,0.13052955795148916,0));
#9545=DIRECTION('',(0.793342502756077,-0.6087755524992146,0));
#9546=DIRECTION('',(1,0,0));
#9547=FACE_SURFACE('',(#9552),#9548,.T.);
#9548=PLANE('',#9549);
#9549=AXIS2_PLACEMENT_3D('',#457,#9550,#9551);
#9550=DIRECTION('',(0,0,1));
#9551=DIRECTION('',(-1,0,0));
#9552=FACE_BOUND('',#9553,.T.);
#9553=EDGE_LOOP('',(#9554,#9555,#9556));
#9554=ORIENTED_EDGE('',*,*,#9557,.T.);
#9555=ORIENTED_EDGE('',*,*,#9558,.T.);
#9556=ORIENTED_EDGE('',*,*,#9559,.T.);
#9557=EDGE_CURVE('',#458,#466,#9560,.F.);
#9558=EDGE_CURVE('',#466,#460,#9561,.T.);
#9559=EDGE_CURVE('',#460,#458,#9562,.T.);
#9560=LINE('',#457,#9563);
#9561=LINE('',#465,#9564);
#9562=LINE('',#459,#9565);
#9563=VECTOR('',#9566,1.0);
#9564=VECTOR('',#9567,1.0);
#9565=VECTOR('',#9568,1.0);
#9566=DIRECTION('',(-1,0,0));
#9567=DIRECTION('',(0.9914456650495818,-0.13052008755127428,0));
#9568=DIRECTION('',(0.9238867652843404,0.38266597043954426,0));
#9569=FACE_SURFACE('',(#9574),#9570,.T.);
#9570=PLANE('',#9571);
#9571=AXIS2_PLACEMENT_3D('',#459,#9572,#9573);
#9572=DIRECTION('',(0,0,1));
#9573=DIRECTION('',(-0.9914456650495818,0.13052008755127428,0));
#9574=FACE_BOUND('',#9575,.T.);
#9575=EDGE_LOOP('',(#9576,#9577,#9578));
#9576=ORIENTED_EDGE('',*,*,#9579,.T.);
#9577=ORIENTED_EDGE('',*,*,#9580,.T.);
#9578=ORIENTED_EDGE('',*,*,#9581,.T.);
#9579=EDGE_CURVE('',#460,#466,#9582,.F.);
#9580=EDGE_CURVE('',#466,#464,#9583,.T.);
#9581=EDGE_CURVE('',#464,#460,#9584,.T.);
#9582=LINE('',#459,#9585);
#9583=LINE('',#465,#9586);
#9584=LINE('',#463,#9587);
#9585=VECTOR('',#9588,1.0);
#9586=VECTOR('',#9589,1.0);
#9587=VECTOR('',#9590,1.0);
#9588=DIRECTION('',(-0.9914456650495818,0.13052008755127428,0));
#9589=DIRECTION('',(0.9238811838122566,-0.38267944574756485,0));
#9590=DIRECTION('',(1,0,0));
#9591=FACE_SURFACE('',(#9596),#9592,.T.);
#9592=PLANE('',#9593);
#9593=AXIS2_PLACEMENT_3D('',#459,#9594,#9595);
#9594=DIRECTION('',(0,0,1));
#9595=DIRECTION('',(-1,0,0));
#9596=FACE_BOUND('',#9597,.T.);
#9597=EDGE_LOOP('',(#9598,#9599,#9600));
#9598=ORIENTED_EDGE('',*,*,#9601,.T.);
#9599=ORIENTED_EDGE('',*,*,#9602,.T.);
#9600=ORIENTED_EDGE('',*,*,#9603,.T.);
#9601=EDGE_CURVE('',#460,#464,#9604,.F.);
#9602=EDGE_CURVE('',#464,#462,#9605,.T.);
#9603=EDGE_CURVE('',#462,#460,#9606,.T.);
#9604=LINE('',#459,#9607);
#9605=LINE('',#463,#9608);
#9606=LINE('',#461,#9609);
#9607=VECTOR('',#9610,1.0);
#9608=VECTOR('',#9611,1.0);
#9609=VECTOR('',#9612,1.0);
#9610=DIRECTION('',(-1,0,0));
#9611=DIRECTION('',(0.9914463807373266,-0.13051465098928883,0));
#9612=DIRECTION('',(0.9914450821837965,0.1305245149907286,0));
#9613=FACE_SURFACE('',(#9618),#9614,.T.);
#9614=PLANE('',#9615);
#9615=AXIS2_PLACEMENT_3D('',#567,#9616,#9617);
#9616=DIRECTION('',(0,-0,-1));
#9617=DIRECTION('',(1,0,0));
#9618=FACE_BOUND('',#9619,.T.);
#9619=EDGE_LOOP('',(#9620,#9621,#9622));
#9620=ORIENTED_EDGE('',*,*,#9623,.T.);
#9621=ORIENTED_EDGE('',*,*,#9624,.T.);
#9622=ORIENTED_EDGE('',*,*,#9625,.T.);
#9623=EDGE_CURVE('',#568,#548,#9626,.F.);
#9624=EDGE_CURVE('',#548,#522,#9627,.T.);
#9625=EDGE_CURVE('',#522,#568,#9628,.T.);
#9626=LINE('',#567,#9629);
#9627=LINE('',#547,#9630);
#9628=LINE('',#521,#9631);
#9629=VECTOR('',#9632,1.0);
#9630=VECTOR('',#9633,1.0);
#9631=VECTOR('',#9634,1.0);
#9632=DIRECTION('',(1,0,0));
#9633=DIRECTION('',(-0.9914449763635927,-0.1305253187829668,0));
#9634=DIRECTION('',(0.13054201444961414,0.991442778209331,0));
#9635=FACE_SURFACE('',(#9640),#9636,.T.);
#9636=PLANE('',#9637);
#9637=AXIS2_PLACEMENT_3D('',#521,#9638,#9639);
#9638=DIRECTION('',(0,0,-1));
#9639=DIRECTION('',(0.9914449763635927,0.1305253187829668,0));
#9640=FACE_BOUND('',#9641,.T.);
#9641=EDGE_LOOP('',(#9642,#9643,#9644));
#9642=ORIENTED_EDGE('',*,*,#9645,.T.);
#9643=ORIENTED_EDGE('',*,*,#9646,.T.);
#9644=ORIENTED_EDGE('',*,*,#9647,.T.);
#9645=EDGE_CURVE('',#522,#548,#9648,.F.);
#9646=EDGE_CURVE('',#548,#546,#9649,.T.);
#9647=EDGE_CURVE('',#546,#522,#9650,.T.);
#9648=LINE('',#521,#9651);
#9649=LINE('',#547,#9652);
#9650=LINE('',#545,#9653);
#9651=VECTOR('',#9654,1.0);
#9652=VECTOR('',#9655,1.0);
#9653=VECTOR('',#9656,1.0);
#9654=DIRECTION('',(0.9914449763635927,0.1305253187829668,0));
#9655=DIRECTION('',(0.13054201444961414,-0.991442778209331,0));
#9656=DIRECTION('',(-1,0,0));
#9657=FACE_SURFACE('',(#9662),#9658,.T.);
#9658=PLANE('',#9659);
#9659=AXIS2_PLACEMENT_3D('',#521,#9660,#9661);
#9660=DIRECTION('',(0,0,-1));
#9661=DIRECTION('',(1,0,0));
#9662=FACE_BOUND('',#9663,.T.);
#9663=EDGE_LOOP('',(#9664,#9665,#9666));
#9664=ORIENTED_EDGE('',*,*,#9667,.T.);
#9665=ORIENTED_EDGE('',*,*,#9668,.T.);
#9666=ORIENTED_EDGE('',*,*,#9669,.T.);
#9667=EDGE_CURVE('',#522,#546,#9670,.F.);
#9668=EDGE_CURVE('',#546,#524,#9671,.T.);
#9669=EDGE_CURVE('',#524,#522,#9672,.T.);
#9670=LINE('',#521,#9673);
#9671=LINE('',#545,#9674);
#9672=LINE('',#523,#9675);
#9673=VECTOR('',#9676,1.0);
#9674=VECTOR('',#9677,1.0);
#9675=VECTOR('',#9678,1.0);
#9676=DIRECTION('',(1,0,0));
#9677=DIRECTION('',(-0.9914448140248374,-0.13052655187070403,0));
#9678=DIRECTION('',(-0.13054078122086607,0.9914429405862176,0));
#9679=FACE_SURFACE('',(#9684),#9680,.T.);
#9680=PLANE('',#9681);
#9681=AXIS2_PLACEMENT_3D('',#523,#9682,#9683);
#9682=DIRECTION('',(0,0,-1));
#9683=DIRECTION('',(0.9914448140248374,0.13052655187070403,0));
#9684=FACE_BOUND('',#9685,.T.);
#9685=EDGE_LOOP('',(#9686,#9687,#9688));
#9686=ORIENTED_EDGE('',*,*,#9689,.T.);
#9687=ORIENTED_EDGE('',*,*,#9690,.T.);
#9688=ORIENTED_EDGE('',*,*,#9691,.T.);
#9689=EDGE_CURVE('',#524,#546,#9692,.F.);
#9690=EDGE_CURVE('',#546,#544,#9693,.T.);
#9691=EDGE_CURVE('',#544,#524,#9694,.T.);
#9692=LINE('',#523,#9695);
#9693=LINE('',#545,#9696);
#9694=LINE('',#543,#9697);
#9695=VECTOR('',#9698,1.0);
#9696=VECTOR('',#9699,1.0);
#9697=VECTOR('',#9700,1.0);
#9698=DIRECTION('',(0.9914448140248374,0.13052655187070403,0));
#9699=DIRECTION('',(-0.13054078122086607,-0.9914429405862176,0));
#9700=DIRECTION('',(-1,0,0));
#9701=FACE_SURFACE('',(#9706),#9702,.T.);
#9702=PLANE('',#9703);
#9703=AXIS2_PLACEMENT_3D('',#523,#9704,#9705);
#9704=DIRECTION('',(0,0,-1));
#9705=DIRECTION('',(1,0,0));
#9706=FACE_BOUND('',#9707,.T.);
#9707=EDGE_LOOP('',(#9708,#9709,#9710));
#9708=ORIENTED_EDGE('',*,*,#9711,.T.);
#9709=ORIENTED_EDGE('',*,*,#9712,.T.);
#9710=ORIENTED_EDGE('',*,*,#9713,.T.);
#9711=EDGE_CURVE('',#524,#544,#9714,.F.);
#9712=EDGE_CURVE('',#544,#526,#9715,.T.);
#9713=EDGE_CURVE('',#526,#524,#9716,.T.);
#9714=LINE('',#523,#9717);
#9715=LINE('',#543,#9718);
#9716=LINE('',#525,#9719);
#9717=VECTOR('',#9720,1.0);
#9718=VECTOR('',#9721,1.0);
#9719=VECTOR('',#9722,1.0);
#9720=DIRECTION('',(1,0,0));
#9721=DIRECTION('',(-0.991444844791187,-0.13052631817751909,0));
#9722=DIRECTION('',(-0.38266933918522245,0.9238853699715919,0));
#9723=FACE_SURFACE('',(#9728),#9724,.T.);
#9724=PLANE('',#9725);
#9725=AXIS2_PLACEMENT_3D('',#525,#9726,#9727);
#9726=DIRECTION('',(0,0,-1));
#9727=DIRECTION('',(0.991444844791187,0.13052631817751909,0));
#9728=FACE_BOUND('',#9729,.T.);
#9729=EDGE_LOOP('',(#9730,#9731,#9732));
#9730=ORIENTED_EDGE('',*,*,#9733,.T.);
#9731=ORIENTED_EDGE('',*,*,#9734,.T.);
#9732=ORIENTED_EDGE('',*,*,#9735,.T.);
#9733=EDGE_CURVE('',#526,#544,#9736,.F.);
#9734=EDGE_CURVE('',#544,#542,#9737,.T.);
#9735=EDGE_CURVE('',#542,#526,#9738,.T.);
#9736=LINE('',#525,#9739);
#9737=LINE('',#543,#9740);
#9738=LINE('',#541,#9741);
#9739=VECTOR('',#9742,1.0);
#9740=VECTOR('',#9743,1.0);
#9741=VECTOR('',#9744,1.0);
#9742=DIRECTION('',(0.991444844791187,0.13052631817751909,0));
#9743=DIRECTION('',(-0.38266933918522245,-0.9238853699715919,0));
#9744=DIRECTION('',(-1,0,0));
#9745=FACE_SURFACE('',(#9750),#9746,.T.);
#9746=PLANE('',#9747);
#9747=AXIS2_PLACEMENT_3D('',#525,#9748,#9749);
#9748=DIRECTION('',(0,0,-1));
#9749=DIRECTION('',(1,0,0));
#9750=FACE_BOUND('',#9751,.T.);
#9751=EDGE_LOOP('',(#9752,#9753,#9754));
#9752=ORIENTED_EDGE('',*,*,#9755,.T.);
#9753=ORIENTED_EDGE('',*,*,#9756,.T.);
#9754=ORIENTED_EDGE('',*,*,#9757,.T.);
#9755=EDGE_CURVE('',#526,#542,#9758,.F.);
#9756=EDGE_CURVE('',#542,#528,#9759,.T.);
#9757=EDGE_CURVE('',#528,#526,#9760,.T.);
#9758=LINE('',#525,#9761);
#9759=LINE('',#541,#9762);
#9760=LINE('',#527,#9763);
#9761=VECTOR('',#9764,1.0);
#9762=VECTOR('',#9765,1.0);
#9763=VECTOR('',#9766,1.0);
#9764=DIRECTION('',(1,0,0));
#9765=DIRECTION('',(-0.9914450086069221,-0.1305250738686633,0));
#9766=DIRECTION('',(-0.6087635579670773,0.7933517066794935,0));
#9767=FACE_SURFACE('',(#9772),#9768,.T.);
#9768=PLANE('',#9769);
#9769=AXIS2_PLACEMENT_3D('',#527,#9770,#9771);
#9770=DIRECTION('',(0,0,-1));
#9771=DIRECTION('',(0.9914450086069221,0.1305250738686633,0));
#9772=FACE_BOUND('',#9773,.T.);
#9773=EDGE_LOOP('',(#9774,#9775,#9776));
#9774=ORIENTED_EDGE('',*,*,#9777,.T.);
#9775=ORIENTED_EDGE('',*,*,#9778,.T.);
#9776=ORIENTED_EDGE('',*,*,#9779,.T.);
#9777=EDGE_CURVE('',#528,#542,#9780,.F.);
#9778=EDGE_CURVE('',#542,#540,#9781,.T.);
#9779=EDGE_CURVE('',#540,#528,#9782,.T.);
#9780=LINE('',#527,#9783);
#9781=LINE('',#541,#9784);
#9782=LINE('',#539,#9785);
#9783=VECTOR('',#9786,1.0);
#9784=VECTOR('',#9787,1.0);
#9785=VECTOR('',#9788,1.0);
#9786=DIRECTION('',(0.9914450086069221,0.1305250738686633,0));
#9787=DIRECTION('',(-0.6087635579670773,-0.7933517066794935,0));
#9788=DIRECTION('',(-1,0,0));
#9789=FACE_SURFACE('',(#9794),#9790,.T.);
#9790=PLANE('',#9791);
#9791=AXIS2_PLACEMENT_3D('',#527,#9792,#9793);
#9792=DIRECTION('',(0,0,-1));
#9793=DIRECTION('',(1,0,0));
#9794=FACE_BOUND('',#9795,.T.);
#9795=EDGE_LOOP('',(#9796,#9797,#9798));
#9796=ORIENTED_EDGE('',*,*,#9799,.T.);
#9797=ORIENTED_EDGE('',*,*,#9800,.T.);
#9798=ORIENTED_EDGE('',*,*,#9801,.T.);
#9799=EDGE_CURVE('',#528,#540,#9802,.F.);
#9800=EDGE_CURVE('',#540,#530,#9803,.T.);
#9801=EDGE_CURVE('',#530,#528,#9804,.T.);
#9802=LINE('',#527,#9805);
#9803=LINE('',#539,#9806);
#9804=LINE('',#529,#9807);
#9805=VECTOR('',#9808,1.0);
#9806=VECTOR('',#9809,1.0);
#9807=VECTOR('',#9810,1.0);
#9808=DIRECTION('',(1,0,0));
#9809=DIRECTION('',(-0.9914444182610485,-0.13052955795148916,0));
#9810=DIRECTION('',(-0.793342502756077,0.6087755524992146,0));
#9811=FACE_SURFACE('',(#9816),#9812,.T.);
#9812=PLANE('',#9813);
#9813=AXIS2_PLACEMENT_3D('',#529,#9814,#9815);
#9814=DIRECTION('',(0,0,-1));
#9815=DIRECTION('',(0.9914444182610485,0.13052955795148916,0));
#9816=FACE_BOUND('',#9817,.T.);
#9817=EDGE_LOOP('',(#9818,#9819,#9820));
#9818=ORIENTED_EDGE('',*,*,#9821,.T.);
#9819=ORIENTED_EDGE('',*,*,#9822,.T.);
#9820=ORIENTED_EDGE('',*,*,#9823,.T.);
#9821=EDGE_CURVE('',#530,#540,#9824,.F.);
#9822=EDGE_CURVE('',#540,#538,#9825,.T.);
#9823=EDGE_CURVE('',#538,#530,#9826,.T.);
#9824=LINE('',#529,#9827);
#9825=LINE('',#539,#9828);
#9826=LINE('',#537,#9829);
#9827=VECTOR('',#9830,1.0);
#9828=VECTOR('',#9831,1.0);
#9829=VECTOR('',#9832,1.0);
#9830=DIRECTION('',(0.9914444182610485,0.13052955795148916,0));
#9831=DIRECTION('',(-0.793342502756077,-0.6087755524992146,0));
#9832=DIRECTION('',(-1,0,0));
#9833=FACE_SURFACE('',(#9838),#9834,.T.);
#9834=PLANE('',#9835);
#9835=AXIS2_PLACEMENT_3D('',#529,#9836,#9837);
#9836=DIRECTION('',(0,0,-1));
#9837=DIRECTION('',(1,0,0));
#9838=FACE_BOUND('',#9839,.T.);
#9839=EDGE_LOOP('',(#9840,#9841,#9842));
#9840=ORIENTED_EDGE('',*,*,#9843,.T.);
#9841=ORIENTED_EDGE('',*,*,#9844,.T.);
#9842=ORIENTED_EDGE('',*,*,#9845,.T.);
#9843=EDGE_CURVE('',#530,#538,#9846,.F.);
#9844=EDGE_CURVE('',#538,#532,#9847,.T.);
#9845=EDGE_CURVE('',#532,#530,#9848,.T.);
#9846=LINE('',#529,#9849);
#9847=LINE('',#537,#9850);
#9848=LINE('',#531,#9851);
#9849=VECTOR('',#9852,1.0);
#9850=VECTOR('',#9853,1.0);
#9851=VECTOR('',#9854,1.0);
#9852=DIRECTION('',(1,0,0));
#9853=DIRECTION('',(-0.9914458865068614,-0.13051840532516307,0));
#9854=DIRECTION('',(-0.9238811838122566,0.38267944574756485,0));
#9855=FACE_SURFACE('',(#9860),#9856,.T.);
#9856=PLANE('',#9857);
#9857=AXIS2_PLACEMENT_3D('',#531,#9858,#9859);
#9858=DIRECTION('',(0,0,-1));
#9859=DIRECTION('',(0.9914458865068614,0.13051840532516307,0));
#9860=FACE_BOUND('',#9861,.T.);
#9861=EDGE_LOOP('',(#9862,#9863,#9864));
#9862=ORIENTED_EDGE('',*,*,#9865,.T.);
#9863=ORIENTED_EDGE('',*,*,#9866,.T.);
#9864=ORIENTED_EDGE('',*,*,#9867,.T.);
#9865=EDGE_CURVE('',#532,#538,#9868,.F.);
#9866=EDGE_CURVE('',#538,#536,#9869,.T.);
#9867=EDGE_CURVE('',#536,#532,#9870,.T.);
#9868=LINE('',#531,#9871);
#9869=LINE('',#537,#9872);
#9870=LINE('',#535,#9873);
#9871=VECTOR('',#9874,1.0);
#9872=VECTOR('',#9875,1.0);
#9873=VECTOR('',#9876,1.0);
#9874=DIRECTION('',(0.9914458865068614,0.13051840532516307,0));
#9875=DIRECTION('',(-0.9238867652843404,-0.38266597043954426,0));
#9876=DIRECTION('',(-1,0,0));
#9877=FACE_SURFACE('',(#9882),#9878,.T.);
#9878=PLANE('',#9879);
#9879=AXIS2_PLACEMENT_3D('',#531,#9880,#9881);
#9880=DIRECTION('',(0,0,-1));
#9881=DIRECTION('',(1,0,0));
#9882=FACE_BOUND('',#9883,.T.);
#9883=EDGE_LOOP('',(#9884,#9885,#9886));
#9884=ORIENTED_EDGE('',*,*,#9887,.T.);
#9885=ORIENTED_EDGE('',*,*,#9888,.T.);
#9886=ORIENTED_EDGE('',*,*,#9889,.T.);
#9887=EDGE_CURVE('',#532,#536,#9890,.F.);
#9888=EDGE_CURVE('',#536,#534,#9891,.T.);
#9889=EDGE_CURVE('',#534,#532,#9892,.T.);
#9890=LINE('',#531,#9893);
#9891=LINE('',#535,#9894);
#9892=LINE('',#533,#9895);
#9893=VECTOR('',#9896,1.0);
#9894=VECTOR('',#9897,1.0);
#9895=VECTOR('',#9898,1.0);
#9896=DIRECTION('',(1,0,0));
#9897=DIRECTION('',(-0.9914450821837965,-0.1305245149907286,0));
#9898=DIRECTION('',(-0.9914463807373266,0.13051465098928883,0));
#9899=FACE_SURFACE('',(#9904),#9900,.T.);
#9900=PLANE('',#9901);
#9901=AXIS2_PLACEMENT_3D('',#547,#9902,#9903);
#9902=DIRECTION('',(0,0,-1));
#9903=DIRECTION('',(-1,0,0));
#9904=FACE_BOUND('',#9905,.T.);
#9905=EDGE_LOOP('',(#9906,#9907,#9908));
#9906=ORIENTED_EDGE('',*,*,#9909,.T.);
#9907=ORIENTED_EDGE('',*,*,#9910,.T.);
#9908=ORIENTED_EDGE('',*,*,#9911,.T.);
#9909=EDGE_CURVE('',#548,#568,#9912,.F.);
#9910=EDGE_CURVE('',#568,#550,#9913,.T.);
#9911=EDGE_CURVE('',#550,#548,#9914,.T.);
#9912=LINE('',#547,#9915);
#9913=LINE('',#567,#9916);
#9914=LINE('',#549,#9917);
#9915=VECTOR('',#9918,1.0);
#9916=VECTOR('',#9919,1.0);
#9917=VECTOR('',#9920,1.0);
#9918=DIRECTION('',(-1,0,0));
#9919=DIRECTION('',(0.9914446705789198,0.13052764144294032,0));
#9920=DIRECTION('',(0.38266597043955625,-0.9238867652843354,0));
#9921=FACE_SURFACE('',(#9926),#9922,.T.);
#9922=PLANE('',#9923);
#9923=AXIS2_PLACEMENT_3D('',#549,#9924,#9925);
#9924=DIRECTION('',(-0,0,-1));
#9925=DIRECTION('',(-0.9914446705789198,-0.13052764144294032,0));
#9926=FACE_BOUND('',#9927,.T.);
#9927=EDGE_LOOP('',(#9928,#9929,#9930));
#9928=ORIENTED_EDGE('',*,*,#9931,.T.);
#9929=ORIENTED_EDGE('',*,*,#9932,.T.);
#9930=ORIENTED_EDGE('',*,*,#9933,.T.);
#9931=EDGE_CURVE('',#550,#568,#9934,.F.);
#9932=EDGE_CURVE('',#568,#566,#9935,.T.);
#9933=EDGE_CURVE('',#566,#550,#9936,.T.);
#9934=LINE('',#549,#9937);
#9935=LINE('',#567,#9938);
#9936=LINE('',#565,#9939);
#9937=VECTOR('',#9940,1.0);
#9938=VECTOR('',#9941,1.0);
#9939=VECTOR('',#9942,1.0);
#9940=DIRECTION('',(-0.9914446705789198,-0.13052764144294032,0));
#9941=DIRECTION('',(0.38266597043955625,0.9238867652843354,0));
#9942=DIRECTION('',(1,0,0));
#9943=FACE_SURFACE('',(#9948),#9944,.T.);
#9944=PLANE('',#9945);
#9945=AXIS2_PLACEMENT_3D('',#549,#9946,#9947);
#9946=DIRECTION('',(0,0,-1));
#9947=DIRECTION('',(-1,0,0));
#9948=FACE_BOUND('',#9949,.T.);
#9949=EDGE_LOOP('',(#9950,#9951,#9952));
#9950=ORIENTED_EDGE('',*,*,#9953,.T.);
#9951=ORIENTED_EDGE('',*,*,#9954,.T.);
#9952=ORIENTED_EDGE('',*,*,#9955,.T.);
#9953=EDGE_CURVE('',#550,#566,#9956,.F.);
#9954=EDGE_CURVE('',#566,#552,#9957,.T.);
#9955=EDGE_CURVE('',#552,#550,#9958,.T.);
#9956=LINE('',#549,#9959);
#9957=LINE('',#565,#9960);
#9958=LINE('',#551,#9961);
#9959=VECTOR('',#9962,1.0);
#9960=VECTOR('',#9963,1.0);
#9961=VECTOR('',#9964,1.0);
#9962=DIRECTION('',(-1,0,0));
#9963=DIRECTION('',(0.9914450086069221,0.1305250738686633,0));
#9964=DIRECTION('',(0.6087635579670773,-0.7933517066794935,0));
#9965=FACE_SURFACE('',(#9970),#9966,.T.);
#9966=PLANE('',#9967);
#9967=AXIS2_PLACEMENT_3D('',#551,#9968,#9969);
#9968=DIRECTION('',(-0,0,-1));
#9969=DIRECTION('',(-0.9914450086069221,-0.1305250738686633,0));
#9970=FACE_BOUND('',#9971,.T.);
#9971=EDGE_LOOP('',(#9972,#9973,#9974));
#9972=ORIENTED_EDGE('',*,*,#9975,.T.);
#9973=ORIENTED_EDGE('',*,*,#9976,.T.);
#9974=ORIENTED_EDGE('',*,*,#9977,.T.);
#9975=EDGE_CURVE('',#552,#566,#9978,.F.);
#9976=EDGE_CURVE('',#566,#564,#9979,.T.);
#9977=EDGE_CURVE('',#564,#552,#9980,.T.);
#9978=LINE('',#551,#9981);
#9979=LINE('',#565,#9982);
#9980=LINE('',#563,#9983);
#9981=VECTOR('',#9984,1.0);
#9982=VECTOR('',#9985,1.0);
#9983=VECTOR('',#9986,1.0);
#9984=DIRECTION('',(-0.9914450086069221,-0.1305250738686633,0));
#9985=DIRECTION('',(0.6087635579670773,0.7933517066794935,0));
#9986=DIRECTION('',(1,0,0));
#9987=FACE_SURFACE('',(#9992),#9988,.T.);
#9988=PLANE('',#9989);
#9989=AXIS2_PLACEMENT_3D('',#551,#9990,#9991);
#9990=DIRECTION('',(0,0,-1));
#9991=DIRECTION('',(-1,0,0));
#9992=FACE_BOUND('',#9993,.T.);
#9993=EDGE_LOOP('',(#9994,#9995,#9996));
#9994=ORIENTED_EDGE('',*,*,#9997,.T.);
#9995=ORIENTED_EDGE('',*,*,#9998,.T.);
#9996=ORIENTED_EDGE('',*,*,#9999,.T.);
#9997=EDGE_CURVE('',#552,#564,#10000,.F.);
#9998=EDGE_CURVE('',#564,#554,#10001,.T.);
#9999=EDGE_CURVE('',#554,#552,#10002,.T.);
#10000=LINE('',#551,#10003);
#10001=LINE('',#563,#10004);
#10002=LINE('',#553,#10005);
#10003=VECTOR('',#10006,1.0);
#10004=VECTOR('',#10007,1.0);
#10005=VECTOR('',#10008,1.0);
#10006=DIRECTION('',(-1,0,0));
#10007=DIRECTION('',(0.9914446826540726,0.13052754972405375,0));
#10008=DIRECTION('',(0.7933471047137486,-0.6087695552853415,0));
#10009=FACE_SURFACE('',(#10014),#10010,.T.);
#10010=PLANE('',#10011);
#10011=AXIS2_PLACEMENT_3D('',#553,#10012,#10013);
#10012=DIRECTION('',(-0,0,-1));
#10013=DIRECTION('',(-0.9914446826540726,-0.13052754972405375,0));
#10014=FACE_BOUND('',#10015,.T.);
#10015=EDGE_LOOP('',(#10016,#10017,#10018));
#10016=ORIENTED_EDGE('',*,*,#10019,.T.);
#10017=ORIENTED_EDGE('',*,*,#10020,.T.);
#10018=ORIENTED_EDGE('',*,*,#10021,.T.);
#10019=EDGE_CURVE('',#554,#564,#10022,.F.);
#10020=EDGE_CURVE('',#564,#562,#10023,.T.);
#10021=EDGE_CURVE('',#562,#554,#10024,.T.);
#10022=LINE('',#553,#10025);
#10023=LINE('',#563,#10026);
#10024=LINE('',#561,#10027);
#10025=VECTOR('',#10028,1.0);
#10026=VECTOR('',#10029,1.0);
#10027=VECTOR('',#10030,1.0);
#10028=DIRECTION('',(-0.9914446826540726,-0.13052754972405375,0));
#10029=DIRECTION('',(0.7933471047137486,0.6087695552853415,0));
#10030=DIRECTION('',(1,0,0));
#10031=FACE_SURFACE('',(#10036),#10032,.T.);
#10032=PLANE('',#10033);
#10033=AXIS2_PLACEMENT_3D('',#553,#10034,#10035);
#10034=DIRECTION('',(0,0,-1));
#10035=DIRECTION('',(-1,0,0));
#10036=FACE_BOUND('',#10037,.T.);
#10037=EDGE_LOOP('',(#10038,#10039,#10040));
#10038=ORIENTED_EDGE('',*,*,#10041,.T.);
#10039=ORIENTED_EDGE('',*,*,#10042,.T.);
#10040=ORIENTED_EDGE('',*,*,#10043,.T.);
#10041=EDGE_CURVE('',#554,#562,#10044,.F.);
#10042=EDGE_CURVE('',#562,#556,#10045,.T.);
#10043=EDGE_CURVE('',#556,#554,#10046,.T.);
#10044=LINE('',#553,#10047);
#10045=LINE('',#561,#10048);
#10046=LINE('',#555,#10049);
#10047=VECTOR('',#10050,1.0);
#10048=VECTOR('',#10051,1.0);
#10049=VECTOR('',#10052,1.0);
#10050=DIRECTION('',(-1,0,0));
#10051=DIRECTION('',(0.9914444033191632,0.1305296714433476,0));
#10052=DIRECTION('',(0.9238766589170515,-0.3826903697615946,0));
#10053=FACE_SURFACE('',(#10058),#10054,.T.);
#10054=PLANE('',#10055);
#10055=AXIS2_PLACEMENT_3D('',#555,#10056,#10057);
#10056=DIRECTION('',(-0,0,-1));
#10057=DIRECTION('',(-0.9914444033191632,-0.1305296714433476,0));
#10058=FACE_BOUND('',#10059,.T.);
#10059=EDGE_LOOP('',(#10060,#10061,#10062));
#10060=ORIENTED_EDGE('',*,*,#10063,.T.);
#10061=ORIENTED_EDGE('',*,*,#10064,.T.);
#10062=ORIENTED_EDGE('',*,*,#10065,.T.);
#10063=EDGE_CURVE('',#556,#562,#10066,.F.);
#10064=EDGE_CURVE('',#562,#560,#10067,.T.);
#10065=EDGE_CURVE('',#560,#556,#10068,.T.);
#10066=LINE('',#555,#10069);
#10067=LINE('',#561,#10070);
#10068=LINE('',#559,#10071);
#10069=VECTOR('',#10072,1.0);
#10070=VECTOR('',#10073,1.0);
#10071=VECTOR('',#10074,1.0);
#10072=DIRECTION('',(-0.9914444033191632,-0.1305296714433476,0));
#10073=DIRECTION('',(0.9238710767942496,0.38270384563397514,0));
#10074=DIRECTION('',(1,0,0));
#10075=FACE_SURFACE('',(#10080),#10076,.T.);
#10076=PLANE('',#10077);
#10077=AXIS2_PLACEMENT_3D('',#555,#10078,#10079);
#10078=DIRECTION('',(0,0,-1));
#10079=DIRECTION('',(-1,0,0));
#10080=FACE_BOUND('',#10081,.T.);
#10081=EDGE_LOOP('',(#10082,#10083,#10084));
#10082=ORIENTED_EDGE('',*,*,#10085,.T.);
#10083=ORIENTED_EDGE('',*,*,#10086,.T.);
#10084=ORIENTED_EDGE('',*,*,#10087,.T.);
#10085=EDGE_CURVE('',#556,#560,#10088,.F.);
#10086=EDGE_CURVE('',#560,#558,#10089,.T.);
#10087=EDGE_CURVE('',#558,#556,#10090,.T.);
#10088=LINE('',#555,#10091);
#10089=LINE('',#559,#10092);
#10090=LINE('',#557,#10093);
#10091=VECTOR('',#10094,1.0);
#10092=VECTOR('',#10095,1.0);
#10093=VECTOR('',#10096,1.0);
#10094=DIRECTION('',(-1,0,0));
#10095=DIRECTION('',(0.991446380737331,0.13051465098925558,0));
#10096=DIRECTION('',(0.9914450821838008,-0.1305245149906953,0));
#10097=FACE_SURFACE('',(#10102),#10098,.T.);
#10098=PLANE('',#10099);
#10099=AXIS2_PLACEMENT_3D('',#619,#10100,#10101);
#10100=DIRECTION('',(-0.991443450921978,0.1305369052181005,0));
#10101=DIRECTION('',(0,0,-1));
#10102=FACE_BOUND('',#10103,.T.);
#10103=EDGE_LOOP('',(#10104,#10105,#10106));
#10104=ORIENTED_EDGE('',*,*,#10107,.T.);
#10105=ORIENTED_EDGE('',*,*,#10108,.T.);
#10106=ORIENTED_EDGE('',*,*,#10109,.T.);
#10107=EDGE_CURVE('',#620,#712,#10110,.F.);
#10108=EDGE_CURVE('',#712,#618,#10111,.T.);
#10109=EDGE_CURVE('',#618,#620,#10112,.T.);
#10110=LINE('',#619,#10113);
#10111=LINE('',#711,#10114);
#10112=LINE('',#617,#10115);
#10113=VECTOR('',#10116,1.0);
#10114=VECTOR('',#10117,1.0);
#10115=VECTOR('',#10118,1.0);
#10116=DIRECTION('',(0,0,-1));
#10117=DIRECTION('',(-0.028324685335815177,-0.21512938221340488,0.976174708292069));
#10118=DIRECTION('',(0.1305369052181005,0.991443450921978,0));
#10119=FACE_SURFACE('',(#10124),#10120,.T.);
#10120=PLANE('',#10121);
#10121=AXIS2_PLACEMENT_3D('',#617,#10122,#10123);
#10122=DIRECTION('',(-0.991443450921978,0.1305369052181005,0));
#10123=DIRECTION('',(0.028324685335815177,0.21512938221340488,-0.976174708292069));
#10124=FACE_BOUND('',#10125,.T.);
#10125=EDGE_LOOP('',(#10126,#10127,#10128));
#10126=ORIENTED_EDGE('',*,*,#10129,.T.);
#10127=ORIENTED_EDGE('',*,*,#10130,.T.);
#10128=ORIENTED_EDGE('',*,*,#10131,.T.);
#10129=EDGE_CURVE('',#618,#712,#10132,.F.);
#10130=EDGE_CURVE('',#712,#666,#10133,.T.);
#10131=EDGE_CURVE('',#666,#618,#10134,.T.);
#10132=LINE('',#617,#10135);
#10133=LINE('',#711,#10136);
#10134=LINE('',#665,#10137);
#10135=VECTOR('',#10138,1.0);
#10136=VECTOR('',#10139,1.0);
#10137=VECTOR('',#10140,1.0);
#10138=DIRECTION('',(0.028324685335815177,0.21512938221340488,-0.976174708292069));
#10139=DIRECTION('',(-0.1305369052181005,-0.991443450921978,0));
#10140=DIRECTION('',(0,0,1));
#10141=FACE_SURFACE('',(#10146),#10142,.T.);
#10142=PLANE('',#10143);
#10143=AXIS2_PLACEMENT_3D('',#617,#10144,#10145);
#10144=DIRECTION('',(-0.9914431442783055,-0.13053923419243382,-0));
#10145=DIRECTION('',(0,0,-1));
#10146=FACE_BOUND('',#10147,.T.);
#10147=EDGE_LOOP('',(#10148,#10149,#10150));
#10148=ORIENTED_EDGE('',*,*,#10151,.T.);
#10149=ORIENTED_EDGE('',*,*,#10152,.T.);
#10150=ORIENTED_EDGE('',*,*,#10153,.T.);
#10151=EDGE_CURVE('',#618,#666,#10154,.F.);
#10152=EDGE_CURVE('',#666,#664,#10155,.T.);
#10153=EDGE_CURVE('',#664,#618,#10156,.T.);
#10154=LINE('',#617,#10157);
#10155=LINE('',#665,#10158);
#10156=LINE('',#663,#10159);
#10157=VECTOR('',#10160,1.0);
#10158=VECTOR('',#10161,1.0);
#10159=VECTOR('',#10162,1.0);
#10160=DIRECTION('',(0,0,-1));
#10161=DIRECTION('',(0.02832470912880244,-0.21512565822188648,0.9761755282874943));
#10162=DIRECTION('',(-0.13053923419243382,0.9914431442783055,0));
#10163=FACE_SURFACE('',(#10168),#10164,.T.);
#10164=PLANE('',#10165);
#10165=AXIS2_PLACEMENT_3D('',#663,#10166,#10167);
#10166=DIRECTION('',(-0.9914431442783055,-0.13053923419243382,-0));
#10167=DIRECTION('',(-0.02832470912880244,0.21512565822188648,-0.9761755282874943));
#10168=FACE_BOUND('',#10169,.T.);
#10169=EDGE_LOOP('',(#10170,#10171,#10172));
#10170=ORIENTED_EDGE('',*,*,#10173,.T.);
#10171=ORIENTED_EDGE('',*,*,#10174,.T.);
#10172=ORIENTED_EDGE('',*,*,#10175,.T.);
#10173=EDGE_CURVE('',#664,#666,#10176,.F.);
#10174=EDGE_CURVE('',#666,#668,#10177,.T.);
#10175=EDGE_CURVE('',#668,#664,#10178,.T.);
#10176=LINE('',#663,#10179);
#10177=LINE('',#665,#10180);
#10178=LINE('',#667,#10181);
#10179=VECTOR('',#10182,1.0);
#10180=VECTOR('',#10183,1.0);
#10181=VECTOR('',#10184,1.0);
#10182=DIRECTION('',(-0.02832470912880244,0.21512565822188648,-0.9761755282874943));
#10183=DIRECTION('',(0.13053923419243382,-0.9914431442783055,0));
#10184=DIRECTION('',(0,0,1));
#10185=FACE_SURFACE('',(#10190),#10186,.T.);
#10186=PLANE('',#10187);
#10187=AXIS2_PLACEMENT_3D('',#663,#10188,#10189);
#10188=DIRECTION('',(-0.9238878676498463,-0.38266330894066647,-0));
#10189=DIRECTION('',(0,0,-1));
#10190=FACE_BOUND('',#10191,.T.);
#10191=EDGE_LOOP('',(#10192,#10193,#10194));
#10192=ORIENTED_EDGE('',*,*,#10195,.T.);
#10193=ORIENTED_EDGE('',*,*,#10196,.T.);
#10194=ORIENTED_EDGE('',*,*,#10197,.T.);
#10195=EDGE_CURVE('',#664,#668,#10198,.F.);
#10196=EDGE_CURVE('',#668,#662,#10199,.T.);
#10197=EDGE_CURVE('',#662,#664,#10200,.T.);
#10198=LINE('',#663,#10201);
#10199=LINE('',#667,#10202);
#10200=LINE('',#661,#10203);
#10201=VECTOR('',#10204,1.0);
#10202=VECTOR('',#10205,1.0);
#10203=VECTOR('',#10206,1.0);
#10204=DIRECTION('',(0,0,-1));
#10205=DIRECTION('',(0.08302966088904304,-0.20046368323847333,0.9761764118821534));
#10206=DIRECTION('',(-0.38266330894066647,0.9238878676498463,0));
#10207=FACE_SURFACE('',(#10212),#10208,.T.);
#10208=PLANE('',#10209);
#10209=AXIS2_PLACEMENT_3D('',#661,#10210,#10211);
#10210=DIRECTION('',(-0.9238878676498463,-0.38266330894066647,-0));
#10211=DIRECTION('',(-0.08302966088904304,0.20046368323847333,-0.9761764118821534));
#10212=FACE_BOUND('',#10213,.T.);
#10213=EDGE_LOOP('',(#10214,#10215,#10216));
#10214=ORIENTED_EDGE('',*,*,#10217,.T.);
#10215=ORIENTED_EDGE('',*,*,#10218,.T.);
#10216=ORIENTED_EDGE('',*,*,#10219,.T.);
#10217=EDGE_CURVE('',#662,#668,#10220,.F.);
#10218=EDGE_CURVE('',#668,#670,#10221,.T.);
#10219=EDGE_CURVE('',#670,#662,#10222,.T.);
#10220=LINE('',#661,#10223);
#10221=LINE('',#667,#10224);
#10222=LINE('',#669,#10225);
#10223=VECTOR('',#10226,1.0);
#10224=VECTOR('',#10227,1.0);
#10225=VECTOR('',#10228,1.0);
#10226=DIRECTION('',(-0.08302966088904304,0.20046368323847333,-0.9761764118821534));
#10227=DIRECTION('',(0.38266330894066647,-0.9238878676498463,0));
#10228=DIRECTION('',(0,0,1));
#10229=FACE_SURFACE('',(#10234),#10230,.T.);
#10230=PLANE('',#10231);
#10231=AXIS2_PLACEMENT_3D('',#661,#10232,#10233);
#10232=DIRECTION('',(-0.7933392396570853,-0.6087798048722689,-0));
#10233=DIRECTION('',(0,0,-1));
#10234=FACE_BOUND('',#10235,.T.);
#10235=EDGE_LOOP('',(#10236,#10237,#10238));
#10236=ORIENTED_EDGE('',*,*,#10239,.T.);
#10237=ORIENTED_EDGE('',*,*,#10240,.T.);
#10238=ORIENTED_EDGE('',*,*,#10241,.T.);
#10239=EDGE_CURVE('',#662,#670,#10242,.F.);
#10240=EDGE_CURVE('',#670,#660,#10243,.T.);
#10241=EDGE_CURVE('',#660,#662,#10244,.T.);
#10242=LINE('',#661,#10245);
#10243=LINE('',#669,#10246);
#10244=LINE('',#659,#10247);
#10245=VECTOR('',#10248,1.0);
#10246=VECTOR('',#10249,1.0);
#10247=VECTOR('',#10250,1.0);
#10248=DIRECTION('',(0,0,-1));
#10249=DIRECTION('',(0.13209599701822716,-0.17214259901110374,0.9761749705751848));
#10250=DIRECTION('',(-0.6087798048722689,0.7933392396570853,0));
#10251=FACE_SURFACE('',(#10256),#10252,.T.);
#10252=PLANE('',#10253);
#10253=AXIS2_PLACEMENT_3D('',#659,#10254,#10255);
#10254=DIRECTION('',(-0.7933392396570853,-0.6087798048722689,-0));
#10255=DIRECTION('',(-0.13209599701822716,0.17214259901110374,-0.9761749705751848));
#10256=FACE_BOUND('',#10257,.T.);
#10257=EDGE_LOOP('',(#10258,#10259,#10260));
#10258=ORIENTED_EDGE('',*,*,#10261,.T.);
#10259=ORIENTED_EDGE('',*,*,#10262,.T.);
#10260=ORIENTED_EDGE('',*,*,#10263,.T.);
#10261=EDGE_CURVE('',#660,#670,#10264,.F.);
#10262=EDGE_CURVE('',#670,#672,#10265,.T.);
#10263=EDGE_CURVE('',#672,#660,#10266,.T.);
#10264=LINE('',#659,#10267);
#10265=LINE('',#669,#10268);
#10266=LINE('',#671,#10269);
#10267=VECTOR('',#10270,1.0);
#10268=VECTOR('',#10271,1.0);
#10269=VECTOR('',#10272,1.0);
#10270=DIRECTION('',(-0.13209599701822716,0.17214259901110374,-0.9761749705751848));
#10271=DIRECTION('',(0.6087798048722689,-0.7933392396570853,0));
#10272=DIRECTION('',(0,0,1));
#10273=FACE_SURFACE('',(#10278),#10274,.T.);
#10274=PLANE('',#10275);
#10275=AXIS2_PLACEMENT_3D('',#659,#10276,#10277);
#10276=DIRECTION('',(-0.6087684786978139,-0.7933479308247732,-0));
#10277=DIRECTION('',(0,0,-1));
#10278=FACE_BOUND('',#10279,.T.);
#10279=EDGE_LOOP('',(#10280,#10281,#10282));
#10280=ORIENTED_EDGE('',*,*,#10283,.T.);
#10281=ORIENTED_EDGE('',*,*,#10284,.T.);
#10282=ORIENTED_EDGE('',*,*,#10285,.T.);
#10283=EDGE_CURVE('',#660,#672,#10286,.F.);
#10284=EDGE_CURVE('',#672,#658,#10287,.T.);
#10285=EDGE_CURVE('',#658,#660,#10288,.T.);
#10286=LINE('',#659,#10289);
#10287=LINE('',#671,#10290);
#10288=LINE('',#657,#10291);
#10289=VECTOR('',#10292,1.0);
#10290=VECTOR('',#10293,1.0);
#10291=VECTOR('',#10294,1.0);
#10292=DIRECTION('',(0,0,-1));
#10293=DIRECTION('',(0.17214268780019706,-0.1320921604498705,0.9761754740745179));
#10294=DIRECTION('',(-0.7933479308247732,0.6087684786978139,0));
#10295=FACE_SURFACE('',(#10300),#10296,.T.);
#10296=PLANE('',#10297);
#10297=AXIS2_PLACEMENT_3D('',#657,#10298,#10299);
#10298=DIRECTION('',(-0.6087684786978139,-0.7933479308247732,-0));
#10299=DIRECTION('',(-0.17214268780019706,0.1320921604498705,-0.9761754740745179));
#10300=FACE_BOUND('',#10301,.T.);
#10301=EDGE_LOOP('',(#10302,#10303,#10304));
#10302=ORIENTED_EDGE('',*,*,#10305,.T.);
#10303=ORIENTED_EDGE('',*,*,#10306,.T.);
#10304=ORIENTED_EDGE('',*,*,#10307,.T.);
#10305=EDGE_CURVE('',#658,#672,#10308,.F.);
#10306=EDGE_CURVE('',#672,#674,#10309,.T.);
#10307=EDGE_CURVE('',#674,#658,#10310,.T.);
#10308=LINE('',#657,#10311);
#10309=LINE('',#671,#10312);
#10310=LINE('',#673,#10313);
#10311=VECTOR('',#10314,1.0);
#10312=VECTOR('',#10315,1.0);
#10313=VECTOR('',#10316,1.0);
#10314=DIRECTION('',(-0.17214268780019706,0.1320921604498705,-0.9761754740745179));
#10315=DIRECTION('',(0.7933479308247732,-0.6087684786978139,0));
#10316=DIRECTION('',(0,0,1));
#10317=FACE_SURFACE('',(#10322),#10318,.T.);
#10318=PLANE('',#10319);
#10319=AXIS2_PLACEMENT_3D('',#657,#10320,#10321);
#10320=DIRECTION('',(-0.38268766721413017,-0.9238777783680087,-0));
#10321=DIRECTION('',(0,0,-1));
#10322=FACE_BOUND('',#10323,.T.);
#10323=EDGE_LOOP('',(#10324,#10325,#10326));
#10324=ORIENTED_EDGE('',*,*,#10327,.T.);
#10325=ORIENTED_EDGE('',*,*,#10328,.T.);
#10326=ORIENTED_EDGE('',*,*,#10329,.T.);
#10327=EDGE_CURVE('',#658,#674,#10330,.F.);
#10328=EDGE_CURVE('',#674,#656,#10331,.T.);
#10329=EDGE_CURVE('',#656,#658,#10332,.T.);
#10330=LINE('',#657,#10333);
#10331=LINE('',#673,#10334);
#10332=LINE('',#655,#10335);
#10333=VECTOR('',#10336,1.0);
#10334=VECTOR('',#10337,1.0);
#10335=VECTOR('',#10338,1.0);
#10336=DIRECTION('',(0,0,-1));
#10337=DIRECTION('',(0.2004673010350212,-0.08303735145716058,0.9761750147789658));
#10338=DIRECTION('',(-0.9238777783680087,0.38268766721413017,0));
#10339=FACE_SURFACE('',(#10344),#10340,.T.);
#10340=PLANE('',#10341);
#10341=AXIS2_PLACEMENT_3D('',#655,#10342,#10343);
#10342=DIRECTION('',(-0.38268766721413017,-0.9238777783680087,-0));
#10343=DIRECTION('',(-0.2004673010350212,0.08303735145716058,-0.9761750147789658));
#10344=FACE_BOUND('',#10345,.T.);
#10345=EDGE_LOOP('',(#10346,#10347,#10348));
#10346=ORIENTED_EDGE('',*,*,#10349,.T.);
#10347=ORIENTED_EDGE('',*,*,#10350,.T.);
#10348=ORIENTED_EDGE('',*,*,#10351,.T.);
#10349=EDGE_CURVE('',#656,#674,#10352,.F.);
#10350=EDGE_CURVE('',#674,#676,#10353,.T.);
#10351=EDGE_CURVE('',#676,#656,#10354,.T.);
#10352=LINE('',#655,#10355);
#10353=LINE('',#673,#10356);
#10354=LINE('',#675,#10357);
#10355=VECTOR('',#10358,1.0);
#10356=VECTOR('',#10359,1.0);
#10357=VECTOR('',#10360,1.0);
#10358=DIRECTION('',(-0.2004673010350212,0.08303735145716058,-0.9761750147789658));
#10359=DIRECTION('',(0.9238777783680087,-0.38268766721413017,0));
#10360=DIRECTION('',(0,0,1));
#10361=FACE_SURFACE('',(#10366),#10362,.T.);
#10362=PLANE('',#10363);
#10363=AXIS2_PLACEMENT_3D('',#655,#10364,#10365);
#10364=DIRECTION('',(-0.13052154529884286,-0.9914454731415148,-0));
#10365=DIRECTION('',(0,0,-1));
#10366=FACE_BOUND('',#10367,.T.);
#10367=EDGE_LOOP('',(#10368,#10369,#10370));
#10368=ORIENTED_EDGE('',*,*,#10371,.T.);
#10369=ORIENTED_EDGE('',*,*,#10372,.T.);
#10370=ORIENTED_EDGE('',*,*,#10373,.T.);
#10371=EDGE_CURVE('',#656,#676,#10374,.F.);
#10372=EDGE_CURVE('',#676,#654,#10375,.T.);
#10373=EDGE_CURVE('',#654,#656,#10376,.T.);
#10374=LINE('',#655,#10377);
#10375=LINE('',#675,#10378);
#10376=LINE('',#653,#10379);
#10377=VECTOR('',#10380,1.0);
#10378=VECTOR('',#10381,1.0);
#10379=VECTOR('',#10382,1.0);
#10380=DIRECTION('',(0,0,-1));
#10381=DIRECTION('',(0.2151256820130387,-0.028320807558724393,0.9761756362446496));
#10382=DIRECTION('',(-0.9914454731415148,0.13052154529884286,0));
#10383=FACE_SURFACE('',(#10388),#10384,.T.);
#10384=PLANE('',#10385);
#10385=AXIS2_PLACEMENT_3D('',#653,#10386,#10387);
#10386=DIRECTION('',(-0.13052154529884286,-0.9914454731415148,-0));
#10387=DIRECTION('',(-0.2151256820130387,0.028320807558724393,-0.9761756362446496));
#10388=FACE_BOUND('',#10389,.T.);
#10389=EDGE_LOOP('',(#10390,#10391,#10392));
#10390=ORIENTED_EDGE('',*,*,#10393,.T.);
#10391=ORIENTED_EDGE('',*,*,#10394,.T.);
#10392=ORIENTED_EDGE('',*,*,#10395,.T.);
#10393=EDGE_CURVE('',#654,#676,#10396,.F.);
#10394=EDGE_CURVE('',#676,#678,#10397,.T.);
#10395=EDGE_CURVE('',#678,#654,#10398,.T.);
#10396=LINE('',#653,#10399);
#10397=LINE('',#675,#10400);
#10398=LINE('',#677,#10401);
#10399=VECTOR('',#10402,1.0);
#10400=VECTOR('',#10403,1.0);
#10401=VECTOR('',#10404,1.0);
#10402=DIRECTION('',(-0.2151256820130387,0.028320807558724393,-0.9761756362446496));
#10403=DIRECTION('',(0.9914454731415148,-0.13052154529884286,0));
#10404=DIRECTION('',(0,0,1));
#10405=FACE_SURFACE('',(#10410),#10406,.T.);
#10406=PLANE('',#10407);
#10407=AXIS2_PLACEMENT_3D('',#653,#10408,#10409);
#10408=DIRECTION('',(0.13052154529883458,-0.9914454731415159,0));
#10409=DIRECTION('',(0,0,-1));
#10410=FACE_BOUND('',#10411,.T.);
#10411=EDGE_LOOP('',(#10412,#10413,#10414));
#10412=ORIENTED_EDGE('',*,*,#10415,.T.);
#10413=ORIENTED_EDGE('',*,*,#10416,.T.);
#10414=ORIENTED_EDGE('',*,*,#10417,.T.);
#10415=EDGE_CURVE('',#654,#678,#10418,.F.);
#10416=EDGE_CURVE('',#678,#652,#10419,.T.);
#10417=EDGE_CURVE('',#652,#654,#10420,.T.);
#10418=LINE('',#653,#10421);
#10419=LINE('',#677,#10422);
#10420=LINE('',#651,#10423);
#10421=VECTOR('',#10424,1.0);
#10422=VECTOR('',#10425,1.0);
#10423=VECTOR('',#10426,1.0);
#10424=DIRECTION('',(0,0,-1));
#10425=DIRECTION('',(0.2151256820130519,0.028320807558724306,0.9761756362446466));
#10426=DIRECTION('',(-0.9914454731415159,-0.13052154529883458,0));
#10427=FACE_SURFACE('',(#10432),#10428,.T.);
#10428=PLANE('',#10429);
#10429=AXIS2_PLACEMENT_3D('',#651,#10430,#10431);
#10430=DIRECTION('',(0.13052154529883458,-0.9914454731415159,0));
#10431=DIRECTION('',(-0.2151256820130519,-0.028320807558724306,-0.9761756362446466));
#10432=FACE_BOUND('',#10433,.T.);
#10433=EDGE_LOOP('',(#10434,#10435,#10436));
#10434=ORIENTED_EDGE('',*,*,#10437,.T.);
#10435=ORIENTED_EDGE('',*,*,#10438,.T.);
#10436=ORIENTED_EDGE('',*,*,#10439,.T.);
#10437=EDGE_CURVE('',#652,#678,#10440,.F.);
#10438=EDGE_CURVE('',#678,#680,#10441,.T.);
#10439=EDGE_CURVE('',#680,#652,#10442,.T.);
#10440=LINE('',#651,#10443);
#10441=LINE('',#677,#10444);
#10442=LINE('',#679,#10445);
#10443=VECTOR('',#10446,1.0);
#10444=VECTOR('',#10447,1.0);
#10445=VECTOR('',#10448,1.0);
#10446=DIRECTION('',(-0.2151256820130519,-0.028320807558724306,-0.9761756362446466));
#10447=DIRECTION('',(0.9914454731415159,0.13052154529883458,0));
#10448=DIRECTION('',(0,0,1));
#10449=FACE_SURFACE('',(#10454),#10450,.T.);
#10450=PLANE('',#10451);
#10451=AXIS2_PLACEMENT_3D('',#651,#10452,#10453);
#10452=DIRECTION('',(0.38268766721415276,-0.9238777783679992,0));
#10453=DIRECTION('',(0,0,-1));
#10454=FACE_BOUND('',#10455,.T.);
#10455=EDGE_LOOP('',(#10456,#10457,#10458));
#10456=ORIENTED_EDGE('',*,*,#10459,.T.);
#10457=ORIENTED_EDGE('',*,*,#10460,.T.);
#10458=ORIENTED_EDGE('',*,*,#10461,.T.);
#10459=EDGE_CURVE('',#652,#680,#10462,.F.);
#10460=EDGE_CURVE('',#680,#650,#10463,.T.);
#10461=EDGE_CURVE('',#650,#652,#10464,.T.);
#10462=LINE('',#651,#10465);
#10463=LINE('',#679,#10466);
#10464=LINE('',#649,#10467);
#10465=VECTOR('',#10468,1.0);
#10466=VECTOR('',#10469,1.0);
#10467=VECTOR('',#10470,1.0);
#10468=DIRECTION('',(0,0,-1));
#10469=DIRECTION('',(0.2004673010350079,0.08303735145716082,0.9761750147789686));
#10470=DIRECTION('',(-0.9238777783679992,-0.38268766721415276,0));
#10471=FACE_SURFACE('',(#10476),#10472,.T.);
#10472=PLANE('',#10473);
#10473=AXIS2_PLACEMENT_3D('',#649,#10474,#10475);
#10474=DIRECTION('',(0.38268766721415276,-0.9238777783679992,0));
#10475=DIRECTION('',(-0.2004673010350079,-0.08303735145716082,-0.9761750147789686));
#10476=FACE_BOUND('',#10477,.T.);
#10477=EDGE_LOOP('',(#10478,#10479,#10480));
#10478=ORIENTED_EDGE('',*,*,#10481,.T.);
#10479=ORIENTED_EDGE('',*,*,#10482,.T.);
#10480=ORIENTED_EDGE('',*,*,#10483,.T.);
#10481=EDGE_CURVE('',#650,#680,#10484,.F.);
#10482=EDGE_CURVE('',#680,#682,#10485,.T.);
#10483=EDGE_CURVE('',#682,#650,#10486,.T.);
#10484=LINE('',#649,#10487);
#10485=LINE('',#679,#10488);
#10486=LINE('',#681,#10489);
#10487=VECTOR('',#10490,1.0);
#10488=VECTOR('',#10491,1.0);
#10489=VECTOR('',#10492,1.0);
#10490=DIRECTION('',(-0.2004673010350079,-0.08303735145716082,-0.9761750147789686));
#10491=DIRECTION('',(0.9238777783679992,0.38268766721415276,0));
#10492=DIRECTION('',(0,0,1));
#10493=FACE_SURFACE('',(#10498),#10494,.T.);
#10494=PLANE('',#10495);
#10495=AXIS2_PLACEMENT_3D('',#649,#10496,#10497);
#10496=DIRECTION('',(0.6087684786978139,-0.7933479308247732,0));
#10497=DIRECTION('',(0,0,-1));
#10498=FACE_BOUND('',#10499,.T.);
#10499=EDGE_LOOP('',(#10500,#10501,#10502));
#10500=ORIENTED_EDGE('',*,*,#10503,.T.);
#10501=ORIENTED_EDGE('',*,*,#10504,.T.);
#10502=ORIENTED_EDGE('',*,*,#10505,.T.);
#10503=EDGE_CURVE('',#650,#682,#10506,.F.);
#10504=EDGE_CURVE('',#682,#648,#10507,.T.);
#10505=EDGE_CURVE('',#648,#650,#10508,.T.);
#10506=LINE('',#649,#10509);
#10507=LINE('',#681,#10510);
#10508=LINE('',#647,#10511);
#10509=VECTOR('',#10512,1.0);
#10510=VECTOR('',#10513,1.0);
#10511=VECTOR('',#10514,1.0);
#10512=DIRECTION('',(0,0,-1));
#10513=DIRECTION('',(0.17214268780019706,0.1320921604498705,0.9761754740745179));
#10514=DIRECTION('',(-0.7933479308247732,-0.6087684786978139,0));
#10515=FACE_SURFACE('',(#10520),#10516,.T.);
#10516=PLANE('',#10517);
#10517=AXIS2_PLACEMENT_3D('',#647,#10518,#10519);
#10518=DIRECTION('',(0.6087684786978139,-0.7933479308247732,0));
#10519=DIRECTION('',(-0.17214268780019706,-0.1320921604498705,-0.9761754740745179));
#10520=FACE_BOUND('',#10521,.T.);
#10521=EDGE_LOOP('',(#10522,#10523,#10524));
#10522=ORIENTED_EDGE('',*,*,#10525,.T.);
#10523=ORIENTED_EDGE('',*,*,#10526,.T.);
#10524=ORIENTED_EDGE('',*,*,#10527,.T.);
#10525=EDGE_CURVE('',#648,#682,#10528,.F.);
#10526=EDGE_CURVE('',#682,#684,#10529,.T.);
#10527=EDGE_CURVE('',#684,#648,#10530,.T.);
#10528=LINE('',#647,#10531);
#10529=LINE('',#681,#10532);
#10530=LINE('',#683,#10533);
#10531=VECTOR('',#10534,1.0);
#10532=VECTOR('',#10535,1.0);
#10533=VECTOR('',#10536,1.0);
#10534=DIRECTION('',(-0.17214268780019706,-0.1320921604498705,-0.9761754740745179));
#10535=DIRECTION('',(0.7933479308247732,0.6087684786978139,0));
#10536=DIRECTION('',(0,0,1));
#10537=FACE_SURFACE('',(#10542),#10538,.T.);
#10538=PLANE('',#10539);
#10539=AXIS2_PLACEMENT_3D('',#647,#10540,#10541);
#10540=DIRECTION('',(0.7933566220211908,-0.6087571521511065,0));
#10541=DIRECTION('',(0,0,-1));
#10542=FACE_BOUND('',#10543,.T.);
#10543=EDGE_LOOP('',(#10544,#10545,#10546));
#10544=ORIENTED_EDGE('',*,*,#10547,.T.);
#10545=ORIENTED_EDGE('',*,*,#10548,.T.);
#10546=ORIENTED_EDGE('',*,*,#10549,.T.);
#10547=EDGE_CURVE('',#648,#684,#10550,.F.);
#10548=EDGE_CURVE('',#684,#646,#10551,.T.);
#10549=EDGE_CURVE('',#646,#648,#10552,.T.);
#10550=LINE('',#647,#10553);
#10551=LINE('',#683,#10554);
#10552=LINE('',#645,#10555);
#10553=VECTOR('',#10556,1.0);
#10554=VECTOR('',#10557,1.0);
#10555=VECTOR('',#10558,1.0);
#10556=DIRECTION('',(0,0,-1));
#10557=DIRECTION('',(0.132088323875564,0.17214277658678998,0.9761759775597506));
#10558=DIRECTION('',(-0.6087571521511065,-0.7933566220211908,0));
#10559=FACE_SURFACE('',(#10564),#10560,.T.);
#10560=PLANE('',#10561);
#10561=AXIS2_PLACEMENT_3D('',#645,#10562,#10563);
#10562=DIRECTION('',(0.7933566220211908,-0.6087571521511065,0));
#10563=DIRECTION('',(-0.132088323875564,-0.17214277658678998,-0.9761759775597506));
#10564=FACE_BOUND('',#10565,.T.);
#10565=EDGE_LOOP('',(#10566,#10567,#10568));
#10566=ORIENTED_EDGE('',*,*,#10569,.T.);
#10567=ORIENTED_EDGE('',*,*,#10570,.T.);
#10568=ORIENTED_EDGE('',*,*,#10571,.T.);
#10569=EDGE_CURVE('',#646,#684,#10572,.F.);
#10570=EDGE_CURVE('',#684,#686,#10573,.T.);
#10571=EDGE_CURVE('',#686,#646,#10574,.T.);
#10572=LINE('',#645,#10575);
#10573=LINE('',#683,#10576);
#10574=LINE('',#685,#10577);
#10575=VECTOR('',#10578,1.0);
#10576=VECTOR('',#10579,1.0);
#10577=VECTOR('',#10580,1.0);
#10578=DIRECTION('',(-0.132088323875564,-0.17214277658678998,-0.9761759775597506));
#10579=DIRECTION('',(0.6087571521511065,0.7933566220211908,0));
#10580=DIRECTION('',(0,0,1));
#10581=FACE_SURFACE('',(#10586),#10582,.T.);
#10582=PLANE('',#10583);
#10583=AXIS2_PLACEMENT_3D('',#645,#10584,#10585);
#10584=DIRECTION('',(0.9238751428959151,-0.38269402966214716,0));
#10585=DIRECTION('',(0,0,-1));
#10586=FACE_BOUND('',#10587,.T.);
#10587=EDGE_LOOP('',(#10588,#10589,#10590));
#10588=ORIENTED_EDGE('',*,*,#10591,.T.);
#10589=ORIENTED_EDGE('',*,*,#10592,.T.);
#10590=ORIENTED_EDGE('',*,*,#10593,.T.);
#10591=EDGE_CURVE('',#646,#686,#10594,.F.);
#10592=EDGE_CURVE('',#686,#644,#10595,.T.);
#10593=EDGE_CURVE('',#644,#646,#10596,.T.);
#10594=LINE('',#645,#10597);
#10595=LINE('',#685,#10598);
#10596=LINE('',#643,#10599);
#10597=VECTOR('',#10600,1.0);
#10598=VECTOR('',#10601,1.0);
#10599=VECTOR('',#10602,1.0);
#10600=DIRECTION('',(0,0,-1));
#10601=DIRECTION('',(0.08303741645531008,0.20046355324927434,0.9761757788877486));
#10602=DIRECTION('',(-0.38269402966214716,-0.9238751428959151,0));
#10603=FACE_SURFACE('',(#10608),#10604,.T.);
#10604=PLANE('',#10605);
#10605=AXIS2_PLACEMENT_3D('',#643,#10606,#10607);
#10606=DIRECTION('',(0.9238751428959151,-0.38269402966214716,0));
#10607=DIRECTION('',(-0.08303741645531008,-0.20046355324927434,-0.9761757788877486));
#10608=FACE_BOUND('',#10609,.T.);
#10609=EDGE_LOOP('',(#10610,#10611,#10612));
#10610=ORIENTED_EDGE('',*,*,#10613,.T.);
#10611=ORIENTED_EDGE('',*,*,#10614,.T.);
#10612=ORIENTED_EDGE('',*,*,#10615,.T.);
#10613=EDGE_CURVE('',#644,#686,#10616,.F.);
#10614=EDGE_CURVE('',#686,#688,#10617,.T.);
#10615=EDGE_CURVE('',#688,#644,#10618,.T.);
#10616=LINE('',#643,#10619);
#10617=LINE('',#685,#10620);
#10618=LINE('',#687,#10621);
#10619=VECTOR('',#10622,1.0);
#10620=VECTOR('',#10623,1.0);
#10621=VECTOR('',#10624,1.0);
#10622=DIRECTION('',(-0.08303741645531008,-0.20046355324927434,-0.9761757788877486));
#10623=DIRECTION('',(0.38269402966214716,0.9238751428959151,0));
#10624=DIRECTION('',(0,0,1));
#10625=FACE_SURFACE('',(#10630),#10626,.T.);
#10626=PLANE('',#10627);
#10627=AXIS2_PLACEMENT_3D('',#643,#10628,#10629);
#10628=DIRECTION('',(0.9914431442783137,-0.13053923419237096,0));
#10629=DIRECTION('',(0,0,-1));
#10630=FACE_BOUND('',#10631,.T.);
#10631=EDGE_LOOP('',(#10632,#10633,#10634));
#10632=ORIENTED_EDGE('',*,*,#10635,.T.);
#10633=ORIENTED_EDGE('',*,*,#10636,.T.);
#10634=ORIENTED_EDGE('',*,*,#10637,.T.);
#10635=EDGE_CURVE('',#644,#688,#10638,.F.);
#10636=EDGE_CURVE('',#688,#642,#10639,.T.);
#10637=EDGE_CURVE('',#642,#644,#10640,.T.);
#10638=LINE('',#643,#10641);
#10639=LINE('',#687,#10642);
#10640=LINE('',#641,#10643);
#10641=VECTOR('',#10644,1.0);
#10642=VECTOR('',#10645,1.0);
#10643=VECTOR('',#10646,1.0);
#10644=DIRECTION('',(0,0,-1));
#10645=DIRECTION('',(0.02832470912878858,0.2151256582218866,0.9761755282874948));
#10646=DIRECTION('',(-0.13053923419237096,-0.9914431442783137,0));
#10647=FACE_SURFACE('',(#10652),#10648,.T.);
#10648=PLANE('',#10649);
#10649=AXIS2_PLACEMENT_3D('',#641,#10650,#10651);
#10650=DIRECTION('',(0.9914431442783137,-0.13053923419237096,0));
#10651=DIRECTION('',(-0.02832470912878858,-0.2151256582218866,-0.9761755282874948));
#10652=FACE_BOUND('',#10653,.T.);
#10653=EDGE_LOOP('',(#10654,#10655,#10656));
#10654=ORIENTED_EDGE('',*,*,#10657,.T.);
#10655=ORIENTED_EDGE('',*,*,#10658,.T.);
#10656=ORIENTED_EDGE('',*,*,#10659,.T.);
#10657=EDGE_CURVE('',#642,#688,#10660,.F.);
#10658=EDGE_CURVE('',#688,#690,#10661,.T.);
#10659=EDGE_CURVE('',#690,#642,#10662,.T.);
#10660=LINE('',#641,#10663);
#10661=LINE('',#687,#10664);
#10662=LINE('',#689,#10665);
#10663=VECTOR('',#10666,1.0);
#10664=VECTOR('',#10667,1.0);
#10665=VECTOR('',#10668,1.0);
#10666=DIRECTION('',(-0.02832470912878858,-0.2151256582218866,-0.9761755282874948));
#10667=DIRECTION('',(0.13053923419237096,0.9914431442783137,0));
#10668=DIRECTION('',(0,0,1));
#10669=FACE_SURFACE('',(#10674),#10670,.T.);
#10670=PLANE('',#10671);
#10671=AXIS2_PLACEMENT_3D('',#641,#10672,#10673);
#10672=DIRECTION('',(0.9914434509219863,0.13053690521803765,0));
#10673=DIRECTION('',(0,0,-1));
#10674=FACE_BOUND('',#10675,.T.);
#10675=EDGE_LOOP('',(#10676,#10677,#10678));
#10676=ORIENTED_EDGE('',*,*,#10679,.T.);
#10677=ORIENTED_EDGE('',*,*,#10680,.T.);
#10678=ORIENTED_EDGE('',*,*,#10681,.T.);
#10679=EDGE_CURVE('',#642,#690,#10682,.F.);
#10680=EDGE_CURVE('',#690,#640,#10683,.T.);
#10681=EDGE_CURVE('',#640,#642,#10684,.T.);
#10682=LINE('',#641,#10685);
#10683=LINE('',#689,#10686);
#10684=LINE('',#639,#10687);
#10685=VECTOR('',#10688,1.0);
#10686=VECTOR('',#10689,1.0);
#10687=VECTOR('',#10690,1.0);
#10688=DIRECTION('',(0,0,-1));
#10689=DIRECTION('',(-0.028324685335801316,0.21512938221340497,0.9761747082920694));
#10690=DIRECTION('',(0.13053690521803765,-0.9914434509219863,0));
#10691=FACE_SURFACE('',(#10696),#10692,.T.);
#10692=PLANE('',#10693);
#10693=AXIS2_PLACEMENT_3D('',#639,#10694,#10695);
#10694=DIRECTION('',(0.9914434509219863,0.13053690521803765,0));
#10695=DIRECTION('',(0.028324685335801316,-0.21512938221340497,-0.9761747082920694));
#10696=FACE_BOUND('',#10697,.T.);
#10697=EDGE_LOOP('',(#10698,#10699,#10700));
#10698=ORIENTED_EDGE('',*,*,#10701,.T.);
#10699=ORIENTED_EDGE('',*,*,#10702,.T.);
#10700=ORIENTED_EDGE('',*,*,#10703,.T.);
#10701=EDGE_CURVE('',#640,#690,#10704,.F.);
#10702=EDGE_CURVE('',#690,#692,#10705,.T.);
#10703=EDGE_CURVE('',#692,#640,#10706,.T.);
#10704=LINE('',#639,#10707);
#10705=LINE('',#689,#10708);
#10706=LINE('',#691,#10709);
#10707=VECTOR('',#10710,1.0);
#10708=VECTOR('',#10711,1.0);
#10709=VECTOR('',#10712,1.0);
#10710=DIRECTION('',(0.028324685335801316,-0.21512938221340497,-0.9761747082920694));
#10711=DIRECTION('',(-0.13053690521803765,0.9914434509219863,0));
#10712=DIRECTION('',(0,0,1));
#10713=FACE_SURFACE('',(#10718),#10714,.T.);
#10714=PLANE('',#10715);
#10715=AXIS2_PLACEMENT_3D('',#639,#10716,#10717);
#10716=DIRECTION('',(0.9238751428959151,0.38269402966214716,0));
#10717=DIRECTION('',(0,0,-1));
#10718=FACE_BOUND('',#10719,.T.);
#10719=EDGE_LOOP('',(#10720,#10721,#10722));
#10720=ORIENTED_EDGE('',*,*,#10723,.T.);
#10721=ORIENTED_EDGE('',*,*,#10724,.T.);
#10722=ORIENTED_EDGE('',*,*,#10725,.T.);
#10723=EDGE_CURVE('',#640,#692,#10726,.F.);
#10724=EDGE_CURVE('',#692,#638,#10727,.T.);
#10725=EDGE_CURVE('',#638,#640,#10728,.T.);
#10726=LINE('',#639,#10729);
#10727=LINE('',#691,#10730);
#10728=LINE('',#637,#10731);
#10729=VECTOR('',#10732,1.0);
#10730=VECTOR('',#10733,1.0);
#10731=VECTOR('',#10734,1.0);
#10732=DIRECTION('',(0,0,-1));
#10733=DIRECTION('',(-0.08303741645531008,0.20046355324927434,0.9761757788877486));
#10734=DIRECTION('',(0.38269402966214716,-0.9238751428959151,0));
#10735=FACE_SURFACE('',(#10740),#10736,.T.);
#10736=PLANE('',#10737);
#10737=AXIS2_PLACEMENT_3D('',#637,#10738,#10739);
#10738=DIRECTION('',(0.9238751428959151,0.38269402966214716,0));
#10739=DIRECTION('',(0.08303741645531008,-0.20046355324927434,-0.9761757788877486));
#10740=FACE_BOUND('',#10741,.T.);
#10741=EDGE_LOOP('',(#10742,#10743,#10744));
#10742=ORIENTED_EDGE('',*,*,#10745,.T.);
#10743=ORIENTED_EDGE('',*,*,#10746,.T.);
#10744=ORIENTED_EDGE('',*,*,#10747,.T.);
#10745=EDGE_CURVE('',#638,#692,#10748,.F.);
#10746=EDGE_CURVE('',#692,#694,#10749,.T.);
#10747=EDGE_CURVE('',#694,#638,#10750,.T.);
#10748=LINE('',#637,#10751);
#10749=LINE('',#691,#10752);
#10750=LINE('',#693,#10753);
#10751=VECTOR('',#10754,1.0);
#10752=VECTOR('',#10755,1.0);
#10753=VECTOR('',#10756,1.0);
#10754=DIRECTION('',(0.08303741645531008,-0.20046355324927434,-0.9761757788877486));
#10755=DIRECTION('',(-0.38269402966214716,0.9238751428959151,0));
#10756=DIRECTION('',(0,0,1));
#10757=FACE_SURFACE('',(#10762),#10758,.T.);
#10758=PLANE('',#10759);
#10759=AXIS2_PLACEMENT_3D('',#637,#10760,#10761);
#10760=DIRECTION('',(0.7933566220212027,0.608757152151091,0));
#10761=DIRECTION('',(0,0,-1));
#10762=FACE_BOUND('',#10763,.T.);
#10763=EDGE_LOOP('',(#10764,#10765,#10766));
#10764=ORIENTED_EDGE('',*,*,#10767,.T.);
#10765=ORIENTED_EDGE('',*,*,#10768,.T.);
#10766=ORIENTED_EDGE('',*,*,#10769,.T.);
#10767=EDGE_CURVE('',#638,#694,#10770,.F.);
#10768=EDGE_CURVE('',#694,#636,#10771,.T.);
#10769=EDGE_CURVE('',#636,#638,#10772,.T.);
#10770=LINE('',#637,#10773);
#10771=LINE('',#693,#10774);
#10772=LINE('',#635,#10775);
#10773=VECTOR('',#10776,1.0);
#10774=VECTOR('',#10777,1.0);
#10775=VECTOR('',#10778,1.0);
#10776=DIRECTION('',(0,0,-1));
#10777=DIRECTION('',(-0.13208832387556385,0.17214277658679675,0.9761759775597495));
#10778=DIRECTION('',(0.608757152151091,-0.7933566220212027,0));
#10779=FACE_SURFACE('',(#10784),#10780,.T.);
#10780=PLANE('',#10781);
#10781=AXIS2_PLACEMENT_3D('',#635,#10782,#10783);
#10782=DIRECTION('',(0.7933566220212027,0.608757152151091,0));
#10783=DIRECTION('',(0.13208832387556385,-0.17214277658679675,-0.9761759775597495));
#10784=FACE_BOUND('',#10785,.T.);
#10785=EDGE_LOOP('',(#10786,#10787,#10788));
#10786=ORIENTED_EDGE('',*,*,#10789,.T.);
#10787=ORIENTED_EDGE('',*,*,#10790,.T.);
#10788=ORIENTED_EDGE('',*,*,#10791,.T.);
#10789=EDGE_CURVE('',#636,#694,#10792,.F.);
#10790=EDGE_CURVE('',#694,#696,#10793,.T.);
#10791=EDGE_CURVE('',#696,#636,#10794,.T.);
#10792=LINE('',#635,#10795);
#10793=LINE('',#693,#10796);
#10794=LINE('',#695,#10797);
#10795=VECTOR('',#10798,1.0);
#10796=VECTOR('',#10799,1.0);
#10797=VECTOR('',#10800,1.0);
#10798=DIRECTION('',(0.13208832387556385,-0.17214277658679675,-0.9761759775597495));
#10799=DIRECTION('',(-0.608757152151091,0.7933566220212027,0));
#10800=DIRECTION('',(0,0,1));
#10801=FACE_SURFACE('',(#10806),#10802,.T.);
#10802=PLANE('',#10803);
#10803=AXIS2_PLACEMENT_3D('',#635,#10804,#10805);
#10804=DIRECTION('',(0.6087684786977939,0.7933479308247887,0));
#10805=DIRECTION('',(0,0,-1));
#10806=FACE_BOUND('',#10807,.T.);
#10807=EDGE_LOOP('',(#10808,#10809,#10810));
#10808=ORIENTED_EDGE('',*,*,#10811,.T.);
#10809=ORIENTED_EDGE('',*,*,#10812,.T.);
#10810=ORIENTED_EDGE('',*,*,#10813,.T.);
#10811=EDGE_CURVE('',#636,#696,#10814,.F.);
#10812=EDGE_CURVE('',#696,#634,#10815,.T.);
#10813=EDGE_CURVE('',#634,#636,#10816,.T.);
#10814=LINE('',#635,#10817);
#10815=LINE('',#695,#10818);
#10816=LINE('',#633,#10819);
#10817=VECTOR('',#10820,1.0);
#10818=VECTOR('',#10821,1.0);
#10819=VECTOR('',#10822,1.0);
#10820=DIRECTION('',(0,0,-1));
#10821=DIRECTION('',(-0.17214268780019717,0.13209216044986363,0.9761754740745185));
#10822=DIRECTION('',(0.7933479308247887,-0.6087684786977939,0));
#10823=FACE_SURFACE('',(#10828),#10824,.T.);
#10824=PLANE('',#10825);
#10825=AXIS2_PLACEMENT_3D('',#633,#10826,#10827);
#10826=DIRECTION('',(0.6087684786977939,0.7933479308247887,0));
#10827=DIRECTION('',(0.17214268780019717,-0.13209216044986363,-0.9761754740745185));
#10828=FACE_BOUND('',#10829,.T.);
#10829=EDGE_LOOP('',(#10830,#10831,#10832));
#10830=ORIENTED_EDGE('',*,*,#10833,.T.);
#10831=ORIENTED_EDGE('',*,*,#10834,.T.);
#10832=ORIENTED_EDGE('',*,*,#10835,.T.);
#10833=EDGE_CURVE('',#634,#696,#10836,.F.);
#10834=EDGE_CURVE('',#696,#698,#10837,.T.);
#10835=EDGE_CURVE('',#698,#634,#10838,.T.);
#10836=LINE('',#633,#10839);
#10837=LINE('',#695,#10840);
#10838=LINE('',#697,#10841);
#10839=VECTOR('',#10842,1.0);
#10840=VECTOR('',#10843,1.0);
#10841=VECTOR('',#10844,1.0);
#10842=DIRECTION('',(0.17214268780019717,-0.13209216044986363,-0.9761754740745185));
#10843=DIRECTION('',(-0.7933479308247887,0.6087684786977939,0));
#10844=DIRECTION('',(0,0,1));
#10845=FACE_SURFACE('',(#10850),#10846,.T.);
#10846=PLANE('',#10847);
#10847=AXIS2_PLACEMENT_3D('',#633,#10848,#10849);
#10848=DIRECTION('',(0.3826723071798525,0.92388414063542,0));
#10849=DIRECTION('',(0,0,-1));
#10850=FACE_BOUND('',#10851,.T.);
#10851=EDGE_LOOP('',(#10852,#10853,#10854));
#10852=ORIENTED_EDGE('',*,*,#10855,.T.);
#10853=ORIENTED_EDGE('',*,*,#10856,.T.);
#10854=ORIENTED_EDGE('',*,*,#10857,.T.);
#10855=EDGE_CURVE('',#634,#698,#10858,.F.);
#10856=EDGE_CURVE('',#698,#632,#10859,.T.);
#10857=EDGE_CURVE('',#632,#634,#10860,.T.);
#10858=LINE('',#633,#10861);
#10859=LINE('',#697,#10862);
#10860=LINE('',#631,#10863);
#10861=VECTOR('',#10864,1.0);
#10862=VECTOR('',#10865,1.0);
#10863=VECTOR('',#10866,1.0);
#10864=DIRECTION('',(0,0,-1));
#10865=DIRECTION('',(-0.20046736603221724,0.08303347367891328,0.9761753312827149));
#10866=DIRECTION('',(0.92388414063542,-0.3826723071798525,0));
#10867=FACE_SURFACE('',(#10872),#10868,.T.);
#10868=PLANE('',#10869);
#10869=AXIS2_PLACEMENT_3D('',#631,#10870,#10871);
#10870=DIRECTION('',(0.3826723071798525,0.92388414063542,0));
#10871=DIRECTION('',(0.20046736603221724,-0.08303347367891328,-0.9761753312827149));
#10872=FACE_BOUND('',#10873,.T.);
#10873=EDGE_LOOP('',(#10874,#10875,#10876));
#10874=ORIENTED_EDGE('',*,*,#10877,.T.);
#10875=ORIENTED_EDGE('',*,*,#10878,.T.);
#10876=ORIENTED_EDGE('',*,*,#10879,.T.);
#10877=EDGE_CURVE('',#632,#698,#10880,.F.);
#10878=EDGE_CURVE('',#698,#700,#10881,.T.);
#10879=EDGE_CURVE('',#700,#632,#10882,.T.);
#10880=LINE('',#631,#10883);
#10881=LINE('',#697,#10884);
#10882=LINE('',#699,#10885);
#10883=VECTOR('',#10886,1.0);
#10884=VECTOR('',#10887,1.0);
#10885=VECTOR('',#10888,1.0);
#10886=DIRECTION('',(0.20046736603221724,-0.08303347367891328,-0.9761753312827149));
#10887=DIRECTION('',(-0.92388414063542,0.3826723071798525,0));
#10888=DIRECTION('',(0,0,1));
#10889=FACE_SURFACE('',(#10894),#10890,.T.);
#10890=PLANE('',#10891);
#10891=AXIS2_PLACEMENT_3D('',#631,#10892,#10893);
#10892=DIRECTION('',(0.13053923419237096,0.9914431442783137,0));
#10893=DIRECTION('',(0,0,-1));
#10894=FACE_BOUND('',#10895,.T.);
#10895=EDGE_LOOP('',(#10896,#10897,#10898));
#10896=ORIENTED_EDGE('',*,*,#10899,.T.);
#10897=ORIENTED_EDGE('',*,*,#10900,.T.);
#10898=ORIENTED_EDGE('',*,*,#10901,.T.);
#10899=EDGE_CURVE('',#632,#700,#10902,.F.);
#10900=EDGE_CURVE('',#700,#630,#10903,.T.);
#10901=EDGE_CURVE('',#630,#632,#10904,.T.);
#10902=LINE('',#631,#10905);
#10903=LINE('',#699,#10906);
#10904=LINE('',#629,#10907);
#10905=VECTOR('',#10908,1.0);
#10906=VECTOR('',#10909,1.0);
#10907=VECTOR('',#10910,1.0);
#10908=DIRECTION('',(0,0,-1));
#10909=DIRECTION('',(-0.2151256582218866,0.02832470912878858,0.9761755282874948));
#10910=DIRECTION('',(0.9914431442783137,-0.13053923419237096,0));
#10911=FACE_SURFACE('',(#10916),#10912,.T.);
#10912=PLANE('',#10913);
#10913=AXIS2_PLACEMENT_3D('',#629,#10914,#10915);
#10914=DIRECTION('',(0.13053923419237096,0.9914431442783137,0));
#10915=DIRECTION('',(0.2151256582218866,-0.02832470912878858,-0.9761755282874948));
#10916=FACE_BOUND('',#10917,.T.);
#10917=EDGE_LOOP('',(#10918,#10919,#10920));
#10918=ORIENTED_EDGE('',*,*,#10921,.T.);
#10919=ORIENTED_EDGE('',*,*,#10922,.T.);
#10920=ORIENTED_EDGE('',*,*,#10923,.T.);
#10921=EDGE_CURVE('',#630,#700,#10924,.F.);
#10922=EDGE_CURVE('',#700,#702,#10925,.T.);
#10923=EDGE_CURVE('',#702,#630,#10926,.T.);
#10924=LINE('',#629,#10927);
#10925=LINE('',#699,#10928);
#10926=LINE('',#701,#10929);
#10927=VECTOR('',#10930,1.0);
#10928=VECTOR('',#10931,1.0);
#10929=VECTOR('',#10932,1.0);
#10930=DIRECTION('',(0.2151256582218866,-0.02832470912878858,-0.9761755282874948));
#10931=DIRECTION('',(-0.9914431442783137,0.13053923419237096,0));
#10932=DIRECTION('',(0,0,1));
#10933=FACE_SURFACE('',(#10938),#10934,.T.);
#10934=PLANE('',#10935);
#10935=AXIS2_PLACEMENT_3D('',#629,#10936,#10937);
#10936=DIRECTION('',(-0.13053923419237923,0.9914431442783127,0));
#10937=DIRECTION('',(0,0,-1));
#10938=FACE_BOUND('',#10939,.T.);
#10939=EDGE_LOOP('',(#10940,#10941,#10942));
#10940=ORIENTED_EDGE('',*,*,#10943,.T.);
#10941=ORIENTED_EDGE('',*,*,#10944,.T.);
#10942=ORIENTED_EDGE('',*,*,#10945,.T.);
#10943=EDGE_CURVE('',#630,#702,#10946,.F.);
#10944=EDGE_CURVE('',#702,#628,#10947,.T.);
#10945=EDGE_CURVE('',#628,#630,#10948,.T.);
#10946=LINE('',#629,#10949);
#10947=LINE('',#701,#10950);
#10948=LINE('',#627,#10951);
#10949=VECTOR('',#10952,1.0);
#10950=VECTOR('',#10953,1.0);
#10951=VECTOR('',#10954,1.0);
#10952=DIRECTION('',(0,0,-1));
#10953=DIRECTION('',(-0.21512565822187335,-0.028324709128788664,0.9761755282874977));
#10954=DIRECTION('',(0.9914431442783127,0.13053923419237923,0));
#10955=FACE_SURFACE('',(#10960),#10956,.T.);
#10956=PLANE('',#10957);
#10957=AXIS2_PLACEMENT_3D('',#627,#10958,#10959);
#10958=DIRECTION('',(-0.13053923419237923,0.9914431442783127,0));
#10959=DIRECTION('',(0.21512565822187335,0.028324709128788664,-0.9761755282874977));
#10960=FACE_BOUND('',#10961,.T.);
#10961=EDGE_LOOP('',(#10962,#10963,#10964));
#10962=ORIENTED_EDGE('',*,*,#10965,.T.);
#10963=ORIENTED_EDGE('',*,*,#10966,.T.);
#10964=ORIENTED_EDGE('',*,*,#10967,.T.);
#10965=EDGE_CURVE('',#628,#702,#10968,.F.);
#10966=EDGE_CURVE('',#702,#704,#10969,.T.);
#10967=EDGE_CURVE('',#704,#628,#10970,.T.);
#10968=LINE('',#627,#10971);
#10969=LINE('',#701,#10972);
#10970=LINE('',#703,#10973);
#10971=VECTOR('',#10974,1.0);
#10972=VECTOR('',#10975,1.0);
#10973=VECTOR('',#10976,1.0);
#10974=DIRECTION('',(0.21512565822187335,0.028324709128788664,-0.9761755282874977));
#10975=DIRECTION('',(-0.9914431442783127,-0.13053923419237923,0));
#10976=DIRECTION('',(0,0,1));
#10977=FACE_SURFACE('',(#10982),#10978,.T.);
#10978=PLANE('',#10979);
#10979=AXIS2_PLACEMENT_3D('',#627,#10980,#10981);
#10980=DIRECTION('',(-0.3826723071798299,0.9238841406354295,0));
#10981=DIRECTION('',(0,0,-1));
#10982=FACE_BOUND('',#10983,.T.);
#10983=EDGE_LOOP('',(#10984,#10985,#10986));
#10984=ORIENTED_EDGE('',*,*,#10987,.T.);
#10985=ORIENTED_EDGE('',*,*,#10988,.T.);
#10986=ORIENTED_EDGE('',*,*,#10989,.T.);
#10987=EDGE_CURVE('',#628,#704,#10990,.F.);
#10988=EDGE_CURVE('',#704,#626,#10991,.T.);
#10989=EDGE_CURVE('',#626,#628,#10992,.T.);
#10990=LINE('',#627,#10993);
#10991=LINE('',#703,#10994);
#10992=LINE('',#625,#10995);
#10993=VECTOR('',#10996,1.0);
#10994=VECTOR('',#10997,1.0);
#10995=VECTOR('',#10998,1.0);
#10996=DIRECTION('',(0,0,-1));
#10997=DIRECTION('',(-0.20046736603223053,-0.08303347367891305,0.9761753312827122));
#10998=DIRECTION('',(0.9238841406354295,0.3826723071798299,0));
#10999=FACE_SURFACE('',(#11004),#11000,.T.);
#11000=PLANE('',#11001);
#11001=AXIS2_PLACEMENT_3D('',#625,#11002,#11003);
#11002=DIRECTION('',(-0.3826723071798299,0.9238841406354295,0));
#11003=DIRECTION('',(0.20046736603223053,0.08303347367891305,-0.9761753312827122));
#11004=FACE_BOUND('',#11005,.T.);
#11005=EDGE_LOOP('',(#11006,#11007,#11008));
#11006=ORIENTED_EDGE('',*,*,#11009,.T.);
#11007=ORIENTED_EDGE('',*,*,#11010,.T.);
#11008=ORIENTED_EDGE('',*,*,#11011,.T.);
#11009=EDGE_CURVE('',#626,#704,#11012,.F.);
#11010=EDGE_CURVE('',#704,#706,#11013,.T.);
#11011=EDGE_CURVE('',#706,#626,#11014,.T.);
#11012=LINE('',#625,#11015);
#11013=LINE('',#703,#11016);
#11014=LINE('',#705,#11017);
#11015=VECTOR('',#11018,1.0);
#11016=VECTOR('',#11019,1.0);
#11017=VECTOR('',#11020,1.0);
#11018=DIRECTION('',(0.20046736603223053,0.08303347367891305,-0.9761753312827122));
#11019=DIRECTION('',(-0.9238841406354295,-0.3826723071798299,0));
#11020=DIRECTION('',(0,0,1));
#11021=FACE_SURFACE('',(#11026),#11022,.T.);
#11022=PLANE('',#11023);
#11023=AXIS2_PLACEMENT_3D('',#625,#11024,#11025);
#11024=DIRECTION('',(-0.6087684786977939,0.7933479308247887,0));
#11025=DIRECTION('',(0,0,-1));
#11026=FACE_BOUND('',#11027,.T.);
#11027=EDGE_LOOP('',(#11028,#11029,#11030));
#11028=ORIENTED_EDGE('',*,*,#11031,.T.);
#11029=ORIENTED_EDGE('',*,*,#11032,.T.);
#11030=ORIENTED_EDGE('',*,*,#11033,.T.);
#11031=EDGE_CURVE('',#626,#706,#11034,.F.);
#11032=EDGE_CURVE('',#706,#624,#11035,.T.);
#11033=EDGE_CURVE('',#624,#626,#11036,.T.);
#11034=LINE('',#625,#11037);
#11035=LINE('',#705,#11038);
#11036=LINE('',#623,#11039);
#11037=VECTOR('',#11040,1.0);
#11038=VECTOR('',#11041,1.0);
#11039=VECTOR('',#11042,1.0);
#11040=DIRECTION('',(0,0,-1));
#11041=DIRECTION('',(-0.17214268780019717,-0.13209216044986363,0.9761754740745185));
#11042=DIRECTION('',(0.7933479308247887,0.6087684786977939,0));
#11043=FACE_SURFACE('',(#11048),#11044,.T.);
#11044=PLANE('',#11045);
#11045=AXIS2_PLACEMENT_3D('',#623,#11046,#11047);
#11046=DIRECTION('',(-0.6087684786977939,0.7933479308247887,0));
#11047=DIRECTION('',(0.17214268780019717,0.13209216044986363,-0.9761754740745185));
#11048=FACE_BOUND('',#11049,.T.);
#11049=EDGE_LOOP('',(#11050,#11051,#11052));
#11050=ORIENTED_EDGE('',*,*,#11053,.T.);
#11051=ORIENTED_EDGE('',*,*,#11054,.T.);
#11052=ORIENTED_EDGE('',*,*,#11055,.T.);
#11053=EDGE_CURVE('',#624,#706,#11056,.F.);
#11054=EDGE_CURVE('',#706,#708,#11057,.T.);
#11055=EDGE_CURVE('',#708,#624,#11058,.T.);
#11056=LINE('',#623,#11059);
#11057=LINE('',#705,#11060);
#11058=LINE('',#707,#11061);
#11059=VECTOR('',#11062,1.0);
#11060=VECTOR('',#11063,1.0);
#11061=VECTOR('',#11064,1.0);
#11062=DIRECTION('',(0.17214268780019717,0.13209216044986363,-0.9761754740745185));
#11063=DIRECTION('',(-0.7933479308247887,-0.6087684786977939,0));
#11064=DIRECTION('',(0,0,1));
#11065=FACE_SURFACE('',(#11070),#11066,.T.);
#11066=PLANE('',#11067);
#11067=AXIS2_PLACEMENT_3D('',#623,#11068,#11069);
#11068=DIRECTION('',(-0.7933392396570972,0.6087798048722535,0));
#11069=DIRECTION('',(0,0,-1));
#11070=FACE_BOUND('',#11071,.T.);
#11071=EDGE_LOOP('',(#11072,#11073,#11074));
#11072=ORIENTED_EDGE('',*,*,#11075,.T.);
#11073=ORIENTED_EDGE('',*,*,#11076,.T.);
#11074=ORIENTED_EDGE('',*,*,#11077,.T.);
#11075=EDGE_CURVE('',#624,#708,#11078,.F.);
#11076=EDGE_CURVE('',#708,#622,#11079,.T.);
#11077=EDGE_CURVE('',#622,#624,#11080,.T.);
#11078=LINE('',#623,#11081);
#11079=LINE('',#707,#11082);
#11080=LINE('',#621,#11083);
#11081=VECTOR('',#11084,1.0);
#11082=VECTOR('',#11085,1.0);
#11083=VECTOR('',#11086,1.0);
#11084=DIRECTION('',(0,0,-1));
#11085=DIRECTION('',(-0.132095997018227,-0.17214259901111043,0.9761749705751835));
#11086=DIRECTION('',(0.6087798048722535,0.7933392396570972,0));
#11087=FACE_SURFACE('',(#11092),#11088,.T.);
#11088=PLANE('',#11089);
#11089=AXIS2_PLACEMENT_3D('',#621,#11090,#11091);
#11090=DIRECTION('',(-0.7933392396570972,0.6087798048722535,0));
#11091=DIRECTION('',(0.132095997018227,0.17214259901111043,-0.9761749705751835));
#11092=FACE_BOUND('',#11093,.T.);
#11093=EDGE_LOOP('',(#11094,#11095,#11096));
#11094=ORIENTED_EDGE('',*,*,#11097,.T.);
#11095=ORIENTED_EDGE('',*,*,#11098,.T.);
#11096=ORIENTED_EDGE('',*,*,#11099,.T.);
#11097=EDGE_CURVE('',#622,#708,#11100,.F.);
#11098=EDGE_CURVE('',#708,#710,#11101,.T.);
#11099=EDGE_CURVE('',#710,#622,#11102,.T.);
#11100=LINE('',#621,#11103);
#11101=LINE('',#707,#11104);
#11102=LINE('',#709,#11105);
#11103=VECTOR('',#11106,1.0);
#11104=VECTOR('',#11107,1.0);
#11105=VECTOR('',#11108,1.0);
#11106=DIRECTION('',(0.132095997018227,0.17214259901111043,-0.9761749705751835));
#11107=DIRECTION('',(-0.6087798048722535,-0.7933392396570972,0));
#11108=DIRECTION('',(0,0,1));
#11109=FACE_SURFACE('',(#11114),#11110,.T.);
#11110=PLANE('',#11111);
#11111=AXIS2_PLACEMENT_3D('',#621,#11112,#11113);
#11112=DIRECTION('',(-0.9238878676498463,0.38266330894066647,0));
#11113=DIRECTION('',(0,0,-1));
#11114=FACE_BOUND('',#11115,.T.);
#11115=EDGE_LOOP('',(#11116,#11117,#11118));
#11116=ORIENTED_EDGE('',*,*,#11119,.T.);
#11117=ORIENTED_EDGE('',*,*,#11120,.T.);
#11118=ORIENTED_EDGE('',*,*,#11121,.T.);
#11119=EDGE_CURVE('',#622,#710,#11122,.F.);
#11120=EDGE_CURVE('',#710,#620,#11123,.T.);
#11121=EDGE_CURVE('',#620,#622,#11124,.T.);
#11122=LINE('',#621,#11125);
#11123=LINE('',#709,#11126);
#11124=LINE('',#619,#11127);
#11125=VECTOR('',#11128,1.0);
#11126=VECTOR('',#11129,1.0);
#11127=VECTOR('',#11130,1.0);
#11128=DIRECTION('',(0,0,-1));
#11129=DIRECTION('',(-0.08302966088904304,-0.20046368323847333,0.9761764118821534));
#11130=DIRECTION('',(0.38266330894066647,0.9238878676498463,0));
#11131=FACE_SURFACE('',(#11136),#11132,.T.);
#11132=PLANE('',#11133);
#11133=AXIS2_PLACEMENT_3D('',#619,#11134,#11135);
#11134=DIRECTION('',(-0.9238878676498463,0.38266330894066647,0));
#11135=DIRECTION('',(0.08302966088904304,0.20046368323847333,-0.9761764118821534));
#11136=FACE_BOUND('',#11137,.T.);
#11137=EDGE_LOOP('',(#11138,#11139,#11140));
#11138=ORIENTED_EDGE('',*,*,#11141,.T.);
#11139=ORIENTED_EDGE('',*,*,#11142,.T.);
#11140=ORIENTED_EDGE('',*,*,#11143,.T.);
#11141=EDGE_CURVE('',#620,#710,#11144,.F.);
#11142=EDGE_CURVE('',#710,#712,#11145,.T.);
#11143=EDGE_CURVE('',#712,#620,#11146,.T.);
#11144=LINE('',#619,#11147);
#11145=LINE('',#709,#11148);
#11146=LINE('',#711,#11149);
#11147=VECTOR('',#11150,1.0);
#11148=VECTOR('',#11151,1.0);
#11149=VECTOR('',#11152,1.0);
#11150=DIRECTION('',(0.08302966088904304,0.20046368323847333,-0.9761764118821534));
#11151=DIRECTION('',(-0.38266330894066647,-0.9238878676498463,0));
#11152=DIRECTION('',(0,0,1));
#11153=FACE_SURFACE('',(#11158),#11154,.T.);
#11154=PLANE('',#11155);
#11155=AXIS2_PLACEMENT_3D('',#715,#11156,#11157);
#11156=DIRECTION('',(-0.9914431442783055,-0.13053923419243382,0));
#11157=DIRECTION('',(0,0,1));
#11158=FACE_BOUND('',#11159,.T.);
#11159=EDGE_LOOP('',(#11160,#11161,#11162));
#11160=ORIENTED_EDGE('',*,*,#11163,.T.);
#11161=ORIENTED_EDGE('',*,*,#11164,.T.);
#11162=ORIENTED_EDGE('',*,*,#11165,.T.);
#11163=EDGE_CURVE('',#716,#808,#11166,.F.);
#11164=EDGE_CURVE('',#808,#714,#11167,.T.);
#11165=EDGE_CURVE('',#714,#716,#11168,.T.);
#11166=LINE('',#715,#11169);
#11167=LINE('',#807,#11170);
#11168=LINE('',#713,#11171);
#11169=VECTOR('',#11172,1.0);
#11170=VECTOR('',#11173,1.0);
#11171=VECTOR('',#11174,1.0);
#11172=DIRECTION('',(0,0,1));
#11173=DIRECTION('',(-0.0867377050139186,0.6587713151412681,-0.7473265182475213));
#11174=DIRECTION('',(0.13053923419243382,-0.9914431442783055,0));
#11175=FACE_SURFACE('',(#11180),#11176,.T.);
#11176=PLANE('',#11177);
#11177=AXIS2_PLACEMENT_3D('',#713,#11178,#11179);
#11178=DIRECTION('',(-0.9914431442783055,-0.13053923419243382,0));
#11179=DIRECTION('',(0.0867377050139186,-0.6587713151412681,0.7473265182475213));
#11180=FACE_BOUND('',#11181,.T.);
#11181=EDGE_LOOP('',(#11182,#11183,#11184));
#11182=ORIENTED_EDGE('',*,*,#11185,.T.);
#11183=ORIENTED_EDGE('',*,*,#11186,.T.);
#11184=ORIENTED_EDGE('',*,*,#11187,.T.);
#11185=EDGE_CURVE('',#714,#808,#11188,.F.);
#11186=EDGE_CURVE('',#808,#762,#11189,.T.);
#11187=EDGE_CURVE('',#762,#714,#11190,.T.);
#11188=LINE('',#713,#11191);
#11189=LINE('',#807,#11192);
#11190=LINE('',#761,#11193);
#11191=VECTOR('',#11194,1.0);
#11192=VECTOR('',#11195,1.0);
#11193=VECTOR('',#11196,1.0);
#11194=DIRECTION('',(0.0867377050139186,-0.6587713151412681,0.7473265182475213));
#11195=DIRECTION('',(-0.13053923419243382,0.9914431442783055,0));
#11196=DIRECTION('',(0,0,-1));
#11197=FACE_SURFACE('',(#11202),#11198,.T.);
#11198=PLANE('',#11199);
#11199=AXIS2_PLACEMENT_3D('',#713,#11200,#11201);
#11200=DIRECTION('',(-0.991443450921978,0.1305369052181005,0));
#11201=DIRECTION('',(0,0,1));
#11202=FACE_BOUND('',#11203,.T.);
#11203=EDGE_LOOP('',(#11204,#11205,#11206));
#11204=ORIENTED_EDGE('',*,*,#11207,.T.);
#11205=ORIENTED_EDGE('',*,*,#11208,.T.);
#11206=ORIENTED_EDGE('',*,*,#11209,.T.);
#11207=EDGE_CURVE('',#714,#762,#11210,.F.);
#11208=EDGE_CURVE('',#762,#760,#11211,.T.);
#11209=EDGE_CURVE('',#760,#714,#11212,.T.);
#11210=LINE('',#713,#11213);
#11211=LINE('',#761,#11214);
#11212=LINE('',#759,#11215);
#11213=VECTOR('',#11216,1.0);
#11214=VECTOR('',#11217,1.0);
#11215=VECTOR('',#11218,1.0);
#11216=DIRECTION('',(0,0,1));
#11217=DIRECTION('',(0.08673702177626463,0.6587780830936258,-0.7473206315155977));
#11218=DIRECTION('',(-0.1305369052181005,-0.991443450921978,0));
#11219=FACE_SURFACE('',(#11224),#11220,.T.);
#11220=PLANE('',#11221);
#11221=AXIS2_PLACEMENT_3D('',#759,#11222,#11223);
#11222=DIRECTION('',(-0.991443450921978,0.1305369052181005,0));
#11223=DIRECTION('',(-0.08673702177626463,-0.6587780830936258,0.7473206315155977));
#11224=FACE_BOUND('',#11225,.T.);
#11225=EDGE_LOOP('',(#11226,#11227,#11228));
#11226=ORIENTED_EDGE('',*,*,#11229,.T.);
#11227=ORIENTED_EDGE('',*,*,#11230,.T.);
#11228=ORIENTED_EDGE('',*,*,#11231,.T.);
#11229=EDGE_CURVE('',#760,#762,#11232,.F.);
#11230=EDGE_CURVE('',#762,#764,#11233,.T.);
#11231=EDGE_CURVE('',#764,#760,#11234,.T.);
#11232=LINE('',#759,#11235);
#11233=LINE('',#761,#11236);
#11234=LINE('',#763,#11237);
#11235=VECTOR('',#11238,1.0);
#11236=VECTOR('',#11239,1.0);
#11237=VECTOR('',#11240,1.0);
#11238=DIRECTION('',(-0.08673702177626463,-0.6587780830936258,0.7473206315155977));
#11239=DIRECTION('',(0.1305369052181005,0.991443450921978,0));
#11240=DIRECTION('',(0,0,-1));
#11241=FACE_SURFACE('',(#11246),#11242,.T.);
#11242=PLANE('',#11243);
#11243=AXIS2_PLACEMENT_3D('',#759,#11244,#11245);
#11244=DIRECTION('',(-0.9238878676498463,0.38266330894066647,0));
#11245=DIRECTION('',(0,0,1));
#11246=FACE_BOUND('',#11247,.T.);
#11247=EDGE_LOOP('',(#11248,#11249,#11250));
#11248=ORIENTED_EDGE('',*,*,#11251,.T.);
#11249=ORIENTED_EDGE('',*,*,#11252,.T.);
#11250=ORIENTED_EDGE('',*,*,#11253,.T.);
#11251=EDGE_CURVE('',#760,#764,#11254,.F.);
#11252=EDGE_CURVE('',#764,#758,#11255,.T.);
#11253=EDGE_CURVE('',#758,#760,#11256,.T.);
#11254=LINE('',#759,#11257);
#11255=LINE('',#763,#11258);
#11256=LINE('',#757,#11259);
#11257=VECTOR('',#11260,1.0);
#11258=VECTOR('',#11261,1.0);
#11259=VECTOR('',#11262,1.0);
#11260=DIRECTION('',(0,0,1));
#11261=DIRECTION('',(0.25426057553773557,0.6138771485860033,-0.747332861696271));
#11262=DIRECTION('',(-0.38266330894066647,-0.9238878676498463,0));
#11263=FACE_SURFACE('',(#11268),#11264,.T.);
#11264=PLANE('',#11265);
#11265=AXIS2_PLACEMENT_3D('',#757,#11266,#11267);
#11266=DIRECTION('',(-0.9238878676498463,0.38266330894066647,0));
#11267=DIRECTION('',(-0.25426057553773557,-0.6138771485860033,0.747332861696271));
#11268=FACE_BOUND('',#11269,.T.);
#11269=EDGE_LOOP('',(#11270,#11271,#11272));
#11270=ORIENTED_EDGE('',*,*,#11273,.T.);
#11271=ORIENTED_EDGE('',*,*,#11274,.T.);
#11272=ORIENTED_EDGE('',*,*,#11275,.T.);
#11273=EDGE_CURVE('',#758,#764,#11276,.F.);
#11274=EDGE_CURVE('',#764,#766,#11277,.T.);
#11275=EDGE_CURVE('',#766,#758,#11278,.T.);
#11276=LINE('',#757,#11279);
#11277=LINE('',#763,#11280);
#11278=LINE('',#765,#11281);
#11279=VECTOR('',#11282,1.0);
#11280=VECTOR('',#11283,1.0);
#11281=VECTOR('',#11284,1.0);
#11282=DIRECTION('',(-0.25426057553773557,-0.6138771485860033,0.747332861696271));
#11283=DIRECTION('',(0.38266330894066647,0.9238878676498463,0));
#11284=DIRECTION('',(0,0,-1));
#11285=FACE_SURFACE('',(#11290),#11286,.T.);
#11286=PLANE('',#11287);
#11287=AXIS2_PLACEMENT_3D('',#757,#11288,#11289);
#11288=DIRECTION('',(-0.7933392396570972,0.6087798048722535,0));
#11289=DIRECTION('',(0,0,1));
#11290=FACE_BOUND('',#11291,.T.);
#11291=EDGE_LOOP('',(#11292,#11293,#11294));
#11292=ORIENTED_EDGE('',*,*,#11295,.T.);
#11293=ORIENTED_EDGE('',*,*,#11296,.T.);
#11294=ORIENTED_EDGE('',*,*,#11297,.T.);
#11295=EDGE_CURVE('',#758,#766,#11298,.F.);
#11296=EDGE_CURVE('',#766,#756,#11299,.T.);
#11297=EDGE_CURVE('',#756,#758,#11300,.T.);
#11298=LINE('',#757,#11301);
#11299=LINE('',#765,#11302);
#11300=LINE('',#755,#11303);
#11301=VECTOR('',#11304,1.0);
#11302=VECTOR('',#11305,1.0);
#11303=VECTOR('',#11306,1.0);
#11304=DIRECTION('',(0,0,1));
#11305=DIRECTION('',(0.4045107306093973,0.5271433659369447,-0.7473225144276866));
#11306=DIRECTION('',(-0.6087798048722535,-0.7933392396570972,0));
#11307=FACE_SURFACE('',(#11312),#11308,.T.);
#11308=PLANE('',#11309);
#11309=AXIS2_PLACEMENT_3D('',#755,#11310,#11311);
#11310=DIRECTION('',(-0.7933392396570972,0.6087798048722535,0));
#11311=DIRECTION('',(-0.4045107306093973,-0.5271433659369447,0.7473225144276866));
#11312=FACE_BOUND('',#11313,.T.);
#11313=EDGE_LOOP('',(#11314,#11315,#11316));
#11314=ORIENTED_EDGE('',*,*,#11317,.T.);
#11315=ORIENTED_EDGE('',*,*,#11318,.T.);
#11316=ORIENTED_EDGE('',*,*,#11319,.T.);
#11317=EDGE_CURVE('',#756,#766,#11320,.F.);
#11318=EDGE_CURVE('',#766,#768,#11321,.T.);
#11319=EDGE_CURVE('',#768,#756,#11322,.T.);
#11320=LINE('',#755,#11323);
#11321=LINE('',#765,#11324);
#11322=LINE('',#767,#11325);
#11323=VECTOR('',#11326,1.0);
#11324=VECTOR('',#11327,1.0);
#11325=VECTOR('',#11328,1.0);
#11326=DIRECTION('',(-0.4045107306093973,-0.5271433659369447,0.7473225144276866));
#11327=DIRECTION('',(0.6087798048722535,0.7933392396570972,0));
#11328=DIRECTION('',(0,0,-1));
#11329=FACE_SURFACE('',(#11334),#11330,.T.);
#11330=PLANE('',#11331);
#11331=AXIS2_PLACEMENT_3D('',#755,#11332,#11333);
#11332=DIRECTION('',(-0.6087684786977939,0.7933479308247887,0));
#11333=DIRECTION('',(0,0,1));
#11334=FACE_BOUND('',#11335,.T.);
#11335=EDGE_LOOP('',(#11336,#11337,#11338));
#11336=ORIENTED_EDGE('',*,*,#11339,.T.);
#11337=ORIENTED_EDGE('',*,*,#11340,.T.);
#11338=ORIENTED_EDGE('',*,*,#11341,.T.);
#11339=EDGE_CURVE('',#756,#768,#11342,.F.);
#11340=EDGE_CURVE('',#768,#754,#11343,.T.);
#11341=EDGE_CURVE('',#754,#756,#11344,.T.);
#11342=LINE('',#755,#11345);
#11343=LINE('',#767,#11346);
#11344=LINE('',#753,#11347);
#11345=VECTOR('',#11348,1.0);
#11346=VECTOR('',#11349,1.0);
#11347=VECTOR('',#11350,1.0);
#11348=DIRECTION('',(0,0,1));
#11349=DIRECTION('',(0.5271459156045897,0.4045007299139661,-0.7473261290497393));
#11350=DIRECTION('',(-0.7933479308247887,-0.6087684786977939,0));
#11351=FACE_SURFACE('',(#11356),#11352,.T.);
#11352=PLANE('',#11353);
#11353=AXIS2_PLACEMENT_3D('',#753,#11354,#11355);
#11354=DIRECTION('',(-0.6087684786977939,0.7933479308247887,0));
#11355=DIRECTION('',(-0.5271459156045897,-0.4045007299139661,0.7473261290497393));
#11356=FACE_BOUND('',#11357,.T.);
#11357=EDGE_LOOP('',(#11358,#11359,#11360));
#11358=ORIENTED_EDGE('',*,*,#11361,.T.);
#11359=ORIENTED_EDGE('',*,*,#11362,.T.);
#11360=ORIENTED_EDGE('',*,*,#11363,.T.);
#11361=EDGE_CURVE('',#754,#768,#11364,.F.);
#11362=EDGE_CURVE('',#768,#770,#11365,.T.);
#11363=EDGE_CURVE('',#770,#754,#11366,.T.);
#11364=LINE('',#753,#11367);
#11365=LINE('',#767,#11368);
#11366=LINE('',#769,#11369);
#11367=VECTOR('',#11370,1.0);
#11368=VECTOR('',#11371,1.0);
#11369=VECTOR('',#11372,1.0);
#11370=DIRECTION('',(-0.5271459156045897,-0.4045007299139661,0.7473261290497393));
#11371=DIRECTION('',(0.7933479308247887,0.6087684786977939,0));
#11372=DIRECTION('',(0,0,-1));
#11373=FACE_SURFACE('',(#11378),#11374,.T.);
#11374=PLANE('',#11375);
#11375=AXIS2_PLACEMENT_3D('',#753,#11376,#11377);
#11376=DIRECTION('',(-0.3826723071798299,0.9238841406354295,0));
#11377=DIRECTION('',(0,0,1));
#11378=FACE_BOUND('',#11379,.T.);
#11379=EDGE_LOOP('',(#11380,#11381,#11382));
#11380=ORIENTED_EDGE('',*,*,#11383,.T.);
#11381=ORIENTED_EDGE('',*,*,#11384,.T.);
#11382=ORIENTED_EDGE('',*,*,#11385,.T.);
#11383=EDGE_CURVE('',#754,#770,#11386,.F.);
#11384=EDGE_CURVE('',#770,#752,#11387,.T.);
#11385=EDGE_CURVE('',#752,#754,#11388,.T.);
#11386=LINE('',#753,#11389);
#11387=LINE('',#769,#11390);
#11388=LINE('',#751,#11391);
#11389=VECTOR('',#11392,1.0);
#11390=VECTOR('',#11393,1.0);
#11391=VECTOR('',#11394,1.0);
#11392=DIRECTION('',(0,0,1));
#11393=DIRECTION('',(0.613882733382573,0.254269893365416,-0.7473251039425083));
#11394=DIRECTION('',(-0.9238841406354295,-0.3826723071798299,0));
#11395=FACE_SURFACE('',(#11400),#11396,.T.);
#11396=PLANE('',#11397);
#11397=AXIS2_PLACEMENT_3D('',#751,#11398,#11399);
#11398=DIRECTION('',(-0.3826723071798299,0.9238841406354295,0));
#11399=DIRECTION('',(-0.613882733382573,-0.254269893365416,0.7473251039425083));
#11400=FACE_BOUND('',#11401,.T.);
#11401=EDGE_LOOP('',(#11402,#11403,#11404));
#11402=ORIENTED_EDGE('',*,*,#11405,.T.);
#11403=ORIENTED_EDGE('',*,*,#11406,.T.);
#11404=ORIENTED_EDGE('',*,*,#11407,.T.);
#11405=EDGE_CURVE('',#752,#770,#11408,.F.);
#11406=EDGE_CURVE('',#770,#772,#11409,.T.);
#11407=EDGE_CURVE('',#772,#752,#11410,.T.);
#11408=LINE('',#751,#11411);
#11409=LINE('',#769,#11412);
#11410=LINE('',#771,#11413);
#11411=VECTOR('',#11414,1.0);
#11412=VECTOR('',#11415,1.0);
#11413=VECTOR('',#11416,1.0);
#11414=DIRECTION('',(-0.613882733382573,-0.254269893365416,0.7473251039425083));
#11415=DIRECTION('',(0.9238841406354295,0.3826723071798299,0));
#11416=DIRECTION('',(0,0,-1));
#11417=FACE_SURFACE('',(#11422),#11418,.T.);
#11418=PLANE('',#11419);
#11419=AXIS2_PLACEMENT_3D('',#751,#11420,#11421);
#11420=DIRECTION('',(-0.13053923419237923,0.9914431442783127,0));
#11421=DIRECTION('',(0,0,1));
#11422=FACE_BOUND('',#11423,.T.);
#11423=EDGE_LOOP('',(#11424,#11425,#11426));
#11424=ORIENTED_EDGE('',*,*,#11427,.T.);
#11425=ORIENTED_EDGE('',*,*,#11428,.T.);
#11426=ORIENTED_EDGE('',*,*,#11429,.T.);
#11427=EDGE_CURVE('',#752,#772,#11430,.F.);
#11428=EDGE_CURVE('',#772,#750,#11431,.T.);
#11429=EDGE_CURVE('',#750,#752,#11432,.T.);
#11430=LINE('',#751,#11433);
#11431=LINE('',#771,#11434);
#11432=LINE('',#749,#11435);
#11433=VECTOR('',#11436,1.0);
#11434=VECTOR('',#11437,1.0);
#11435=VECTOR('',#11438,1.0);
#11436=DIRECTION('',(0,0,1));
#11437=DIRECTION('',(0.6587713151412463,0.08673770501387885,-0.7473265182475448));
#11438=DIRECTION('',(-0.9914431442783127,-0.13053923419237923,0));
#11439=FACE_SURFACE('',(#11444),#11440,.T.);
#11440=PLANE('',#11441);
#11441=AXIS2_PLACEMENT_3D('',#749,#11442,#11443);
#11442=DIRECTION('',(-0.13053923419237923,0.9914431442783127,0));
#11443=DIRECTION('',(-0.6587713151412463,-0.08673770501387885,0.7473265182475448));
#11444=FACE_BOUND('',#11445,.T.);
#11445=EDGE_LOOP('',(#11446,#11447,#11448));
#11446=ORIENTED_EDGE('',*,*,#11449,.T.);
#11447=ORIENTED_EDGE('',*,*,#11450,.T.);
#11448=ORIENTED_EDGE('',*,*,#11451,.T.);
#11449=EDGE_CURVE('',#750,#772,#11452,.F.);
#11450=EDGE_CURVE('',#772,#774,#11453,.T.);
#11451=EDGE_CURVE('',#774,#750,#11454,.T.);
#11452=LINE('',#749,#11455);
#11453=LINE('',#771,#11456);
#11454=LINE('',#773,#11457);
#11455=VECTOR('',#11458,1.0);
#11456=VECTOR('',#11459,1.0);
#11457=VECTOR('',#11460,1.0);
#11458=DIRECTION('',(-0.6587713151412463,-0.08673770501387885,0.7473265182475448));
#11459=DIRECTION('',(0.9914431442783127,0.13053923419237923,0));
#11460=DIRECTION('',(0,0,-1));
#11461=FACE_SURFACE('',(#11466),#11462,.T.);
#11462=PLANE('',#11463);
#11463=AXIS2_PLACEMENT_3D('',#749,#11464,#11465);
#11464=DIRECTION('',(0.13053923419237096,0.9914431442783137,-0));
#11465=DIRECTION('',(0,0,1));
#11466=FACE_BOUND('',#11467,.T.);
#11467=EDGE_LOOP('',(#11468,#11469,#11470));
#11468=ORIENTED_EDGE('',*,*,#11471,.T.);
#11469=ORIENTED_EDGE('',*,*,#11472,.T.);
#11470=ORIENTED_EDGE('',*,*,#11473,.T.);
#11471=EDGE_CURVE('',#750,#774,#11474,.F.);
#11472=EDGE_CURVE('',#774,#748,#11475,.T.);
#11473=EDGE_CURVE('',#748,#750,#11476,.T.);
#11474=LINE('',#749,#11477);
#11475=LINE('',#773,#11478);
#11476=LINE('',#747,#11479);
#11477=VECTOR('',#11480,1.0);
#11478=VECTOR('',#11481,1.0);
#11479=VECTOR('',#11482,1.0);
#11480=DIRECTION('',(0,0,1));
#11481=DIRECTION('',(0.6587713151412704,-0.08673770501387644,-0.747326518247524));
#11482=DIRECTION('',(-0.9914431442783137,0.13053923419237096,0));
#11483=FACE_SURFACE('',(#11488),#11484,.T.);
#11484=PLANE('',#11485);
#11485=AXIS2_PLACEMENT_3D('',#747,#11486,#11487);
#11486=DIRECTION('',(0.13053923419237096,0.9914431442783137,-0));
#11487=DIRECTION('',(-0.6587713151412704,0.08673770501387644,0.747326518247524));
#11488=FACE_BOUND('',#11489,.T.);
#11489=EDGE_LOOP('',(#11490,#11491,#11492));
#11490=ORIENTED_EDGE('',*,*,#11493,.T.);
#11491=ORIENTED_EDGE('',*,*,#11494,.T.);
#11492=ORIENTED_EDGE('',*,*,#11495,.T.);
#11493=EDGE_CURVE('',#748,#774,#11496,.F.);
#11494=EDGE_CURVE('',#774,#776,#11497,.T.);
#11495=EDGE_CURVE('',#776,#748,#11498,.T.);
#11496=LINE('',#747,#11499);
#11497=LINE('',#773,#11500);
#11498=LINE('',#775,#11501);
#11499=VECTOR('',#11502,1.0);
#11500=VECTOR('',#11503,1.0);
#11501=VECTOR('',#11504,1.0);
#11502=DIRECTION('',(-0.6587713151412704,0.08673770501387644,0.747326518247524));
#11503=DIRECTION('',(0.9914431442783137,-0.13053923419237096,0));
#11504=DIRECTION('',(0,0,-1));
#11505=FACE_SURFACE('',(#11510),#11506,.T.);
#11506=PLANE('',#11507);
#11507=AXIS2_PLACEMENT_3D('',#747,#11508,#11509);
#11508=DIRECTION('',(0.3826723071798525,0.92388414063542,-0));
#11509=DIRECTION('',(0,0,1));
#11510=FACE_BOUND('',#11511,.T.);
#11511=EDGE_LOOP('',(#11512,#11513,#11514));
#11512=ORIENTED_EDGE('',*,*,#11515,.T.);
#11513=ORIENTED_EDGE('',*,*,#11516,.T.);
#11514=ORIENTED_EDGE('',*,*,#11517,.T.);
#11515=EDGE_CURVE('',#748,#776,#11518,.F.);
#11516=EDGE_CURVE('',#776,#746,#11519,.T.);
#11517=EDGE_CURVE('',#746,#748,#11520,.T.);
#11518=LINE('',#747,#11521);
#11519=LINE('',#775,#11522);
#11520=LINE('',#745,#11523);
#11521=VECTOR('',#11524,1.0);
#11522=VECTOR('',#11525,1.0);
#11523=VECTOR('',#11526,1.0);
#11524=DIRECTION('',(0,0,1));
#11525=DIRECTION('',(0.6138827333825466,-0.2542698933654226,-0.7473251039425277));
#11526=DIRECTION('',(-0.92388414063542,0.3826723071798525,0));
#11527=FACE_SURFACE('',(#11532),#11528,.T.);
#11528=PLANE('',#11529);
#11529=AXIS2_PLACEMENT_3D('',#745,#11530,#11531);
#11530=DIRECTION('',(0.3826723071798525,0.92388414063542,-0));
#11531=DIRECTION('',(-0.6138827333825466,0.2542698933654226,0.7473251039425277));
#11532=FACE_BOUND('',#11533,.T.);
#11533=EDGE_LOOP('',(#11534,#11535,#11536));
#11534=ORIENTED_EDGE('',*,*,#11537,.T.);
#11535=ORIENTED_EDGE('',*,*,#11538,.T.);
#11536=ORIENTED_EDGE('',*,*,#11539,.T.);
#11537=EDGE_CURVE('',#746,#776,#11540,.F.);
#11538=EDGE_CURVE('',#776,#778,#11541,.T.);
#11539=EDGE_CURVE('',#778,#746,#11542,.T.);
#11540=LINE('',#745,#11543);
#11541=LINE('',#775,#11544);
#11542=LINE('',#777,#11545);
#11543=VECTOR('',#11546,1.0);
#11544=VECTOR('',#11547,1.0);
#11545=VECTOR('',#11548,1.0);
#11546=DIRECTION('',(-0.6138827333825466,0.2542698933654226,0.7473251039425277));
#11547=DIRECTION('',(0.92388414063542,-0.3826723071798525,0));
#11548=DIRECTION('',(0,0,-1));
#11549=FACE_SURFACE('',(#11554),#11550,.T.);
#11550=PLANE('',#11551);
#11551=AXIS2_PLACEMENT_3D('',#745,#11552,#11553);
#11552=DIRECTION('',(0.6087684786977939,0.7933479308247887,-0));
#11553=DIRECTION('',(0,0,1));
#11554=FACE_BOUND('',#11555,.T.);
#11555=EDGE_LOOP('',(#11556,#11557,#11558));
#11556=ORIENTED_EDGE('',*,*,#11559,.T.);
#11557=ORIENTED_EDGE('',*,*,#11560,.T.);
#11558=ORIENTED_EDGE('',*,*,#11561,.T.);
#11559=EDGE_CURVE('',#746,#778,#11562,.F.);
#11560=EDGE_CURVE('',#778,#744,#11563,.T.);
#11561=EDGE_CURVE('',#744,#746,#11564,.T.);
#11562=LINE('',#745,#11565);
#11563=LINE('',#777,#11566);
#11564=LINE('',#743,#11567);
#11565=VECTOR('',#11568,1.0);
#11566=VECTOR('',#11569,1.0);
#11567=VECTOR('',#11570,1.0);
#11568=DIRECTION('',(0,0,1));
#11569=DIRECTION('',(0.5271459156045897,-0.4045007299139661,-0.7473261290497393));
#11570=DIRECTION('',(-0.7933479308247887,0.6087684786977939,0));
#11571=FACE_SURFACE('',(#11576),#11572,.T.);
#11572=PLANE('',#11573);
#11573=AXIS2_PLACEMENT_3D('',#743,#11574,#11575);
#11574=DIRECTION('',(0.6087684786977939,0.7933479308247887,-0));
#11575=DIRECTION('',(-0.5271459156045897,0.4045007299139661,0.7473261290497393));
#11576=FACE_BOUND('',#11577,.T.);
#11577=EDGE_LOOP('',(#11578,#11579,#11580));
#11578=ORIENTED_EDGE('',*,*,#11581,.T.);
#11579=ORIENTED_EDGE('',*,*,#11582,.T.);
#11580=ORIENTED_EDGE('',*,*,#11583,.T.);
#11581=EDGE_CURVE('',#744,#778,#11584,.F.);
#11582=EDGE_CURVE('',#778,#780,#11585,.T.);
#11583=EDGE_CURVE('',#780,#744,#11586,.T.);
#11584=LINE('',#743,#11587);
#11585=LINE('',#777,#11588);
#11586=LINE('',#779,#11589);
#11587=VECTOR('',#11590,1.0);
#11588=VECTOR('',#11591,1.0);
#11589=VECTOR('',#11592,1.0);
#11590=DIRECTION('',(-0.5271459156045897,0.4045007299139661,0.7473261290497393));
#11591=DIRECTION('',(0.7933479308247887,-0.6087684786977939,0));
#11592=DIRECTION('',(0,0,-1));
#11593=FACE_SURFACE('',(#11598),#11594,.T.);
#11594=PLANE('',#11595);
#11595=AXIS2_PLACEMENT_3D('',#743,#11596,#11597);
#11596=DIRECTION('',(0.7933566220212027,0.608757152151091,-0));
#11597=DIRECTION('',(0,0,1));
#11598=FACE_BOUND('',#11599,.T.);
#11599=EDGE_LOOP('',(#11600,#11601,#11602));
#11600=ORIENTED_EDGE('',*,*,#11603,.T.);
#11601=ORIENTED_EDGE('',*,*,#11604,.T.);
#11602=ORIENTED_EDGE('',*,*,#11605,.T.);
#11603=EDGE_CURVE('',#744,#780,#11606,.F.);
#11604=EDGE_CURVE('',#780,#742,#11607,.T.);
#11605=EDGE_CURVE('',#742,#744,#11608,.T.);
#11606=LINE('',#743,#11609);
#11607=LINE('',#779,#11610);
#11608=LINE('',#741,#11611);
#11609=VECTOR('',#11612,1.0);
#11610=VECTOR('',#11613,1.0);
#11611=VECTOR('',#11614,1.0);
#11612=DIRECTION('',(0,0,1));
#11613=DIRECTION('',(0.4044907290734226,-0.5271484652338616,-0.747329743617391));
#11614=DIRECTION('',(-0.608757152151091,0.7933566220212027,0));
#11615=FACE_SURFACE('',(#11620),#11616,.T.);
#11616=PLANE('',#11617);
#11617=AXIS2_PLACEMENT_3D('',#741,#11618,#11619);
#11618=DIRECTION('',(0.7933566220212027,0.608757152151091,-0));
#11619=DIRECTION('',(-0.4044907290734226,0.5271484652338616,0.747329743617391));
#11620=FACE_BOUND('',#11621,.T.);
#11621=EDGE_LOOP('',(#11622,#11623,#11624));
#11622=ORIENTED_EDGE('',*,*,#11625,.T.);
#11623=ORIENTED_EDGE('',*,*,#11626,.T.);
#11624=ORIENTED_EDGE('',*,*,#11627,.T.);
#11625=EDGE_CURVE('',#742,#780,#11628,.F.);
#11626=EDGE_CURVE('',#780,#782,#11629,.T.);
#11627=EDGE_CURVE('',#782,#742,#11630,.T.);
#11628=LINE('',#741,#11631);
#11629=LINE('',#779,#11632);
#11630=LINE('',#781,#11633);
#11631=VECTOR('',#11634,1.0);
#11632=VECTOR('',#11635,1.0);
#11633=VECTOR('',#11636,1.0);
#11634=DIRECTION('',(-0.4044907290734226,0.5271484652338616,0.747329743617391));
#11635=DIRECTION('',(0.608757152151091,-0.7933566220212027,0));
#11636=DIRECTION('',(0,0,-1));
#11637=FACE_SURFACE('',(#11642),#11638,.T.);
#11638=PLANE('',#11639);
#11639=AXIS2_PLACEMENT_3D('',#741,#11640,#11641);
#11640=DIRECTION('',(0.9238751428959151,0.38269402966214716,-0));
#11641=DIRECTION('',(0,0,1));
#11642=FACE_BOUND('',#11643,.T.);
#11643=EDGE_LOOP('',(#11644,#11645,#11646));
#11644=ORIENTED_EDGE('',*,*,#11647,.T.);
#11645=ORIENTED_EDGE('',*,*,#11648,.T.);
#11646=ORIENTED_EDGE('',*,*,#11649,.T.);
#11647=EDGE_CURVE('',#742,#782,#11650,.F.);
#11648=EDGE_CURVE('',#782,#740,#11651,.T.);
#11649=EDGE_CURVE('',#740,#742,#11652,.T.);
#11650=LINE('',#741,#11653);
#11651=LINE('',#781,#11654);
#11652=LINE('',#739,#11655);
#11653=VECTOR('',#11656,1.0);
#11654=VECTOR('',#11657,1.0);
#11655=VECTOR('',#11658,1.0);
#11656=DIRECTION('',(0,0,1));
#11657=DIRECTION('',(0.2542829439403843,-0.613873415731924,-0.747328317326884));
#11658=DIRECTION('',(-0.38269402966214716,0.9238751428959151,0));
#11659=FACE_SURFACE('',(#11664),#11660,.T.);
#11660=PLANE('',#11661);
#11661=AXIS2_PLACEMENT_3D('',#739,#11662,#11663);
#11662=DIRECTION('',(0.9238751428959151,0.38269402966214716,-0));
#11663=DIRECTION('',(-0.2542829439403843,0.613873415731924,0.747328317326884));
#11664=FACE_BOUND('',#11665,.T.);
#11665=EDGE_LOOP('',(#11666,#11667,#11668));
#11666=ORIENTED_EDGE('',*,*,#11669,.T.);
#11667=ORIENTED_EDGE('',*,*,#11670,.T.);
#11668=ORIENTED_EDGE('',*,*,#11671,.T.);
#11669=EDGE_CURVE('',#740,#782,#11672,.F.);
#11670=EDGE_CURVE('',#782,#784,#11673,.T.);
#11671=EDGE_CURVE('',#784,#740,#11674,.T.);
#11672=LINE('',#739,#11675);
#11673=LINE('',#781,#11676);
#11674=LINE('',#783,#11677);
#11675=VECTOR('',#11678,1.0);
#11676=VECTOR('',#11679,1.0);
#11677=VECTOR('',#11680,1.0);
#11678=DIRECTION('',(-0.2542829439403843,0.613873415731924,0.747328317326884));
#11679=DIRECTION('',(0.38269402966214716,-0.9238751428959151,0));
#11680=DIRECTION('',(0,0,-1));
#11681=FACE_SURFACE('',(#11686),#11682,.T.);
#11682=PLANE('',#11683);
#11683=AXIS2_PLACEMENT_3D('',#739,#11684,#11685);
#11684=DIRECTION('',(0.9914434509219863,0.13053690521803765,-0));
#11685=DIRECTION('',(0,0,1));
#11686=FACE_BOUND('',#11687,.T.);
#11687=EDGE_LOOP('',(#11688,#11689,#11690));
#11688=ORIENTED_EDGE('',*,*,#11691,.T.);
#11689=ORIENTED_EDGE('',*,*,#11692,.T.);
#11690=ORIENTED_EDGE('',*,*,#11693,.T.);
#11691=EDGE_CURVE('',#740,#784,#11694,.F.);
#11692=EDGE_CURVE('',#784,#738,#11695,.T.);
#11693=EDGE_CURVE('',#738,#740,#11696,.T.);
#11694=LINE('',#739,#11697);
#11695=LINE('',#783,#11698);
#11696=LINE('',#737,#11699);
#11697=VECTOR('',#11700,1.0);
#11698=VECTOR('',#11701,1.0);
#11699=VECTOR('',#11702,1.0);
#11700=DIRECTION('',(0,0,1));
#11701=DIRECTION('',(0.08673702177622246,-0.6587780830936282,-0.7473206315156005));
#11702=DIRECTION('',(-0.13053690521803765,0.9914434509219863,0));
#11703=FACE_SURFACE('',(#11708),#11704,.T.);
#11704=PLANE('',#11705);
#11705=AXIS2_PLACEMENT_3D('',#737,#11706,#11707);
#11706=DIRECTION('',(0.9914434509219863,0.13053690521803765,-0));
#11707=DIRECTION('',(-0.08673702177622246,0.6587780830936282,0.7473206315156005));
#11708=FACE_BOUND('',#11709,.T.);
#11709=EDGE_LOOP('',(#11710,#11711,#11712));
#11710=ORIENTED_EDGE('',*,*,#11713,.T.);
#11711=ORIENTED_EDGE('',*,*,#11714,.T.);
#11712=ORIENTED_EDGE('',*,*,#11715,.T.);
#11713=EDGE_CURVE('',#738,#784,#11716,.F.);
#11714=EDGE_CURVE('',#784,#786,#11717,.T.);
#11715=EDGE_CURVE('',#786,#738,#11718,.T.);
#11716=LINE('',#737,#11719);
#11717=LINE('',#783,#11720);
#11718=LINE('',#785,#11721);
#11719=VECTOR('',#11722,1.0);
#11720=VECTOR('',#11723,1.0);
#11721=VECTOR('',#11724,1.0);
#11722=DIRECTION('',(-0.08673702177622246,0.6587780830936282,0.7473206315156005));
#11723=DIRECTION('',(0.13053690521803765,-0.9914434509219863,0));
#11724=DIRECTION('',(0,0,-1));
#11725=FACE_SURFACE('',(#11730),#11726,.T.);
#11726=PLANE('',#11727);
#11727=AXIS2_PLACEMENT_3D('',#737,#11728,#11729);
#11728=DIRECTION('',(0.9914431442783137,-0.13053923419237096,0));
#11729=DIRECTION('',(0,0,1));
#11730=FACE_BOUND('',#11731,.T.);
#11731=EDGE_LOOP('',(#11732,#11733,#11734));
#11732=ORIENTED_EDGE('',*,*,#11735,.T.);
#11733=ORIENTED_EDGE('',*,*,#11736,.T.);
#11734=ORIENTED_EDGE('',*,*,#11737,.T.);
#11735=EDGE_CURVE('',#738,#786,#11738,.F.);
#11736=EDGE_CURVE('',#786,#736,#11739,.T.);
#11737=EDGE_CURVE('',#736,#738,#11740,.T.);
#11738=LINE('',#737,#11741);
#11739=LINE('',#785,#11742);
#11740=LINE('',#735,#11743);
#11741=VECTOR('',#11744,1.0);
#11742=VECTOR('',#11745,1.0);
#11743=VECTOR('',#11746,1.0);
#11744=DIRECTION('',(0,0,1));
#11745=DIRECTION('',(-0.08673770501387644,-0.6587713151412704,-0.747326518247524));
#11746=DIRECTION('',(0.13053923419237096,0.9914431442783137,0));
#11747=FACE_SURFACE('',(#11752),#11748,.T.);
#11748=PLANE('',#11749);
#11749=AXIS2_PLACEMENT_3D('',#735,#11750,#11751);
#11750=DIRECTION('',(0.9914431442783137,-0.13053923419237096,0));
#11751=DIRECTION('',(0.08673770501387644,0.6587713151412704,0.747326518247524));
#11752=FACE_BOUND('',#11753,.T.);
#11753=EDGE_LOOP('',(#11754,#11755,#11756));
#11754=ORIENTED_EDGE('',*,*,#11757,.T.);
#11755=ORIENTED_EDGE('',*,*,#11758,.T.);
#11756=ORIENTED_EDGE('',*,*,#11759,.T.);
#11757=EDGE_CURVE('',#736,#786,#11760,.F.);
#11758=EDGE_CURVE('',#786,#788,#11761,.T.);
#11759=EDGE_CURVE('',#788,#736,#11762,.T.);
#11760=LINE('',#735,#11763);
#11761=LINE('',#785,#11764);
#11762=LINE('',#787,#11765);
#11763=VECTOR('',#11766,1.0);
#11764=VECTOR('',#11767,1.0);
#11765=VECTOR('',#11768,1.0);
#11766=DIRECTION('',(0.08673770501387644,0.6587713151412704,0.747326518247524));
#11767=DIRECTION('',(-0.13053923419237096,-0.9914431442783137,0));
#11768=DIRECTION('',(0,0,-1));
#11769=FACE_SURFACE('',(#11774),#11770,.T.);
#11770=PLANE('',#11771);
#11771=AXIS2_PLACEMENT_3D('',#735,#11772,#11773);
#11772=DIRECTION('',(0.9238751428959151,-0.38269402966214716,0));
#11773=DIRECTION('',(0,0,1));
#11774=FACE_BOUND('',#11775,.T.);
#11775=EDGE_LOOP('',(#11776,#11777,#11778));
#11776=ORIENTED_EDGE('',*,*,#11779,.T.);
#11777=ORIENTED_EDGE('',*,*,#11780,.T.);
#11778=ORIENTED_EDGE('',*,*,#11781,.T.);
#11779=EDGE_CURVE('',#736,#788,#11782,.F.);
#11780=EDGE_CURVE('',#788,#734,#11783,.T.);
#11781=EDGE_CURVE('',#734,#736,#11784,.T.);
#11782=LINE('',#735,#11785);
#11783=LINE('',#787,#11786);
#11784=LINE('',#733,#11787);
#11785=VECTOR('',#11788,1.0);
#11786=VECTOR('',#11789,1.0);
#11787=VECTOR('',#11790,1.0);
#11788=DIRECTION('',(0,0,1));
#11789=DIRECTION('',(-0.2542829439403843,-0.613873415731924,-0.747328317326884));
#11790=DIRECTION('',(0.38269402966214716,0.9238751428959151,0));
#11791=FACE_SURFACE('',(#11796),#11792,.T.);
#11792=PLANE('',#11793);
#11793=AXIS2_PLACEMENT_3D('',#733,#11794,#11795);
#11794=DIRECTION('',(0.9238751428959151,-0.38269402966214716,0));
#11795=DIRECTION('',(0.2542829439403843,0.613873415731924,0.747328317326884));
#11796=FACE_BOUND('',#11797,.T.);
#11797=EDGE_LOOP('',(#11798,#11799,#11800));
#11798=ORIENTED_EDGE('',*,*,#11801,.T.);
#11799=ORIENTED_EDGE('',*,*,#11802,.T.);
#11800=ORIENTED_EDGE('',*,*,#11803,.T.);
#11801=EDGE_CURVE('',#734,#788,#11804,.F.);
#11802=EDGE_CURVE('',#788,#790,#11805,.T.);
#11803=EDGE_CURVE('',#790,#734,#11806,.T.);
#11804=LINE('',#733,#11807);
#11805=LINE('',#787,#11808);
#11806=LINE('',#789,#11809);
#11807=VECTOR('',#11810,1.0);
#11808=VECTOR('',#11811,1.0);
#11809=VECTOR('',#11812,1.0);
#11810=DIRECTION('',(0.2542829439403843,0.613873415731924,0.747328317326884));
#11811=DIRECTION('',(-0.38269402966214716,-0.9238751428959151,0));
#11812=DIRECTION('',(0,0,-1));
#11813=FACE_SURFACE('',(#11818),#11814,.T.);
#11814=PLANE('',#11815);
#11815=AXIS2_PLACEMENT_3D('',#733,#11816,#11817);
#11816=DIRECTION('',(0.7933566220211908,-0.6087571521511065,0));
#11817=DIRECTION('',(0,0,1));
#11818=FACE_BOUND('',#11819,.T.);
#11819=EDGE_LOOP('',(#11820,#11821,#11822));
#11820=ORIENTED_EDGE('',*,*,#11823,.T.);
#11821=ORIENTED_EDGE('',*,*,#11824,.T.);
#11822=ORIENTED_EDGE('',*,*,#11825,.T.);
#11823=EDGE_CURVE('',#734,#790,#11826,.F.);
#11824=EDGE_CURVE('',#790,#732,#11827,.T.);
#11825=EDGE_CURVE('',#732,#734,#11828,.T.);
#11826=LINE('',#733,#11829);
#11827=LINE('',#789,#11830);
#11828=LINE('',#731,#11831);
#11829=VECTOR('',#11832,1.0);
#11830=VECTOR('',#11833,1.0);
#11831=VECTOR('',#11834,1.0);
#11832=DIRECTION('',(0,0,1));
#11833=DIRECTION('',(-0.4044907290734271,-0.5271484652338462,-0.7473297436173992));
#11834=DIRECTION('',(0.6087571521511065,0.7933566220211908,0));
#11835=FACE_SURFACE('',(#11840),#11836,.T.);
#11836=PLANE('',#11837);
#11837=AXIS2_PLACEMENT_3D('',#731,#11838,#11839);
#11838=DIRECTION('',(0.7933566220211908,-0.6087571521511065,0));
#11839=DIRECTION('',(0.4044907290734271,0.5271484652338462,0.7473297436173992));
#11840=FACE_BOUND('',#11841,.T.);
#11841=EDGE_LOOP('',(#11842,#11843,#11844));
#11842=ORIENTED_EDGE('',*,*,#11845,.T.);
#11843=ORIENTED_EDGE('',*,*,#11846,.T.);
#11844=ORIENTED_EDGE('',*,*,#11847,.T.);
#11845=EDGE_CURVE('',#732,#790,#11848,.F.);
#11846=EDGE_CURVE('',#790,#792,#11849,.T.);
#11847=EDGE_CURVE('',#792,#732,#11850,.T.);
#11848=LINE('',#731,#11851);
#11849=LINE('',#789,#11852);
#11850=LINE('',#791,#11853);
#11851=VECTOR('',#11854,1.0);
#11852=VECTOR('',#11855,1.0);
#11853=VECTOR('',#11856,1.0);
#11854=DIRECTION('',(0.4044907290734271,0.5271484652338462,0.7473297436173992));
#11855=DIRECTION('',(-0.6087571521511065,-0.7933566220211908,0));
#11856=DIRECTION('',(0,0,-1));
#11857=FACE_SURFACE('',(#11862),#11858,.T.);
#11858=PLANE('',#11859);
#11859=AXIS2_PLACEMENT_3D('',#731,#11860,#11861);
#11860=DIRECTION('',(0.6087684786978139,-0.7933479308247732,0));
#11861=DIRECTION('',(0,0,1));
#11862=FACE_BOUND('',#11863,.T.);
#11863=EDGE_LOOP('',(#11864,#11865,#11866));
#11864=ORIENTED_EDGE('',*,*,#11867,.T.);
#11865=ORIENTED_EDGE('',*,*,#11868,.T.);
#11866=ORIENTED_EDGE('',*,*,#11869,.T.);
#11867=EDGE_CURVE('',#732,#792,#11870,.F.);
#11868=EDGE_CURVE('',#792,#730,#11871,.T.);
#11869=EDGE_CURVE('',#730,#732,#11872,.T.);
#11870=LINE('',#731,#11873);
#11871=LINE('',#791,#11874);
#11872=LINE('',#729,#11875);
#11873=VECTOR('',#11876,1.0);
#11874=VECTOR('',#11877,1.0);
#11875=VECTOR('',#11878,1.0);
#11876=DIRECTION('',(0,0,1));
#11877=DIRECTION('',(-0.5271459156045851,-0.40450072991398384,-0.7473261290497328));
#11878=DIRECTION('',(0.7933479308247732,0.6087684786978139,0));
#11879=FACE_SURFACE('',(#11884),#11880,.T.);
#11880=PLANE('',#11881);
#11881=AXIS2_PLACEMENT_3D('',#729,#11882,#11883);
#11882=DIRECTION('',(0.6087684786978139,-0.7933479308247732,0));
#11883=DIRECTION('',(0.5271459156045851,0.40450072991398384,0.7473261290497328));
#11884=FACE_BOUND('',#11885,.T.);
#11885=EDGE_LOOP('',(#11886,#11887,#11888));
#11886=ORIENTED_EDGE('',*,*,#11889,.T.);
#11887=ORIENTED_EDGE('',*,*,#11890,.T.);
#11888=ORIENTED_EDGE('',*,*,#11891,.T.);
#11889=EDGE_CURVE('',#730,#792,#11892,.F.);
#11890=EDGE_CURVE('',#792,#794,#11893,.T.);
#11891=EDGE_CURVE('',#794,#730,#11894,.T.);
#11892=LINE('',#729,#11895);
#11893=LINE('',#791,#11896);
#11894=LINE('',#793,#11897);
#11895=VECTOR('',#11898,1.0);
#11896=VECTOR('',#11899,1.0);
#11897=VECTOR('',#11900,1.0);
#11898=DIRECTION('',(0.5271459156045851,0.40450072991398384,0.7473261290497328));
#11899=DIRECTION('',(-0.7933479308247732,-0.6087684786978139,0));
#11900=DIRECTION('',(0,0,-1));
#11901=FACE_SURFACE('',(#11906),#11902,.T.);
#11902=PLANE('',#11903);
#11903=AXIS2_PLACEMENT_3D('',#729,#11904,#11905);
#11904=DIRECTION('',(0.38268766721415276,-0.9238777783679992,0));
#11905=DIRECTION('',(0,0,1));
#11906=FACE_BOUND('',#11907,.T.);
#11907=EDGE_LOOP('',(#11908,#11909,#11910));
#11908=ORIENTED_EDGE('',*,*,#11911,.T.);
#11909=ORIENTED_EDGE('',*,*,#11912,.T.);
#11910=ORIENTED_EDGE('',*,*,#11913,.T.);
#11911=EDGE_CURVE('',#730,#794,#11914,.F.);
#11912=EDGE_CURVE('',#794,#728,#11915,.T.);
#11913=EDGE_CURVE('',#728,#730,#11916,.T.);
#11914=LINE('',#729,#11917);
#11915=LINE('',#793,#11918);
#11916=LINE('',#727,#11919);
#11917=VECTOR('',#11920,1.0);
#11918=VECTOR('',#11921,1.0);
#11919=VECTOR('',#11922,1.0);
#11920=DIRECTION('',(0,0,1));
#11921=DIRECTION('',(-0.6138808669248831,-0.25428107744497563,-0.7473228317648112));
#11922=DIRECTION('',(0.9238777783679992,0.38268766721415276,0));
#11923=FACE_SURFACE('',(#11928),#11924,.T.);
#11924=PLANE('',#11925);
#11925=AXIS2_PLACEMENT_3D('',#727,#11926,#11927);
#11926=DIRECTION('',(0.38268766721415276,-0.9238777783679992,0));
#11927=DIRECTION('',(0.6138808669248831,0.25428107744497563,0.7473228317648112));
#11928=FACE_BOUND('',#11929,.T.);
#11929=EDGE_LOOP('',(#11930,#11931,#11932));
#11930=ORIENTED_EDGE('',*,*,#11933,.T.);
#11931=ORIENTED_EDGE('',*,*,#11934,.T.);
#11932=ORIENTED_EDGE('',*,*,#11935,.T.);
#11933=EDGE_CURVE('',#728,#794,#11936,.F.);
#11934=EDGE_CURVE('',#794,#796,#11937,.T.);
#11935=EDGE_CURVE('',#796,#728,#11938,.T.);
#11936=LINE('',#727,#11939);
#11937=LINE('',#793,#11940);
#11938=LINE('',#795,#11941);
#11939=VECTOR('',#11942,1.0);
#11940=VECTOR('',#11943,1.0);
#11941=VECTOR('',#11944,1.0);
#11942=DIRECTION('',(0.6138808669248831,0.25428107744497563,0.7473228317648112));
#11943=DIRECTION('',(-0.9238777783679992,-0.38268766721415276,0));
#11944=DIRECTION('',(0,0,-1));
#11945=FACE_SURFACE('',(#11950),#11946,.T.);
#11946=PLANE('',#11947);
#11947=AXIS2_PLACEMENT_3D('',#727,#11948,#11949);
#11948=DIRECTION('',(0.13052154529883458,-0.9914454731415159,0));
#11949=DIRECTION('',(0,0,1));
#11950=FACE_BOUND('',#11951,.T.);
#11951=EDGE_LOOP('',(#11952,#11953,#11954));
#11952=ORIENTED_EDGE('',*,*,#11955,.T.);
#11953=ORIENTED_EDGE('',*,*,#11956,.T.);
#11954=ORIENTED_EDGE('',*,*,#11957,.T.);
#11955=EDGE_CURVE('',#728,#796,#11958,.F.);
#11956=EDGE_CURVE('',#796,#726,#11959,.T.);
#11957=EDGE_CURVE('',#726,#728,#11960,.T.);
#11958=LINE('',#727,#11961);
#11959=LINE('',#795,#11962);
#11960=LINE('',#725,#11963);
#11961=VECTOR('',#11964,1.0);
#11962=VECTOR('',#11965,1.0);
#11963=VECTOR('',#11966,1.0);
#11964=DIRECTION('',(0,0,1));
#11965=DIRECTION('',(-0.6587719983347666,-0.08672583773044466,-0.7473272932791701));
#11966=DIRECTION('',(0.9914454731415159,0.13052154529883458,0));
#11967=FACE_SURFACE('',(#11972),#11968,.T.);
#11968=PLANE('',#11969);
#11969=AXIS2_PLACEMENT_3D('',#725,#11970,#11971);
#11970=DIRECTION('',(0.13052154529883458,-0.9914454731415159,0));
#11971=DIRECTION('',(0.6587719983347666,0.08672583773044466,0.7473272932791701));
#11972=FACE_BOUND('',#11973,.T.);
#11973=EDGE_LOOP('',(#11974,#11975,#11976));
#11974=ORIENTED_EDGE('',*,*,#11977,.T.);
#11975=ORIENTED_EDGE('',*,*,#11978,.T.);
#11976=ORIENTED_EDGE('',*,*,#11979,.T.);
#11977=EDGE_CURVE('',#726,#796,#11980,.F.);
#11978=EDGE_CURVE('',#796,#798,#11981,.T.);
#11979=EDGE_CURVE('',#798,#726,#11982,.T.);
#11980=LINE('',#725,#11983);
#11981=LINE('',#795,#11984);
#11982=LINE('',#797,#11985);
#11983=VECTOR('',#11986,1.0);
#11984=VECTOR('',#11987,1.0);
#11985=VECTOR('',#11988,1.0);
#11986=DIRECTION('',(0.6587719983347666,0.08672583773044466,0.7473272932791701));
#11987=DIRECTION('',(-0.9914454731415159,-0.13052154529883458,0));
#11988=DIRECTION('',(0,0,-1));
#11989=FACE_SURFACE('',(#11994),#11990,.T.);
#11990=PLANE('',#11991);
#11991=AXIS2_PLACEMENT_3D('',#725,#11992,#11993);
#11992=DIRECTION('',(-0.13052154529884286,-0.9914454731415148,0));
#11993=DIRECTION('',(0,0,1));
#11994=FACE_BOUND('',#11995,.T.);
#11995=EDGE_LOOP('',(#11996,#11997,#11998));
#11996=ORIENTED_EDGE('',*,*,#11999,.T.);
#11997=ORIENTED_EDGE('',*,*,#12000,.T.);
#11998=ORIENTED_EDGE('',*,*,#12001,.T.);
#11999=EDGE_CURVE('',#726,#798,#12002,.F.);
#12000=EDGE_CURVE('',#798,#724,#12003,.T.);
#12001=EDGE_CURVE('',#724,#726,#12004,.T.);
#12002=LINE('',#725,#12005);
#12003=LINE('',#797,#12006);
#12004=LINE('',#723,#12007);
#12005=VECTOR('',#12008,1.0);
#12006=VECTOR('',#12009,1.0);
#12007=VECTOR('',#12010,1.0);
#12008=DIRECTION('',(0,0,1));
#12009=DIRECTION('',(-0.6587719983347426,0.08672583773044709,-0.7473272932791911));
#12010=DIRECTION('',(0.9914454731415148,-0.13052154529884286,0));
#12011=FACE_SURFACE('',(#12016),#12012,.T.);
#12012=PLANE('',#12013);
#12013=AXIS2_PLACEMENT_3D('',#723,#12014,#12015);
#12014=DIRECTION('',(-0.13052154529884286,-0.9914454731415148,0));
#12015=DIRECTION('',(0.6587719983347426,-0.08672583773044709,0.7473272932791911));
#12016=FACE_BOUND('',#12017,.T.);
#12017=EDGE_LOOP('',(#12018,#12019,#12020));
#12018=ORIENTED_EDGE('',*,*,#12021,.T.);
#12019=ORIENTED_EDGE('',*,*,#12022,.T.);
#12020=ORIENTED_EDGE('',*,*,#12023,.T.);
#12021=EDGE_CURVE('',#724,#798,#12024,.F.);
#12022=EDGE_CURVE('',#798,#800,#12025,.T.);
#12023=EDGE_CURVE('',#800,#724,#12026,.T.);
#12024=LINE('',#723,#12027);
#12025=LINE('',#797,#12028);
#12026=LINE('',#799,#12029);
#12027=VECTOR('',#12030,1.0);
#12028=VECTOR('',#12031,1.0);
#12029=VECTOR('',#12032,1.0);
#12030=DIRECTION('',(0.6587719983347426,-0.08672583773044709,0.7473272932791911));
#12031=DIRECTION('',(-0.9914454731415148,0.13052154529884286,0));
#12032=DIRECTION('',(0,0,-1));
#12033=FACE_SURFACE('',(#12038),#12034,.T.);
#12034=PLANE('',#12035);
#12035=AXIS2_PLACEMENT_3D('',#723,#12036,#12037);
#12036=DIRECTION('',(-0.38268766721413017,-0.9238777783680087,0));
#12037=DIRECTION('',(0,0,1));
#12038=FACE_BOUND('',#12039,.T.);
#12039=EDGE_LOOP('',(#12040,#12041,#12042));
#12040=ORIENTED_EDGE('',*,*,#12043,.T.);
#12041=ORIENTED_EDGE('',*,*,#12044,.T.);
#12042=ORIENTED_EDGE('',*,*,#12045,.T.);
#12043=EDGE_CURVE('',#724,#800,#12046,.F.);
#12044=EDGE_CURVE('',#800,#722,#12047,.T.);
#12045=EDGE_CURVE('',#722,#724,#12048,.T.);
#12046=LINE('',#723,#12049);
#12047=LINE('',#799,#12050);
#12048=LINE('',#721,#12051);
#12049=VECTOR('',#12052,1.0);
#12050=VECTOR('',#12053,1.0);
#12051=VECTOR('',#12054,1.0);
#12052=DIRECTION('',(0,0,1));
#12053=DIRECTION('',(-0.6138808669249096,0.25428107744496903,-0.7473228317647918));
#12054=DIRECTION('',(0.9238777783680087,-0.38268766721413017,0));
#12055=FACE_SURFACE('',(#12060),#12056,.T.);
#12056=PLANE('',#12057);
#12057=AXIS2_PLACEMENT_3D('',#721,#12058,#12059);
#12058=DIRECTION('',(-0.38268766721413017,-0.9238777783680087,0));
#12059=DIRECTION('',(0.6138808669249096,-0.25428107744496903,0.7473228317647918));
#12060=FACE_BOUND('',#12061,.T.);
#12061=EDGE_LOOP('',(#12062,#12063,#12064));
#12062=ORIENTED_EDGE('',*,*,#12065,.T.);
#12063=ORIENTED_EDGE('',*,*,#12066,.T.);
#12064=ORIENTED_EDGE('',*,*,#12067,.T.);
#12065=EDGE_CURVE('',#722,#800,#12068,.F.);
#12066=EDGE_CURVE('',#800,#802,#12069,.T.);
#12067=EDGE_CURVE('',#802,#722,#12070,.T.);
#12068=LINE('',#721,#12071);
#12069=LINE('',#799,#12072);
#12070=LINE('',#801,#12073);
#12071=VECTOR('',#12074,1.0);
#12072=VECTOR('',#12075,1.0);
#12073=VECTOR('',#12076,1.0);
#12074=DIRECTION('',(0.6138808669249096,-0.25428107744496903,0.7473228317647918));
#12075=DIRECTION('',(-0.9238777783680087,0.38268766721413017,0));
#12076=DIRECTION('',(0,0,-1));
#12077=FACE_SURFACE('',(#12082),#12078,.T.);
#12078=PLANE('',#12079);
#12079=AXIS2_PLACEMENT_3D('',#721,#12080,#12081);
#12080=DIRECTION('',(-0.6087684786978139,-0.7933479308247732,0));
#12081=DIRECTION('',(0,0,1));
#12082=FACE_BOUND('',#12083,.T.);
#12083=EDGE_LOOP('',(#12084,#12085,#12086));
#12084=ORIENTED_EDGE('',*,*,#12087,.T.);
#12085=ORIENTED_EDGE('',*,*,#12088,.T.);
#12086=ORIENTED_EDGE('',*,*,#12089,.T.);
#12087=EDGE_CURVE('',#722,#802,#12090,.F.);
#12088=EDGE_CURVE('',#802,#720,#12091,.T.);
#12089=EDGE_CURVE('',#720,#722,#12092,.T.);
#12090=LINE('',#721,#12093);
#12091=LINE('',#801,#12094);
#12092=LINE('',#719,#12095);
#12093=VECTOR('',#12096,1.0);
#12094=VECTOR('',#12097,1.0);
#12095=VECTOR('',#12098,1.0);
#12096=DIRECTION('',(0,0,1));
#12097=DIRECTION('',(-0.5271459156045851,0.40450072991398384,-0.7473261290497328));
#12098=DIRECTION('',(0.7933479308247732,-0.6087684786978139,0));
#12099=FACE_SURFACE('',(#12104),#12100,.T.);
#12100=PLANE('',#12101);
#12101=AXIS2_PLACEMENT_3D('',#719,#12102,#12103);
#12102=DIRECTION('',(-0.6087684786978139,-0.7933479308247732,0));
#12103=DIRECTION('',(0.5271459156045851,-0.40450072991398384,0.7473261290497328));
#12104=FACE_BOUND('',#12105,.T.);
#12105=EDGE_LOOP('',(#12106,#12107,#12108));
#12106=ORIENTED_EDGE('',*,*,#12109,.T.);
#12107=ORIENTED_EDGE('',*,*,#12110,.T.);
#12108=ORIENTED_EDGE('',*,*,#12111,.T.);
#12109=EDGE_CURVE('',#720,#802,#12112,.F.);
#12110=EDGE_CURVE('',#802,#804,#12113,.T.);
#12111=EDGE_CURVE('',#804,#720,#12114,.T.);
#12112=LINE('',#719,#12115);
#12113=LINE('',#801,#12116);
#12114=LINE('',#803,#12117);
#12115=VECTOR('',#12118,1.0);
#12116=VECTOR('',#12119,1.0);
#12117=VECTOR('',#12120,1.0);
#12118=DIRECTION('',(0.5271459156045851,-0.40450072991398384,0.7473261290497328));
#12119=DIRECTION('',(-0.7933479308247732,0.6087684786978139,0));
#12120=DIRECTION('',(0,0,-1));
#12121=FACE_SURFACE('',(#12126),#12122,.T.);
#12122=PLANE('',#12123);
#12123=AXIS2_PLACEMENT_3D('',#719,#12124,#12125);
#12124=DIRECTION('',(-0.7933392396570853,-0.6087798048722689,0));
#12125=DIRECTION('',(0,0,1));
#12126=FACE_BOUND('',#12127,.T.);
#12127=EDGE_LOOP('',(#12128,#12129,#12130));
#12128=ORIENTED_EDGE('',*,*,#12131,.T.);
#12129=ORIENTED_EDGE('',*,*,#12132,.T.);
#12130=ORIENTED_EDGE('',*,*,#12133,.T.);
#12131=EDGE_CURVE('',#720,#804,#12134,.F.);
#12132=EDGE_CURVE('',#804,#718,#12135,.T.);
#12133=EDGE_CURVE('',#718,#720,#12136,.T.);
#12134=LINE('',#719,#12137);
#12135=LINE('',#803,#12138);
#12136=LINE('',#717,#12139);
#12137=VECTOR('',#12140,1.0);
#12138=VECTOR('',#12141,1.0);
#12139=VECTOR('',#12142,1.0);
#12140=DIRECTION('',(0,0,1));
#12141=DIRECTION('',(-0.40451073060940185,0.5271433659369295,-0.747322514427695));
#12142=DIRECTION('',(0.6087798048722689,-0.7933392396570853,0));
#12143=FACE_SURFACE('',(#12148),#12144,.T.);
#12144=PLANE('',#12145);
#12145=AXIS2_PLACEMENT_3D('',#717,#12146,#12147);
#12146=DIRECTION('',(-0.7933392396570853,-0.6087798048722689,0));
#12147=DIRECTION('',(0.40451073060940185,-0.5271433659369295,0.747322514427695));
#12148=FACE_BOUND('',#12149,.T.);
#12149=EDGE_LOOP('',(#12150,#12151,#12152));
#12150=ORIENTED_EDGE('',*,*,#12153,.T.);
#12151=ORIENTED_EDGE('',*,*,#12154,.T.);
#12152=ORIENTED_EDGE('',*,*,#12155,.T.);
#12153=EDGE_CURVE('',#718,#804,#12156,.F.);
#12154=EDGE_CURVE('',#804,#806,#12157,.T.);
#12155=EDGE_CURVE('',#806,#718,#12158,.T.);
#12156=LINE('',#717,#12159);
#12157=LINE('',#803,#12160);
#12158=LINE('',#805,#12161);
#12159=VECTOR('',#12162,1.0);
#12160=VECTOR('',#12163,1.0);
#12161=VECTOR('',#12164,1.0);
#12162=DIRECTION('',(0.40451073060940185,-0.5271433659369295,0.747322514427695));
#12163=DIRECTION('',(-0.6087798048722689,0.7933392396570853,0));
#12164=DIRECTION('',(0,0,-1));
#12165=FACE_SURFACE('',(#12170),#12166,.T.);
#12166=PLANE('',#12167);
#12167=AXIS2_PLACEMENT_3D('',#717,#12168,#12169);
#12168=DIRECTION('',(-0.9238878676498463,-0.38266330894066647,0));
#12169=DIRECTION('',(0,0,1));
#12170=FACE_BOUND('',#12171,.T.);
#12171=EDGE_LOOP('',(#12172,#12173,#12174));
#12172=ORIENTED_EDGE('',*,*,#12175,.T.);
#12173=ORIENTED_EDGE('',*,*,#12176,.T.);
#12174=ORIENTED_EDGE('',*,*,#12177,.T.);
#12175=EDGE_CURVE('',#718,#806,#12178,.F.);
#12176=EDGE_CURVE('',#806,#716,#12179,.T.);
#12177=EDGE_CURVE('',#716,#718,#12180,.T.);
#12178=LINE('',#717,#12181);
#12179=LINE('',#805,#12182);
#12180=LINE('',#715,#12183);
#12181=VECTOR('',#12184,1.0);
#12182=VECTOR('',#12185,1.0);
#12183=VECTOR('',#12186,1.0);
#12184=DIRECTION('',(0,0,1));
#12185=DIRECTION('',(-0.25426057553773557,0.6138771485860033,-0.747332861696271));
#12186=DIRECTION('',(0.38266330894066647,-0.9238878676498463,0));
#12187=FACE_SURFACE('',(#12192),#12188,.T.);
#12188=PLANE('',#12189);
#12189=AXIS2_PLACEMENT_3D('',#715,#12190,#12191);
#12190=DIRECTION('',(-0.9238878676498463,-0.38266330894066647,0));
#12191=DIRECTION('',(0.25426057553773557,-0.6138771485860033,0.747332861696271));
#12192=FACE_BOUND('',#12193,.T.);
#12193=EDGE_LOOP('',(#12194,#12195,#12196));
#12194=ORIENTED_EDGE('',*,*,#12197,.T.);
#12195=ORIENTED_EDGE('',*,*,#12198,.T.);
#12196=ORIENTED_EDGE('',*,*,#12199,.T.);
#12197=EDGE_CURVE('',#716,#806,#12200,.F.);
#12198=EDGE_CURVE('',#806,#808,#12201,.T.);
#12199=EDGE_CURVE('',#808,#716,#12202,.T.);
#12200=LINE('',#715,#12203);
#12201=LINE('',#805,#12204);
#12202=LINE('',#807,#12205);
#12203=VECTOR('',#12206,1.0);
#12204=VECTOR('',#12207,1.0);
#12205=VECTOR('',#12208,1.0);
#12206=DIRECTION('',(0.25426057553773557,-0.6138771485860033,0.747332861696271));
#12207=DIRECTION('',(-0.38266330894066647,0.9238878676498463,0));
#12208=DIRECTION('',(0,0,-1));
#12209=FACE_SURFACE('',(#12214),#12210,.T.);
#12210=PLANE('',#12211);
#12211=AXIS2_PLACEMENT_3D('',#663,#12212,#12213);
#12212=DIRECTION('',(0,-0,1));
#12213=DIRECTION('',(1,0,0));
#12214=FACE_BOUND('',#12215,.T.);
#12215=EDGE_LOOP('',(#12216,#12217,#12218));
#12216=ORIENTED_EDGE('',*,*,#12219,.T.);
#12217=ORIENTED_EDGE('',*,*,#12220,.T.);
#12218=ORIENTED_EDGE('',*,*,#12221,.T.);
#12219=EDGE_CURVE('',#664,#644,#12222,.F.);
#12220=EDGE_CURVE('',#644,#618,#12223,.T.);
#12221=EDGE_CURVE('',#618,#664,#12224,.T.);
#12222=LINE('',#663,#12225);
#12223=LINE('',#643,#12226);
#12224=LINE('',#617,#12227);
#12225=VECTOR('',#12228,1.0);
#12226=VECTOR('',#12229,1.0);
#12227=VECTOR('',#12230,1.0);
#12228=DIRECTION('',(1,0,0));
#12229=DIRECTION('',(-0.991444922843584,0.13052572530991707,0));
#12230=DIRECTION('',(0.13053923419243382,-0.9914431442783055,0));
#12231=FACE_SURFACE('',(#12236),#12232,.T.);
#12232=PLANE('',#12233);
#12233=AXIS2_PLACEMENT_3D('',#617,#12234,#12235);
#12234=DIRECTION('',(-0,0,1));
#12235=DIRECTION('',(0.991444922843584,-0.13052572530991707,0));
#12236=FACE_BOUND('',#12237,.T.);
#12237=EDGE_LOOP('',(#12238,#12239,#12240));
#12238=ORIENTED_EDGE('',*,*,#12241,.T.);
#12239=ORIENTED_EDGE('',*,*,#12242,.T.);
#12240=ORIENTED_EDGE('',*,*,#12243,.T.);
#12241=EDGE_CURVE('',#618,#644,#12244,.F.);
#12242=EDGE_CURVE('',#644,#642,#12245,.T.);
#12243=EDGE_CURVE('',#642,#618,#12246,.T.);
#12244=LINE('',#617,#12247);
#12245=LINE('',#643,#12248);
#12246=LINE('',#641,#12249);
#12247=VECTOR('',#12250,1.0);
#12248=VECTOR('',#12251,1.0);
#12249=VECTOR('',#12252,1.0);
#12250=DIRECTION('',(0.991444922843584,-0.13052572530991707,0));
#12251=DIRECTION('',(0.13053923419237096,0.9914431442783137,0));
#12252=DIRECTION('',(-1,0,0));
#12253=FACE_SURFACE('',(#12258),#12254,.T.);
#12254=PLANE('',#12255);
#12255=AXIS2_PLACEMENT_3D('',#617,#12256,#12257);
#12256=DIRECTION('',(0,0,1));
#12257=DIRECTION('',(1,0,0));
#12258=FACE_BOUND('',#12259,.T.);
#12259=EDGE_LOOP('',(#12260,#12261,#12262));
#12260=ORIENTED_EDGE('',*,*,#12263,.T.);
#12261=ORIENTED_EDGE('',*,*,#12264,.T.);
#12262=ORIENTED_EDGE('',*,*,#12265,.T.);
#12263=EDGE_CURVE('',#618,#642,#12266,.F.);
#12264=EDGE_CURVE('',#642,#620,#12267,.T.);
#12265=EDGE_CURVE('',#620,#618,#12268,.T.);
#12266=LINE('',#617,#12269);
#12267=LINE('',#641,#12270);
#12268=LINE('',#619,#12271);
#12269=VECTOR('',#12272,1.0);
#12270=VECTOR('',#12273,1.0);
#12271=VECTOR('',#12274,1.0);
#12272=DIRECTION('',(1,0,0));
#12273=DIRECTION('',(-0.9914446162519791,0.1305280540917,0));
#12274=DIRECTION('',(-0.1305369052181005,-0.991443450921978,0));
#12275=FACE_SURFACE('',(#12280),#12276,.T.);
#12276=PLANE('',#12277);
#12277=AXIS2_PLACEMENT_3D('',#619,#12278,#12279);
#12278=DIRECTION('',(-0,0,1));
#12279=DIRECTION('',(0.9914446162519791,-0.1305280540917,0));
#12280=FACE_BOUND('',#12281,.T.);
#12281=EDGE_LOOP('',(#12282,#12283,#12284));
#12282=ORIENTED_EDGE('',*,*,#12285,.T.);
#12283=ORIENTED_EDGE('',*,*,#12286,.T.);
#12284=ORIENTED_EDGE('',*,*,#12287,.T.);
#12285=EDGE_CURVE('',#620,#642,#12288,.F.);
#12286=EDGE_CURVE('',#642,#640,#12289,.T.);
#12287=EDGE_CURVE('',#640,#620,#12290,.T.);
#12288=LINE('',#619,#12291);
#12289=LINE('',#641,#12292);
#12290=LINE('',#639,#12293);
#12291=VECTOR('',#12294,1.0);
#12292=VECTOR('',#12295,1.0);
#12293=VECTOR('',#12296,1.0);
#12294=DIRECTION('',(0.9914446162519791,-0.1305280540917,0));
#12295=DIRECTION('',(-0.13053690521803765,0.9914434509219863,0));
#12296=DIRECTION('',(-1,0,0));
#12297=FACE_SURFACE('',(#12302),#12298,.T.);
#12298=PLANE('',#12299);
#12299=AXIS2_PLACEMENT_3D('',#619,#12300,#12301);
#12300=DIRECTION('',(0,0,1));
#12301=DIRECTION('',(1,0,0));
#12302=FACE_BOUND('',#12303,.T.);
#12303=EDGE_LOOP('',(#12304,#12305,#12306));
#12304=ORIENTED_EDGE('',*,*,#12307,.T.);
#12305=ORIENTED_EDGE('',*,*,#12308,.T.);
#12306=ORIENTED_EDGE('',*,*,#12309,.T.);
#12307=EDGE_CURVE('',#620,#640,#12310,.F.);
#12308=EDGE_CURVE('',#640,#622,#12311,.T.);
#12309=EDGE_CURVE('',#622,#620,#12312,.T.);
#12310=LINE('',#619,#12313);
#12311=LINE('',#639,#12314);
#12312=LINE('',#621,#12315);
#12313=VECTOR('',#12316,1.0);
#12314=VECTOR('',#12317,1.0);
#12315=VECTOR('',#12318,1.0);
#12316=DIRECTION('',(1,0,0));
#12317=DIRECTION('',(-0.9914451030534329,0.13052435646793237,0));
#12318=DIRECTION('',(-0.38266330894066647,-0.9238878676498463,0));
#12319=FACE_SURFACE('',(#12324),#12320,.T.);
#12320=PLANE('',#12321);
#12321=AXIS2_PLACEMENT_3D('',#621,#12322,#12323);
#12322=DIRECTION('',(-0,0,1));
#12323=DIRECTION('',(0.9914451030534329,-0.13052435646793237,0));
#12324=FACE_BOUND('',#12325,.T.);
#12325=EDGE_LOOP('',(#12326,#12327,#12328));
#12326=ORIENTED_EDGE('',*,*,#12329,.T.);
#12327=ORIENTED_EDGE('',*,*,#12330,.T.);
#12328=ORIENTED_EDGE('',*,*,#12331,.T.);
#12329=EDGE_CURVE('',#622,#640,#12332,.F.);
#12330=EDGE_CURVE('',#640,#638,#12333,.T.);
#12331=EDGE_CURVE('',#638,#622,#12334,.T.);
#12332=LINE('',#621,#12335);
#12333=LINE('',#639,#12336);
#12334=LINE('',#637,#12337);
#12335=VECTOR('',#12338,1.0);
#12336=VECTOR('',#12339,1.0);
#12337=VECTOR('',#12340,1.0);
#12338=DIRECTION('',(0.9914451030534329,-0.13052435646793237,0));
#12339=DIRECTION('',(-0.38269402966214716,0.9238751428959151,0));
#12340=DIRECTION('',(-1,0,0));
#12341=FACE_SURFACE('',(#12346),#12342,.T.);
#12342=PLANE('',#12343);
#12343=AXIS2_PLACEMENT_3D('',#621,#12344,#12345);
#12344=DIRECTION('',(0,0,1));
#12345=DIRECTION('',(1,0,0));
#12346=FACE_BOUND('',#12347,.T.);
#12347=EDGE_LOOP('',(#12348,#12349,#12350));
#12348=ORIENTED_EDGE('',*,*,#12351,.T.);
#12349=ORIENTED_EDGE('',*,*,#12352,.T.);
#12350=ORIENTED_EDGE('',*,*,#12353,.T.);
#12351=EDGE_CURVE('',#622,#638,#12354,.F.);
#12352=EDGE_CURVE('',#638,#624,#12355,.T.);
#12353=EDGE_CURVE('',#624,#622,#12356,.T.);
#12354=LINE('',#621,#12357);
#12355=LINE('',#637,#12358);
#12356=LINE('',#623,#12359);
#12357=VECTOR('',#12360,1.0);
#12358=VECTOR('',#12361,1.0);
#12359=VECTOR('',#12362,1.0);
#12360=DIRECTION('',(1,0,0));
#12361=DIRECTION('',(-0.9914449412827856,0.13052558524968924,0));
#12362=DIRECTION('',(-0.6087798048722535,-0.7933392396570972,0));
#12363=FACE_SURFACE('',(#12368),#12364,.T.);
#12364=PLANE('',#12365);
#12365=AXIS2_PLACEMENT_3D('',#623,#12366,#12367);
#12366=DIRECTION('',(-0,0,1));
#12367=DIRECTION('',(0.9914449412827856,-0.13052558524968924,0));
#12368=FACE_BOUND('',#12369,.T.);
#12369=EDGE_LOOP('',(#12370,#12371,#12372));
#12370=ORIENTED_EDGE('',*,*,#12373,.T.);
#12371=ORIENTED_EDGE('',*,*,#12374,.T.);
#12372=ORIENTED_EDGE('',*,*,#12375,.T.);
#12373=EDGE_CURVE('',#624,#638,#12376,.F.);
#12374=EDGE_CURVE('',#638,#636,#12377,.T.);
#12375=EDGE_CURVE('',#636,#624,#12378,.T.);
#12376=LINE('',#623,#12379);
#12377=LINE('',#637,#12380);
#12378=LINE('',#635,#12381);
#12379=VECTOR('',#12382,1.0);
#12380=VECTOR('',#12383,1.0);
#12381=VECTOR('',#12384,1.0);
#12382=DIRECTION('',(0.9914449412827856,-0.13052558524968924,0));
#12383=DIRECTION('',(-0.608757152151091,0.7933566220212027,0));
#12384=DIRECTION('',(-1,0,0));
#12385=FACE_SURFACE('',(#12390),#12386,.T.);
#12386=PLANE('',#12387);
#12387=AXIS2_PLACEMENT_3D('',#623,#12388,#12389);
#12388=DIRECTION('',(0,0,1));
#12389=DIRECTION('',(1,0,0));
#12390=FACE_BOUND('',#12391,.T.);
#12391=EDGE_LOOP('',(#12392,#12393,#12394));
#12392=ORIENTED_EDGE('',*,*,#12395,.T.);
#12393=ORIENTED_EDGE('',*,*,#12396,.T.);
#12394=ORIENTED_EDGE('',*,*,#12397,.T.);
#12395=EDGE_CURVE('',#624,#636,#12398,.F.);
#12396=EDGE_CURVE('',#636,#626,#12399,.T.);
#12397=EDGE_CURVE('',#626,#624,#12400,.T.);
#12398=LINE('',#623,#12401);
#12399=LINE('',#635,#12402);
#12400=LINE('',#625,#12403);
#12401=VECTOR('',#12404,1.0);
#12402=VECTOR('',#12405,1.0);
#12403=VECTOR('',#12406,1.0);
#12404=DIRECTION('',(1,0,0));
#12405=DIRECTION('',(-0.991444679552839,0.13052757328001102,0));
#12406=DIRECTION('',(-0.7933479308247887,-0.6087684786977939,0));
#12407=FACE_SURFACE('',(#12412),#12408,.T.);
#12408=PLANE('',#12409);
#12409=AXIS2_PLACEMENT_3D('',#625,#12410,#12411);
#12410=DIRECTION('',(-0,0,1));
#12411=DIRECTION('',(0.991444679552839,-0.13052757328001102,0));
#12412=FACE_BOUND('',#12413,.T.);
#12413=EDGE_LOOP('',(#12414,#12415,#12416));
#12414=ORIENTED_EDGE('',*,*,#12417,.T.);
#12415=ORIENTED_EDGE('',*,*,#12418,.T.);
#12416=ORIENTED_EDGE('',*,*,#12419,.T.);
#12417=EDGE_CURVE('',#626,#636,#12420,.F.);
#12418=EDGE_CURVE('',#636,#634,#12421,.T.);
#12419=EDGE_CURVE('',#634,#626,#12422,.T.);
#12420=LINE('',#625,#12423);
#12421=LINE('',#635,#12424);
#12422=LINE('',#633,#12425);
#12423=VECTOR('',#12426,1.0);
#12424=VECTOR('',#12427,1.0);
#12425=VECTOR('',#12428,1.0);
#12426=DIRECTION('',(0.991444679552839,-0.13052757328001102,0));
#12427=DIRECTION('',(-0.7933479308247887,0.6087684786977939,0));
#12428=DIRECTION('',(-1,0,0));
#12429=FACE_SURFACE('',(#12434),#12430,.T.);
#12430=PLANE('',#12431);
#12431=AXIS2_PLACEMENT_3D('',#625,#12432,#12433);
#12432=DIRECTION('',(0,0,1));
#12433=DIRECTION('',(1,0,0));
#12434=FACE_BOUND('',#12435,.T.);
#12435=EDGE_LOOP('',(#12436,#12437,#12438));
#12436=ORIENTED_EDGE('',*,*,#12439,.T.);
#12437=ORIENTED_EDGE('',*,*,#12440,.T.);
#12438=ORIENTED_EDGE('',*,*,#12441,.T.);
#12439=EDGE_CURVE('',#626,#634,#12442,.F.);
#12440=EDGE_CURVE('',#634,#628,#12443,.T.);
#12441=EDGE_CURVE('',#628,#626,#12444,.T.);
#12442=LINE('',#625,#12445);
#12443=LINE('',#633,#12446);
#12444=LINE('',#627,#12447);
#12445=VECTOR('',#12448,1.0);
#12446=VECTOR('',#12449,1.0);
#12447=VECTOR('',#12450,1.0);
#12448=DIRECTION('',(1,0,0));
#12449=DIRECTION('',(-0.991445309856506,0.13052278561054678,0));
#12450=DIRECTION('',(-0.9238841406354295,-0.3826723071798299,0));
#12451=FACE_SURFACE('',(#12456),#12452,.T.);
#12452=PLANE('',#12453);
#12453=AXIS2_PLACEMENT_3D('',#627,#12454,#12455);
#12454=DIRECTION('',(-0,0,1));
#12455=DIRECTION('',(0.991445309856506,-0.13052278561054678,0));
#12456=FACE_BOUND('',#12457,.T.);
#12457=EDGE_LOOP('',(#12458,#12459,#12460));
#12458=ORIENTED_EDGE('',*,*,#12461,.T.);
#12459=ORIENTED_EDGE('',*,*,#12462,.T.);
#12460=ORIENTED_EDGE('',*,*,#12463,.T.);
#12461=EDGE_CURVE('',#628,#634,#12464,.F.);
#12462=EDGE_CURVE('',#634,#632,#12465,.T.);
#12463=EDGE_CURVE('',#632,#628,#12466,.T.);
#12464=LINE('',#627,#12467);
#12465=LINE('',#633,#12468);
#12466=LINE('',#631,#12469);
#12467=VECTOR('',#12470,1.0);
#12468=VECTOR('',#12471,1.0);
#12469=VECTOR('',#12472,1.0);
#12470=DIRECTION('',(0.991445309856506,-0.13052278561054678,0));
#12471=DIRECTION('',(-0.92388414063542,0.3826723071798525,0));
#12472=DIRECTION('',(-1,0,0));
#12473=FACE_SURFACE('',(#12478),#12474,.T.);
#12474=PLANE('',#12475);
#12475=AXIS2_PLACEMENT_3D('',#627,#12476,#12477);
#12476=DIRECTION('',(0,0,1));
#12477=DIRECTION('',(1,0,0));
#12478=FACE_BOUND('',#12479,.T.);
#12479=EDGE_LOOP('',(#12480,#12481,#12482));
#12480=ORIENTED_EDGE('',*,*,#12483,.T.);
#12481=ORIENTED_EDGE('',*,*,#12484,.T.);
#12482=ORIENTED_EDGE('',*,*,#12485,.T.);
#12483=EDGE_CURVE('',#628,#632,#12486,.F.);
#12484=EDGE_CURVE('',#632,#630,#12487,.T.);
#12485=EDGE_CURVE('',#630,#628,#12488,.T.);
#12486=LINE('',#627,#12489);
#12487=LINE('',#631,#12490);
#12488=LINE('',#629,#12491);
#12489=VECTOR('',#12492,1.0);
#12490=VECTOR('',#12493,1.0);
#12491=VECTOR('',#12494,1.0);
#12492=DIRECTION('',(1,0,0));
#12493=DIRECTION('',(-0.9914431442783137,0.13053923419237096,0));
#12494=DIRECTION('',(-0.9914431442783127,-0.13053923419237923,0));
#12495=FACE_SURFACE('',(#12500),#12496,.T.);
#12496=PLANE('',#12497);
#12497=AXIS2_PLACEMENT_3D('',#643,#12498,#12499);
#12498=DIRECTION('',(0,0,1));
#12499=DIRECTION('',(-1,0,0));
#12500=FACE_BOUND('',#12501,.T.);
#12501=EDGE_LOOP('',(#12502,#12503,#12504));
#12502=ORIENTED_EDGE('',*,*,#12505,.T.);
#12503=ORIENTED_EDGE('',*,*,#12506,.T.);
#12504=ORIENTED_EDGE('',*,*,#12507,.T.);
#12505=EDGE_CURVE('',#644,#664,#12508,.F.);
#12506=EDGE_CURVE('',#664,#646,#12509,.T.);
#12507=EDGE_CURVE('',#646,#644,#12510,.T.);
#12508=LINE('',#643,#12511);
#12509=LINE('',#663,#12512);
#12510=LINE('',#645,#12513);
#12511=VECTOR('',#12514,1.0);
#12512=VECTOR('',#12515,1.0);
#12513=VECTOR('',#12516,1.0);
#12514=DIRECTION('',(-1,0,0));
#12515=DIRECTION('',(0.9914450164249802,-0.1305250144840854,0));
#12516=DIRECTION('',(0.38269402966214716,0.9238751428959151,0));
#12517=FACE_SURFACE('',(#12522),#12518,.T.);
#12518=PLANE('',#12519);
#12519=AXIS2_PLACEMENT_3D('',#645,#12520,#12521);
#12520=DIRECTION('',(0,0,1));
#12521=DIRECTION('',(-0.9914450164249802,0.1305250144840854,0));
#12522=FACE_BOUND('',#12523,.T.);
#12523=EDGE_LOOP('',(#12524,#12525,#12526));
#12524=ORIENTED_EDGE('',*,*,#12527,.T.);
#12525=ORIENTED_EDGE('',*,*,#12528,.T.);
#12526=ORIENTED_EDGE('',*,*,#12529,.T.);
#12527=EDGE_CURVE('',#646,#664,#12530,.F.);
#12528=EDGE_CURVE('',#664,#662,#12531,.T.);
#12529=EDGE_CURVE('',#662,#646,#12532,.T.);
#12530=LINE('',#645,#12533);
#12531=LINE('',#663,#12534);
#12532=LINE('',#661,#12535);
#12533=VECTOR('',#12536,1.0);
#12534=VECTOR('',#12537,1.0);
#12535=VECTOR('',#12538,1.0);
#12536=DIRECTION('',(-0.9914450164249802,0.1305250144840854,0));
#12537=DIRECTION('',(0.38266330894066647,-0.9238878676498463,0));
#12538=DIRECTION('',(1,0,0));
#12539=FACE_SURFACE('',(#12544),#12540,.T.);
#12540=PLANE('',#12541);
#12541=AXIS2_PLACEMENT_3D('',#645,#12542,#12543);
#12542=DIRECTION('',(0,0,1));
#12543=DIRECTION('',(-1,0,0));
#12544=FACE_BOUND('',#12545,.T.);
#12545=EDGE_LOOP('',(#12546,#12547,#12548));
#12546=ORIENTED_EDGE('',*,*,#12549,.T.);
#12547=ORIENTED_EDGE('',*,*,#12550,.T.);
#12548=ORIENTED_EDGE('',*,*,#12551,.T.);
#12549=EDGE_CURVE('',#646,#662,#12552,.F.);
#12550=EDGE_CURVE('',#662,#648,#12553,.T.);
#12551=EDGE_CURVE('',#648,#646,#12554,.T.);
#12552=LINE('',#645,#12555);
#12553=LINE('',#661,#12556);
#12554=LINE('',#647,#12557);
#12555=VECTOR('',#12558,1.0);
#12556=VECTOR('',#12559,1.0);
#12557=VECTOR('',#12560,1.0);
#12558=DIRECTION('',(-1,0,0));
#12559=DIRECTION('',(0.9914450421644931,-0.13052481897113008,0));
#12560=DIRECTION('',(0.6087571521511065,0.7933566220211908,0));
#12561=FACE_SURFACE('',(#12566),#12562,.T.);
#12562=PLANE('',#12563);
#12563=AXIS2_PLACEMENT_3D('',#647,#12564,#12565);
#12564=DIRECTION('',(0,0,1));
#12565=DIRECTION('',(-0.9914450421644931,0.13052481897113008,0));
#12566=FACE_BOUND('',#12567,.T.);
#12567=EDGE_LOOP('',(#12568,#12569,#12570));
#12568=ORIENTED_EDGE('',*,*,#12571,.T.);
#12569=ORIENTED_EDGE('',*,*,#12572,.T.);
#12570=ORIENTED_EDGE('',*,*,#12573,.T.);
#12571=EDGE_CURVE('',#648,#662,#12574,.F.);
#12572=EDGE_CURVE('',#662,#660,#12575,.T.);
#12573=EDGE_CURVE('',#660,#648,#12576,.T.);
#12574=LINE('',#647,#12577);
#12575=LINE('',#661,#12578);
#12576=LINE('',#659,#12579);
#12577=VECTOR('',#12580,1.0);
#12578=VECTOR('',#12581,1.0);
#12579=VECTOR('',#12582,1.0);
#12580=DIRECTION('',(-0.9914450421644931,0.13052481897113008,0));
#12581=DIRECTION('',(0.6087798048722689,-0.7933392396570853,0));
#12582=DIRECTION('',(1,0,0));
#12583=FACE_SURFACE('',(#12588),#12584,.T.);
#12584=PLANE('',#12585);
#12585=AXIS2_PLACEMENT_3D('',#647,#12586,#12587);
#12586=DIRECTION('',(0,0,1));
#12587=DIRECTION('',(-1,0,0));
#12588=FACE_BOUND('',#12589,.T.);
#12589=EDGE_LOOP('',(#12590,#12591,#12592));
#12590=ORIENTED_EDGE('',*,*,#12593,.T.);
#12591=ORIENTED_EDGE('',*,*,#12594,.T.);
#12592=ORIENTED_EDGE('',*,*,#12595,.T.);
#12593=EDGE_CURVE('',#648,#660,#12596,.F.);
#12594=EDGE_CURVE('',#660,#650,#12597,.T.);
#12595=EDGE_CURVE('',#650,#648,#12598,.T.);
#12596=LINE('',#647,#12599);
#12597=LINE('',#659,#12600);
#12598=LINE('',#649,#12601);
#12599=VECTOR('',#12602,1.0);
#12600=VECTOR('',#12603,1.0);
#12601=VECTOR('',#12604,1.0);
#12602=DIRECTION('',(-1,0,0));
#12603=DIRECTION('',(0.9914446795528381,-0.13052757328001777,0));
#12604=DIRECTION('',(0.7933479308247732,0.6087684786978139,0));
#12605=FACE_SURFACE('',(#12610),#12606,.T.);
#12606=PLANE('',#12607);
#12607=AXIS2_PLACEMENT_3D('',#649,#12608,#12609);
#12608=DIRECTION('',(0,0,1));
#12609=DIRECTION('',(-0.9914446795528381,0.13052757328001777,0));
#12610=FACE_BOUND('',#12611,.T.);
#12611=EDGE_LOOP('',(#12612,#12613,#12614));
#12612=ORIENTED_EDGE('',*,*,#12615,.T.);
#12613=ORIENTED_EDGE('',*,*,#12616,.T.);
#12614=ORIENTED_EDGE('',*,*,#12617,.T.);
#12615=EDGE_CURVE('',#650,#660,#12618,.F.);
#12616=EDGE_CURVE('',#660,#658,#12619,.T.);
#12617=EDGE_CURVE('',#658,#650,#12620,.T.);
#12618=LINE('',#649,#12621);
#12619=LINE('',#659,#12622);
#12620=LINE('',#657,#12623);
#12621=VECTOR('',#12624,1.0);
#12622=VECTOR('',#12625,1.0);
#12623=VECTOR('',#12626,1.0);
#12624=DIRECTION('',(-0.9914446795528381,0.13052757328001777,0));
#12625=DIRECTION('',(0.7933479308247732,-0.6087684786978139,0));
#12626=DIRECTION('',(1,0,0));
#12627=FACE_SURFACE('',(#12632),#12628,.T.);
#12628=PLANE('',#12629);
#12629=AXIS2_PLACEMENT_3D('',#649,#12630,#12631);
#12630=DIRECTION('',(0,0,1));
#12631=DIRECTION('',(-1,0,0));
#12632=FACE_BOUND('',#12633,.T.);
#12633=EDGE_LOOP('',(#12634,#12635,#12636));
#12634=ORIENTED_EDGE('',*,*,#12637,.T.);
#12635=ORIENTED_EDGE('',*,*,#12638,.T.);
#12636=ORIENTED_EDGE('',*,*,#12639,.T.);
#12637=EDGE_CURVE('',#650,#658,#12640,.F.);
#12638=EDGE_CURVE('',#658,#652,#12641,.T.);
#12639=EDGE_CURVE('',#652,#650,#12642,.T.);
#12640=LINE('',#649,#12643);
#12641=LINE('',#657,#12644);
#12642=LINE('',#651,#12645);
#12643=VECTOR('',#12646,1.0);
#12644=VECTOR('',#12647,1.0);
#12645=VECTOR('',#12648,1.0);
#12646=DIRECTION('',(-1,0,0));
#12647=DIRECTION('',(0.9914445155543665,-0.13052881895262589,0));
#12648=DIRECTION('',(0.9238777783679992,0.38268766721415276,0));
#12649=FACE_SURFACE('',(#12654),#12650,.T.);
#12650=PLANE('',#12651);
#12651=AXIS2_PLACEMENT_3D('',#651,#12652,#12653);
#12652=DIRECTION('',(0,0,1));
#12653=DIRECTION('',(-0.9914445155543665,0.13052881895262589,0));
#12654=FACE_BOUND('',#12655,.T.);
#12655=EDGE_LOOP('',(#12656,#12657,#12658));
#12656=ORIENTED_EDGE('',*,*,#12659,.T.);
#12657=ORIENTED_EDGE('',*,*,#12660,.T.);
#12658=ORIENTED_EDGE('',*,*,#12661,.T.);
#12659=EDGE_CURVE('',#652,#658,#12662,.F.);
#12660=EDGE_CURVE('',#658,#656,#12663,.T.);
#12661=EDGE_CURVE('',#656,#652,#12664,.T.);
#12662=LINE('',#651,#12665);
#12663=LINE('',#657,#12666);
#12664=LINE('',#655,#12667);
#12665=VECTOR('',#12668,1.0);
#12666=VECTOR('',#12669,1.0);
#12667=VECTOR('',#12670,1.0);
#12668=DIRECTION('',(-0.9914445155543665,0.13052881895262589,0));
#12669=DIRECTION('',(0.9238777783680087,-0.38268766721413017,0));
#12670=DIRECTION('',(1,0,0));
#12671=FACE_SURFACE('',(#12676),#12672,.T.);
#12672=PLANE('',#12673);
#12673=AXIS2_PLACEMENT_3D('',#651,#12674,#12675);
#12674=DIRECTION('',(0,0,1));
#12675=DIRECTION('',(-1,0,0));
#12676=FACE_BOUND('',#12677,.T.);
#12677=EDGE_LOOP('',(#12678,#12679,#12680));
#12678=ORIENTED_EDGE('',*,*,#12681,.T.);
#12679=ORIENTED_EDGE('',*,*,#12682,.T.);
#12680=ORIENTED_EDGE('',*,*,#12683,.T.);
#12681=EDGE_CURVE('',#652,#656,#12684,.F.);
#12682=EDGE_CURVE('',#656,#654,#12685,.T.);
#12683=EDGE_CURVE('',#654,#652,#12686,.T.);
#12684=LINE('',#651,#12687);
#12685=LINE('',#655,#12688);
#12686=LINE('',#653,#12689);
#12687=VECTOR('',#12690,1.0);
#12688=VECTOR('',#12691,1.0);
#12689=VECTOR('',#12692,1.0);
#12690=DIRECTION('',(-1,0,0));
#12691=DIRECTION('',(0.9914454731415148,-0.13052154529884286,0));
#12692=DIRECTION('',(0.9914454731415159,0.13052154529883458,0));
#12693=FACE_SURFACE('',(#12698),#12694,.T.);
#12694=PLANE('',#12695);
#12695=AXIS2_PLACEMENT_3D('',#759,#12696,#12697);
#12696=DIRECTION('',(0,-0,-1));
#12697=DIRECTION('',(1,0,0));
#12698=FACE_BOUND('',#12699,.T.);
#12699=EDGE_LOOP('',(#12700,#12701,#12702));
#12700=ORIENTED_EDGE('',*,*,#12703,.T.);
#12701=ORIENTED_EDGE('',*,*,#12704,.T.);
#12702=ORIENTED_EDGE('',*,*,#12705,.T.);
#12703=EDGE_CURVE('',#760,#740,#12706,.F.);
#12704=EDGE_CURVE('',#740,#714,#12707,.T.);
#12705=EDGE_CURVE('',#714,#760,#12708,.T.);
#12706=LINE('',#759,#12709);
#12707=LINE('',#739,#12710);
#12708=LINE('',#713,#12711);
#12709=VECTOR('',#12712,1.0);
#12710=VECTOR('',#12713,1.0);
#12711=VECTOR('',#12714,1.0);
#12712=DIRECTION('',(1,0,0));
#12713=DIRECTION('',(-0.9914446162519793,-0.13052805409169893,0));
#12714=DIRECTION('',(0.1305369052181005,0.991443450921978,0));
#12715=FACE_SURFACE('',(#12720),#12716,.T.);
#12716=PLANE('',#12717);
#12717=AXIS2_PLACEMENT_3D('',#713,#12718,#12719);
#12718=DIRECTION('',(0,0,-1));
#12719=DIRECTION('',(0.9914446162519793,0.13052805409169893,0));
#12720=FACE_BOUND('',#12721,.T.);
#12721=EDGE_LOOP('',(#12722,#12723,#12724));
#12722=ORIENTED_EDGE('',*,*,#12725,.T.);
#12723=ORIENTED_EDGE('',*,*,#12726,.T.);
#12724=ORIENTED_EDGE('',*,*,#12727,.T.);
#12725=EDGE_CURVE('',#714,#740,#12728,.F.);
#12726=EDGE_CURVE('',#740,#738,#12729,.T.);
#12727=EDGE_CURVE('',#738,#714,#12730,.T.);
#12728=LINE('',#713,#12731);
#12729=LINE('',#739,#12732);
#12730=LINE('',#737,#12733);
#12731=VECTOR('',#12734,1.0);
#12732=VECTOR('',#12735,1.0);
#12733=VECTOR('',#12736,1.0);
#12734=DIRECTION('',(0.9914446162519793,0.13052805409169893,0));
#12735=DIRECTION('',(0.13053690521803765,-0.9914434509219863,0));
#12736=DIRECTION('',(-1,0,0));
#12737=FACE_SURFACE('',(#12742),#12738,.T.);
#12738=PLANE('',#12739);
#12739=AXIS2_PLACEMENT_3D('',#713,#12740,#12741);
#12740=DIRECTION('',(0,0,-1));
#12741=DIRECTION('',(1,0,0));
#12742=FACE_BOUND('',#12743,.T.);
#12743=EDGE_LOOP('',(#12744,#12745,#12746));
#12744=ORIENTED_EDGE('',*,*,#12747,.T.);
#12745=ORIENTED_EDGE('',*,*,#12748,.T.);
#12746=ORIENTED_EDGE('',*,*,#12749,.T.);
#12747=EDGE_CURVE('',#714,#738,#12750,.F.);
#12748=EDGE_CURVE('',#738,#716,#12751,.T.);
#12749=EDGE_CURVE('',#716,#714,#12752,.T.);
#12750=LINE('',#713,#12753);
#12751=LINE('',#737,#12754);
#12752=LINE('',#715,#12755);
#12753=VECTOR('',#12756,1.0);
#12754=VECTOR('',#12757,1.0);
#12755=VECTOR('',#12758,1.0);
#12756=DIRECTION('',(1,0,0));
#12757=DIRECTION('',(-0.9914449228435838,-0.13052572530991816,0));
#12758=DIRECTION('',(-0.13053923419243382,0.9914431442783055,0));
#12759=FACE_SURFACE('',(#12764),#12760,.T.);
#12760=PLANE('',#12761);
#12761=AXIS2_PLACEMENT_3D('',#715,#12762,#12763);
#12762=DIRECTION('',(0,0,-1));
#12763=DIRECTION('',(0.9914449228435838,0.13052572530991816,0));
#12764=FACE_BOUND('',#12765,.T.);
#12765=EDGE_LOOP('',(#12766,#12767,#12768));
#12766=ORIENTED_EDGE('',*,*,#12769,.T.);
#12767=ORIENTED_EDGE('',*,*,#12770,.T.);
#12768=ORIENTED_EDGE('',*,*,#12771,.T.);
#12769=EDGE_CURVE('',#716,#738,#12772,.F.);
#12770=EDGE_CURVE('',#738,#736,#12773,.T.);
#12771=EDGE_CURVE('',#736,#716,#12774,.T.);
#12772=LINE('',#715,#12775);
#12773=LINE('',#737,#12776);
#12774=LINE('',#735,#12777);
#12775=VECTOR('',#12778,1.0);
#12776=VECTOR('',#12779,1.0);
#12777=VECTOR('',#12780,1.0);
#12778=DIRECTION('',(0.9914449228435838,0.13052572530991816,0));
#12779=DIRECTION('',(-0.13053923419237096,-0.9914431442783137,0));
#12780=DIRECTION('',(-1,0,0));
#12781=FACE_SURFACE('',(#12786),#12782,.T.);
#12782=PLANE('',#12783);
#12783=AXIS2_PLACEMENT_3D('',#715,#12784,#12785);
#12784=DIRECTION('',(0,0,-1));
#12785=DIRECTION('',(1,0,0));
#12786=FACE_BOUND('',#12787,.T.);
#12787=EDGE_LOOP('',(#12788,#12789,#12790));
#12788=ORIENTED_EDGE('',*,*,#12791,.T.);
#12789=ORIENTED_EDGE('',*,*,#12792,.T.);
#12790=ORIENTED_EDGE('',*,*,#12793,.T.);
#12791=EDGE_CURVE('',#716,#736,#12794,.F.);
#12792=EDGE_CURVE('',#736,#718,#12795,.T.);
#12793=EDGE_CURVE('',#718,#716,#12796,.T.);
#12794=LINE('',#715,#12797);
#12795=LINE('',#735,#12798);
#12796=LINE('',#717,#12799);
#12797=VECTOR('',#12800,1.0);
#12798=VECTOR('',#12801,1.0);
#12799=VECTOR('',#12802,1.0);
#12800=DIRECTION('',(1,0,0));
#12801=DIRECTION('',(-0.9914451030534329,-0.13052435646793237,0));
#12802=DIRECTION('',(-0.38266330894066647,0.9238878676498463,0));
#12803=FACE_SURFACE('',(#12808),#12804,.T.);
#12804=PLANE('',#12805);
#12805=AXIS2_PLACEMENT_3D('',#717,#12806,#12807);
#12806=DIRECTION('',(0,0,-1));
#12807=DIRECTION('',(0.9914451030534329,0.13052435646793237,0));
#12808=FACE_BOUND('',#12809,.T.);
#12809=EDGE_LOOP('',(#12810,#12811,#12812));
#12810=ORIENTED_EDGE('',*,*,#12813,.T.);
#12811=ORIENTED_EDGE('',*,*,#12814,.T.);
#12812=ORIENTED_EDGE('',*,*,#12815,.T.);
#12813=EDGE_CURVE('',#718,#736,#12816,.F.);
#12814=EDGE_CURVE('',#736,#734,#12817,.T.);
#12815=EDGE_CURVE('',#734,#718,#12818,.T.);
#12816=LINE('',#717,#12819);
#12817=LINE('',#735,#12820);
#12818=LINE('',#733,#12821);
#12819=VECTOR('',#12822,1.0);
#12820=VECTOR('',#12823,1.0);
#12821=VECTOR('',#12824,1.0);
#12822=DIRECTION('',(0.9914451030534329,0.13052435646793237,0));
#12823=DIRECTION('',(-0.38269402966214716,-0.9238751428959151,0));
#12824=DIRECTION('',(-1,0,0));
#12825=FACE_SURFACE('',(#12830),#12826,.T.);
#12826=PLANE('',#12827);
#12827=AXIS2_PLACEMENT_3D('',#717,#12828,#12829);
#12828=DIRECTION('',(0,0,-1));
#12829=DIRECTION('',(1,0,0));
#12830=FACE_BOUND('',#12831,.T.);
#12831=EDGE_LOOP('',(#12832,#12833,#12834));
#12832=ORIENTED_EDGE('',*,*,#12835,.T.);
#12833=ORIENTED_EDGE('',*,*,#12836,.T.);
#12834=ORIENTED_EDGE('',*,*,#12837,.T.);
#12835=EDGE_CURVE('',#718,#734,#12838,.F.);
#12836=EDGE_CURVE('',#734,#720,#12839,.T.);
#12837=EDGE_CURVE('',#720,#718,#12840,.T.);
#12838=LINE('',#717,#12841);
#12839=LINE('',#733,#12842);
#12840=LINE('',#719,#12843);
#12841=VECTOR('',#12844,1.0);
#12842=VECTOR('',#12845,1.0);
#12843=VECTOR('',#12846,1.0);
#12844=DIRECTION('',(1,0,0));
#12845=DIRECTION('',(-0.9914449412827863,-0.13052558524968405,0));
#12846=DIRECTION('',(-0.6087798048722689,0.7933392396570853,0));
#12847=FACE_SURFACE('',(#12852),#12848,.T.);
#12848=PLANE('',#12849);
#12849=AXIS2_PLACEMENT_3D('',#719,#12850,#12851);
#12850=DIRECTION('',(0,0,-1));
#12851=DIRECTION('',(0.9914449412827863,0.13052558524968405,0));
#12852=FACE_BOUND('',#12853,.T.);
#12853=EDGE_LOOP('',(#12854,#12855,#12856));
#12854=ORIENTED_EDGE('',*,*,#12857,.T.);
#12855=ORIENTED_EDGE('',*,*,#12858,.T.);
#12856=ORIENTED_EDGE('',*,*,#12859,.T.);
#12857=EDGE_CURVE('',#720,#734,#12860,.F.);
#12858=EDGE_CURVE('',#734,#732,#12861,.T.);
#12859=EDGE_CURVE('',#732,#720,#12862,.T.);
#12860=LINE('',#719,#12863);
#12861=LINE('',#733,#12864);
#12862=LINE('',#731,#12865);
#12863=VECTOR('',#12866,1.0);
#12864=VECTOR('',#12867,1.0);
#12865=VECTOR('',#12868,1.0);
#12866=DIRECTION('',(0.9914449412827863,0.13052558524968405,0));
#12867=DIRECTION('',(-0.6087571521511065,-0.7933566220211908,0));
#12868=DIRECTION('',(-1,0,0));
#12869=FACE_SURFACE('',(#12874),#12870,.T.);
#12870=PLANE('',#12871);
#12871=AXIS2_PLACEMENT_3D('',#719,#12872,#12873);
#12872=DIRECTION('',(0,0,-1));
#12873=DIRECTION('',(1,0,0));
#12874=FACE_BOUND('',#12875,.T.);
#12875=EDGE_LOOP('',(#12876,#12877,#12878));
#12876=ORIENTED_EDGE('',*,*,#12879,.T.);
#12877=ORIENTED_EDGE('',*,*,#12880,.T.);
#12878=ORIENTED_EDGE('',*,*,#12881,.T.);
#12879=EDGE_CURVE('',#720,#732,#12882,.F.);
#12880=EDGE_CURVE('',#732,#722,#12883,.T.);
#12881=EDGE_CURVE('',#722,#720,#12884,.T.);
#12882=LINE('',#719,#12885);
#12883=LINE('',#731,#12886);
#12884=LINE('',#721,#12887);
#12885=VECTOR('',#12888,1.0);
#12886=VECTOR('',#12889,1.0);
#12887=VECTOR('',#12890,1.0);
#12888=DIRECTION('',(1,0,0));
#12889=DIRECTION('',(-0.9914446795528381,-0.13052757328001777,0));
#12890=DIRECTION('',(-0.7933479308247732,0.6087684786978139,0));
#12891=FACE_SURFACE('',(#12896),#12892,.T.);
#12892=PLANE('',#12893);
#12893=AXIS2_PLACEMENT_3D('',#721,#12894,#12895);
#12894=DIRECTION('',(0,0,-1));
#12895=DIRECTION('',(0.9914446795528381,0.13052757328001777,0));
#12896=FACE_BOUND('',#12897,.T.);
#12897=EDGE_LOOP('',(#12898,#12899,#12900));
#12898=ORIENTED_EDGE('',*,*,#12901,.T.);
#12899=ORIENTED_EDGE('',*,*,#12902,.T.);
#12900=ORIENTED_EDGE('',*,*,#12903,.T.);
#12901=EDGE_CURVE('',#722,#732,#12904,.F.);
#12902=EDGE_CURVE('',#732,#730,#12905,.T.);
#12903=EDGE_CURVE('',#730,#722,#12906,.T.);
#12904=LINE('',#721,#12907);
#12905=LINE('',#731,#12908);
#12906=LINE('',#729,#12909);
#12907=VECTOR('',#12910,1.0);
#12908=VECTOR('',#12911,1.0);
#12909=VECTOR('',#12912,1.0);
#12910=DIRECTION('',(0.9914446795528381,0.13052757328001777,0));
#12911=DIRECTION('',(-0.7933479308247732,-0.6087684786978139,0));
#12912=DIRECTION('',(-1,0,0));
#12913=FACE_SURFACE('',(#12918),#12914,.T.);
#12914=PLANE('',#12915);
#12915=AXIS2_PLACEMENT_3D('',#721,#12916,#12917);
#12916=DIRECTION('',(0,0,-1));
#12917=DIRECTION('',(1,0,0));
#12918=FACE_BOUND('',#12919,.T.);
#12919=EDGE_LOOP('',(#12920,#12921,#12922));
#12920=ORIENTED_EDGE('',*,*,#12923,.T.);
#12921=ORIENTED_EDGE('',*,*,#12924,.T.);
#12922=ORIENTED_EDGE('',*,*,#12925,.T.);
#12923=EDGE_CURVE('',#722,#730,#12926,.F.);
#12924=EDGE_CURVE('',#730,#724,#12927,.T.);
#12925=EDGE_CURVE('',#724,#722,#12928,.T.);
#12926=LINE('',#721,#12929);
#12927=LINE('',#729,#12930);
#12928=LINE('',#723,#12931);
#12929=VECTOR('',#12932,1.0);
#12930=VECTOR('',#12933,1.0);
#12931=VECTOR('',#12934,1.0);
#12932=DIRECTION('',(1,0,0));
#12933=DIRECTION('',(-0.9914445155543662,-0.13052881895262872,0));
#12934=DIRECTION('',(-0.9238777783680087,0.38268766721413017,0));
#12935=FACE_SURFACE('',(#12940),#12936,.T.);
#12936=PLANE('',#12937);
#12937=AXIS2_PLACEMENT_3D('',#723,#12938,#12939);
#12938=DIRECTION('',(0,0,-1));
#12939=DIRECTION('',(0.9914445155543662,0.13052881895262872,0));
#12940=FACE_BOUND('',#12941,.T.);
#12941=EDGE_LOOP('',(#12942,#12943,#12944));
#12942=ORIENTED_EDGE('',*,*,#12945,.T.);
#12943=ORIENTED_EDGE('',*,*,#12946,.T.);
#12944=ORIENTED_EDGE('',*,*,#12947,.T.);
#12945=EDGE_CURVE('',#724,#730,#12948,.F.);
#12946=EDGE_CURVE('',#730,#728,#12949,.T.);
#12947=EDGE_CURVE('',#728,#724,#12950,.T.);
#12948=LINE('',#723,#12951);
#12949=LINE('',#729,#12952);
#12950=LINE('',#727,#12953);
#12951=VECTOR('',#12954,1.0);
#12952=VECTOR('',#12955,1.0);
#12953=VECTOR('',#12956,1.0);
#12954=DIRECTION('',(0.9914445155543662,0.13052881895262872,0));
#12955=DIRECTION('',(-0.9238777783679992,-0.38268766721415276,0));
#12956=DIRECTION('',(-1,0,0));
#12957=FACE_SURFACE('',(#12962),#12958,.T.);
#12958=PLANE('',#12959);
#12959=AXIS2_PLACEMENT_3D('',#723,#12960,#12961);
#12960=DIRECTION('',(0,0,-1));
#12961=DIRECTION('',(1,0,0));
#12962=FACE_BOUND('',#12963,.T.);
#12963=EDGE_LOOP('',(#12964,#12965,#12966));
#12964=ORIENTED_EDGE('',*,*,#12967,.T.);
#12965=ORIENTED_EDGE('',*,*,#12968,.T.);
#12966=ORIENTED_EDGE('',*,*,#12969,.T.);
#12967=EDGE_CURVE('',#724,#728,#12970,.F.);
#12968=EDGE_CURVE('',#728,#726,#12971,.T.);
#12969=EDGE_CURVE('',#726,#724,#12972,.T.);
#12970=LINE('',#723,#12973);
#12971=LINE('',#727,#12974);
#12972=LINE('',#725,#12975);
#12973=VECTOR('',#12976,1.0);
#12974=VECTOR('',#12977,1.0);
#12975=VECTOR('',#12978,1.0);
#12976=DIRECTION('',(1,0,0));
#12977=DIRECTION('',(-0.9914454731415159,-0.13052154529883458,0));
#12978=DIRECTION('',(-0.9914454731415148,0.13052154529884286,0));
#12979=FACE_SURFACE('',(#12984),#12980,.T.);
#12980=PLANE('',#12981);
#12981=AXIS2_PLACEMENT_3D('',#739,#12982,#12983);
#12982=DIRECTION('',(0,0,-1));
#12983=DIRECTION('',(-1,0,0));
#12984=FACE_BOUND('',#12985,.T.);
#12985=EDGE_LOOP('',(#12986,#12987,#12988));
#12986=ORIENTED_EDGE('',*,*,#12989,.T.);
#12987=ORIENTED_EDGE('',*,*,#12990,.T.);
#12988=ORIENTED_EDGE('',*,*,#12991,.T.);
#12989=EDGE_CURVE('',#740,#760,#12992,.F.);
#12990=EDGE_CURVE('',#760,#742,#12993,.T.);
#12991=EDGE_CURVE('',#742,#740,#12994,.T.);
#12992=LINE('',#739,#12995);
#12993=LINE('',#759,#12996);
#12994=LINE('',#741,#12997);
#12995=VECTOR('',#12998,1.0);
#12996=VECTOR('',#12999,1.0);
#12997=VECTOR('',#13000,1.0);
#12998=DIRECTION('',(-1,0,0));
#12999=DIRECTION('',(0.9914450164249802,0.1305250144840854,0));
#13000=DIRECTION('',(0.38269402966214716,-0.9238751428959151,0));
#13001=FACE_SURFACE('',(#13006),#13002,.T.);
#13002=PLANE('',#13003);
#13003=AXIS2_PLACEMENT_3D('',#741,#13004,#13005);
#13004=DIRECTION('',(-0,0,-1));
#13005=DIRECTION('',(-0.9914450164249802,-0.1305250144840854,0));
#13006=FACE_BOUND('',#13007,.T.);
#13007=EDGE_LOOP('',(#13008,#13009,#13010));
#13008=ORIENTED_EDGE('',*,*,#13011,.T.);
#13009=ORIENTED_EDGE('',*,*,#13012,.T.);
#13010=ORIENTED_EDGE('',*,*,#13013,.T.);
#13011=EDGE_CURVE('',#742,#760,#13014,.F.);
#13012=EDGE_CURVE('',#760,#758,#13015,.T.);
#13013=EDGE_CURVE('',#758,#742,#13016,.T.);
#13014=LINE('',#741,#13017);
#13015=LINE('',#759,#13018);
#13016=LINE('',#757,#13019);
#13017=VECTOR('',#13020,1.0);
#13018=VECTOR('',#13021,1.0);
#13019=VECTOR('',#13022,1.0);
#13020=DIRECTION('',(-0.9914450164249802,-0.1305250144840854,0));
#13021=DIRECTION('',(0.38266330894066647,0.9238878676498463,0));
#13022=DIRECTION('',(1,0,0));
#13023=FACE_SURFACE('',(#13028),#13024,.T.);
#13024=PLANE('',#13025);
#13025=AXIS2_PLACEMENT_3D('',#741,#13026,#13027);
#13026=DIRECTION('',(0,0,-1));
#13027=DIRECTION('',(-1,0,0));
#13028=FACE_BOUND('',#13029,.T.);
#13029=EDGE_LOOP('',(#13030,#13031,#13032));
#13030=ORIENTED_EDGE('',*,*,#13033,.T.);
#13031=ORIENTED_EDGE('',*,*,#13034,.T.);
#13032=ORIENTED_EDGE('',*,*,#13035,.T.);
#13033=EDGE_CURVE('',#742,#758,#13036,.F.);
#13034=EDGE_CURVE('',#758,#744,#13037,.T.);
#13035=EDGE_CURVE('',#744,#742,#13038,.T.);
#13036=LINE('',#741,#13039);
#13037=LINE('',#757,#13040);
#13038=LINE('',#743,#13041);
#13039=VECTOR('',#13042,1.0);
#13040=VECTOR('',#13043,1.0);
#13041=VECTOR('',#13044,1.0);
#13042=DIRECTION('',(-1,0,0));
#13043=DIRECTION('',(0.9914450421644926,0.13052481897113524,0));
#13044=DIRECTION('',(0.608757152151091,-0.7933566220212027,0));
#13045=FACE_SURFACE('',(#13050),#13046,.T.);
#13046=PLANE('',#13047);
#13047=AXIS2_PLACEMENT_3D('',#743,#13048,#13049);
#13048=DIRECTION('',(-0,0,-1));
#13049=DIRECTION('',(-0.9914450421644926,-0.13052481897113524,0));
#13050=FACE_BOUND('',#13051,.T.);
#13051=EDGE_LOOP('',(#13052,#13053,#13054));
#13052=ORIENTED_EDGE('',*,*,#13055,.T.);
#13053=ORIENTED_EDGE('',*,*,#13056,.T.);
#13054=ORIENTED_EDGE('',*,*,#13057,.T.);
#13055=EDGE_CURVE('',#744,#758,#13058,.F.);
#13056=EDGE_CURVE('',#758,#756,#13059,.T.);
#13057=EDGE_CURVE('',#756,#744,#13060,.T.);
#13058=LINE('',#743,#13061);
#13059=LINE('',#757,#13062);
#13060=LINE('',#755,#13063);
#13061=VECTOR('',#13064,1.0);
#13062=VECTOR('',#13065,1.0);
#13063=VECTOR('',#13066,1.0);
#13064=DIRECTION('',(-0.9914450421644926,-0.13052481897113524,0));
#13065=DIRECTION('',(0.6087798048722535,0.7933392396570972,0));
#13066=DIRECTION('',(1,0,0));
#13067=FACE_SURFACE('',(#13072),#13068,.T.);
#13068=PLANE('',#13069);
#13069=AXIS2_PLACEMENT_3D('',#743,#13070,#13071);
#13070=DIRECTION('',(0,0,-1));
#13071=DIRECTION('',(-1,0,0));
#13072=FACE_BOUND('',#13073,.T.);
#13073=EDGE_LOOP('',(#13074,#13075,#13076));
#13074=ORIENTED_EDGE('',*,*,#13077,.T.);
#13075=ORIENTED_EDGE('',*,*,#13078,.T.);
#13076=ORIENTED_EDGE('',*,*,#13079,.T.);
#13077=EDGE_CURVE('',#744,#756,#13080,.F.);
#13078=EDGE_CURVE('',#756,#746,#13081,.T.);
#13079=EDGE_CURVE('',#746,#744,#13082,.T.);
#13080=LINE('',#743,#13083);
#13081=LINE('',#755,#13084);
#13082=LINE('',#745,#13085);
#13083=VECTOR('',#13086,1.0);
#13084=VECTOR('',#13087,1.0);
#13085=VECTOR('',#13088,1.0);
#13086=DIRECTION('',(-1,0,0));
#13087=DIRECTION('',(0.991444679552839,0.13052757328001102,0));
#13088=DIRECTION('',(0.7933479308247887,-0.6087684786977939,0));
#13089=FACE_SURFACE('',(#13094),#13090,.T.);
#13090=PLANE('',#13091);
#13091=AXIS2_PLACEMENT_3D('',#745,#13092,#13093);
#13092=DIRECTION('',(-0,0,-1));
#13093=DIRECTION('',(-0.991444679552839,-0.13052757328001102,0));
#13094=FACE_BOUND('',#13095,.T.);
#13095=EDGE_LOOP('',(#13096,#13097,#13098));
#13096=ORIENTED_EDGE('',*,*,#13099,.T.);
#13097=ORIENTED_EDGE('',*,*,#13100,.T.);
#13098=ORIENTED_EDGE('',*,*,#13101,.T.);
#13099=EDGE_CURVE('',#746,#756,#13102,.F.);
#13100=EDGE_CURVE('',#756,#754,#13103,.T.);
#13101=EDGE_CURVE('',#754,#746,#13104,.T.);
#13102=LINE('',#745,#13105);
#13103=LINE('',#755,#13106);
#13104=LINE('',#753,#13107);
#13105=VECTOR('',#13108,1.0);
#13106=VECTOR('',#13109,1.0);
#13107=VECTOR('',#13110,1.0);
#13108=DIRECTION('',(-0.991444679552839,-0.13052757328001102,0));
#13109=DIRECTION('',(0.7933479308247887,0.6087684786977939,0));
#13110=DIRECTION('',(1,0,0));
#13111=FACE_SURFACE('',(#13116),#13112,.T.);
#13112=PLANE('',#13113);
#13113=AXIS2_PLACEMENT_3D('',#745,#13114,#13115);
#13114=DIRECTION('',(0,0,-1));
#13115=DIRECTION('',(-1,0,0));
#13116=FACE_BOUND('',#13117,.T.);
#13117=EDGE_LOOP('',(#13118,#13119,#13120));
#13118=ORIENTED_EDGE('',*,*,#13121,.T.);
#13119=ORIENTED_EDGE('',*,*,#13122,.T.);
#13120=ORIENTED_EDGE('',*,*,#13123,.T.);
#13121=EDGE_CURVE('',#746,#754,#13124,.F.);
#13122=EDGE_CURVE('',#754,#748,#13125,.T.);
#13123=EDGE_CURVE('',#748,#746,#13126,.T.);
#13124=LINE('',#745,#13127);
#13125=LINE('',#753,#13128);
#13126=LINE('',#747,#13129);
#13127=VECTOR('',#13130,1.0);
#13128=VECTOR('',#13131,1.0);
#13129=VECTOR('',#13132,1.0);
#13130=DIRECTION('',(-1,0,0));
#13131=DIRECTION('',(0.9914453098565065,0.13052278561054395,0));
#13132=DIRECTION('',(0.92388414063542,-0.3826723071798525,0));
#13133=FACE_SURFACE('',(#13138),#13134,.T.);
#13134=PLANE('',#13135);
#13135=AXIS2_PLACEMENT_3D('',#747,#13136,#13137);
#13136=DIRECTION('',(-0,0,-1));
#13137=DIRECTION('',(-0.9914453098565065,-0.13052278561054395,0));
#13138=FACE_BOUND('',#13139,.T.);
#13139=EDGE_LOOP('',(#13140,#13141,#13142));
#13140=ORIENTED_EDGE('',*,*,#13143,.T.);
#13141=ORIENTED_EDGE('',*,*,#13144,.T.);
#13142=ORIENTED_EDGE('',*,*,#13145,.T.);
#13143=EDGE_CURVE('',#748,#754,#13146,.F.);
#13144=EDGE_CURVE('',#754,#752,#13147,.T.);
#13145=EDGE_CURVE('',#752,#748,#13148,.T.);
#13146=LINE('',#747,#13149);
#13147=LINE('',#753,#13150);
#13148=LINE('',#751,#13151);
#13149=VECTOR('',#13152,1.0);
#13150=VECTOR('',#13153,1.0);
#13151=VECTOR('',#13154,1.0);
#13152=DIRECTION('',(-0.9914453098565065,-0.13052278561054395,0));
#13153=DIRECTION('',(0.9238841406354295,0.3826723071798299,0));
#13154=DIRECTION('',(1,0,0));
#13155=FACE_SURFACE('',(#13160),#13156,.T.);
#13156=PLANE('',#13157);
#13157=AXIS2_PLACEMENT_3D('',#747,#13158,#13159);
#13158=DIRECTION('',(0,0,-1));
#13159=DIRECTION('',(-1,0,0));
#13160=FACE_BOUND('',#13161,.T.);
#13161=EDGE_LOOP('',(#13162,#13163,#13164));
#13162=ORIENTED_EDGE('',*,*,#13165,.T.);
#13163=ORIENTED_EDGE('',*,*,#13166,.T.);
#13164=ORIENTED_EDGE('',*,*,#13167,.T.);
#13165=EDGE_CURVE('',#748,#752,#13168,.F.);
#13166=EDGE_CURVE('',#752,#750,#13169,.T.);
#13167=EDGE_CURVE('',#750,#748,#13170,.T.);
#13168=LINE('',#747,#13171);
#13169=LINE('',#751,#13172);
#13170=LINE('',#749,#13173);
#13171=VECTOR('',#13174,1.0);
#13172=VECTOR('',#13175,1.0);
#13173=VECTOR('',#13176,1.0);
#13174=DIRECTION('',(-1,0,0));
#13175=DIRECTION('',(0.9914431442783127,0.13053923419237923,0));
#13176=DIRECTION('',(0.9914431442783137,-0.13053923419237096,0));
#13177=FACE_SURFACE('',(#13182),#13178,.T.);
#13178=PLANE('',#13179);
#13179=AXIS2_PLACEMENT_3D('',#811,#13180,#13181);
#13180=DIRECTION('',(0,0,-1));
#13181=DIRECTION('',(0.10713837948187366,-0.9942441187364388,0));
#13182=FACE_BOUND('',#13183,.T.);
#13183=EDGE_LOOP('',(#13184,#13185,#13186));
#13184=ORIENTED_EDGE('',*,*,#13187,.T.);
#13185=ORIENTED_EDGE('',*,*,#13188,.T.);
#13186=ORIENTED_EDGE('',*,*,#13189,.T.);
#13187=EDGE_CURVE('',#812,#824,#13190,.F.);
#13188=EDGE_CURVE('',#824,#810,#13191,.T.);
#13189=EDGE_CURVE('',#810,#812,#13192,.T.);
#13190=LINE('',#811,#13193);
#13191=LINE('',#823,#13194);
#13192=LINE('',#809,#13195);
#13193=VECTOR('',#13196,1.0);
#13194=VECTOR('',#13197,1.0);
#13195=VECTOR('',#13198,1.0);
#13196=DIRECTION('',(0.10713837948187366,-0.9942441187364388,0));
#13197=DIRECTION('',(-0.7071067811865466,0.7071067811865486,0));
#13198=DIRECTION('',(0,1,0));
#13199=FACE_SURFACE('',(#13204),#13200,.T.);
#13200=PLANE('',#13201);
#13201=AXIS2_PLACEMENT_3D('',#809,#13202,#13203);
#13202=DIRECTION('',(0,-0,-1));
#13203=DIRECTION('',(0.7071067811865466,-0.7071067811865486,0));
#13204=FACE_BOUND('',#13205,.T.);
#13205=EDGE_LOOP('',(#13206,#13207,#13208));
#13206=ORIENTED_EDGE('',*,*,#13209,.T.);
#13207=ORIENTED_EDGE('',*,*,#13210,.T.);
#13208=ORIENTED_EDGE('',*,*,#13211,.T.);
#13209=EDGE_CURVE('',#810,#824,#13212,.F.);
#13210=EDGE_CURVE('',#824,#818,#13213,.T.);
#13211=EDGE_CURVE('',#818,#810,#13214,.T.);
#13212=LINE('',#809,#13215);
#13213=LINE('',#823,#13216);
#13214=LINE('',#817,#13217);
#13215=VECTOR('',#13218,1.0);
#13216=VECTOR('',#13219,1.0);
#13217=VECTOR('',#13220,1.0);
#13218=DIRECTION('',(0.7071067811865466,-0.7071067811865486,0));
#13219=DIRECTION('',(-1,0,0));
#13220=DIRECTION('',(0.9954650668637945,0.09512781219948827,0));
#13221=FACE_SURFACE('',(#13226),#13222,.T.);
#13222=PLANE('',#13223);
#13223=AXIS2_PLACEMENT_3D('',#809,#13224,#13225);
#13224=DIRECTION('',(-0,0,-1));
#13225=DIRECTION('',(-0.9954650668637945,-0.09512781219948827,0));
#13226=FACE_BOUND('',#13227,.T.);
#13227=EDGE_LOOP('',(#13228,#13229,#13230));
#13228=ORIENTED_EDGE('',*,*,#13231,.T.);
#13229=ORIENTED_EDGE('',*,*,#13232,.T.);
#13230=ORIENTED_EDGE('',*,*,#13233,.T.);
#13231=EDGE_CURVE('',#810,#818,#13234,.F.);
#13232=EDGE_CURVE('',#818,#816,#13235,.T.);
#13233=EDGE_CURVE('',#816,#810,#13236,.T.);
#13234=LINE('',#809,#13237);
#13235=LINE('',#817,#13238);
#13236=LINE('',#815,#13239);
#13237=VECTOR('',#13240,1.0);
#13238=VECTOR('',#13241,1.0);
#13239=VECTOR('',#13242,1.0);
#13240=DIRECTION('',(-0.9954650668637945,-0.09512781219948827,0));
#13241=DIRECTION('',(0.7071067811865475,0.7071067811865475,0));
#13242=DIRECTION('',(1,0,0));
#13243=FACE_SURFACE('',(#13248),#13244,.T.);
#13244=PLANE('',#13245);
#13245=AXIS2_PLACEMENT_3D('',#815,#13246,#13247);
#13246=DIRECTION('',(-0,0,-1));
#13247=DIRECTION('',(-0.7071067811865475,-0.7071067811865475,0));
#13248=FACE_BOUND('',#13249,.T.);
#13249=EDGE_LOOP('',(#13250,#13251,#13252));
#13250=ORIENTED_EDGE('',*,*,#13253,.T.);
#13251=ORIENTED_EDGE('',*,*,#13254,.T.);
#13252=ORIENTED_EDGE('',*,*,#13255,.T.);
#13253=EDGE_CURVE('',#816,#818,#13256,.F.);
#13254=EDGE_CURVE('',#818,#814,#13257,.T.);
#13255=EDGE_CURVE('',#814,#816,#13258,.T.);
#13256=LINE('',#815,#13259);
#13257=LINE('',#817,#13260);
#13258=LINE('',#813,#13261);
#13259=VECTOR('',#13262,1.0);
#13260=VECTOR('',#13263,1.0);
#13261=VECTOR('',#13264,1.0);
#13262=DIRECTION('',(-0.7071067811865475,-0.7071067811865475,0));
#13263=DIRECTION('',(0.10713837948187396,0.9942441187364388,0));
#13264=DIRECTION('',(0,-1,0));
#13265=FACE_SURFACE('',(#13270),#13266,.T.);
#13266=PLANE('',#13267);
#13267=AXIS2_PLACEMENT_3D('',#813,#13268,#13269);
#13268=DIRECTION('',(-0,0,-1));
#13269=DIRECTION('',(-0.10713837948187396,-0.9942441187364388,0));
#13270=FACE_BOUND('',#13271,.T.);
#13271=EDGE_LOOP('',(#13272,#13273,#13274));
#13272=ORIENTED_EDGE('',*,*,#13275,.T.);
#13273=ORIENTED_EDGE('',*,*,#13276,.T.);
#13274=ORIENTED_EDGE('',*,*,#13277,.T.);
#13275=EDGE_CURVE('',#814,#818,#13278,.F.);
#13276=EDGE_CURVE('',#818,#820,#13279,.T.);
#13277=EDGE_CURVE('',#820,#814,#13280,.T.);
#13278=LINE('',#813,#13281);
#13279=LINE('',#817,#13282);
#13280=LINE('',#819,#13283);
#13281=VECTOR('',#13284,1.0);
#13282=VECTOR('',#13285,1.0);
#13283=VECTOR('',#13286,1.0);
#13284=DIRECTION('',(-0.10713837948187396,-0.9942441187364388,0));
#13285=DIRECTION('',(0,1,0));
#13286=DIRECTION('',(0.7071067811865475,-0.7071067811865475,0));
#13287=FACE_SURFACE('',(#13292),#13288,.T.);
#13288=PLANE('',#13289);
#13289=AXIS2_PLACEMENT_3D('',#813,#13290,#13291);
#13290=DIRECTION('',(0,0,-1));
#13291=DIRECTION('',(-0.7071067811865475,0.7071067811865475,0));
#13292=FACE_BOUND('',#13293,.T.);
#13293=EDGE_LOOP('',(#13294,#13295,#13296));
#13294=ORIENTED_EDGE('',*,*,#13297,.T.);
#13295=ORIENTED_EDGE('',*,*,#13298,.T.);
#13296=ORIENTED_EDGE('',*,*,#13299,.T.);
#13297=EDGE_CURVE('',#814,#820,#13300,.F.);
#13298=EDGE_CURVE('',#820,#822,#13301,.T.);
#13299=EDGE_CURVE('',#822,#814,#13302,.T.);
#13300=LINE('',#813,#13303);
#13301=LINE('',#819,#13304);
#13302=LINE('',#821,#13305);
#13303=VECTOR('',#13306,1.0);
#13304=VECTOR('',#13307,1.0);
#13305=VECTOR('',#13308,1.0);
#13306=DIRECTION('',(-0.7071067811865475,0.7071067811865475,0));
#13307=DIRECTION('',(1,0,0));
#13308=DIRECTION('',(-0.9954650668637944,-0.09512781219948828,0));
#13309=FACE_SURFACE('',(#13314),#13310,.T.);
#13310=PLANE('',#13311);
#13311=AXIS2_PLACEMENT_3D('',#823,#13312,#13313);
#13312=DIRECTION('',(0,0,-1));
#13313=DIRECTION('',(-0.10713837948187366,0.9942441187364388,0));
#13314=FACE_BOUND('',#13315,.T.);
#13315=EDGE_LOOP('',(#13316,#13317,#13318));
#13316=ORIENTED_EDGE('',*,*,#13319,.T.);
#13317=ORIENTED_EDGE('',*,*,#13320,.T.);
#13318=ORIENTED_EDGE('',*,*,#13321,.T.);
#13319=EDGE_CURVE('',#824,#812,#13322,.F.);
#13320=EDGE_CURVE('',#812,#822,#13323,.T.);
#13321=EDGE_CURVE('',#822,#824,#13324,.T.);
#13322=LINE('',#823,#13325);
#13323=LINE('',#811,#13326);
#13324=LINE('',#821,#13327);
#13325=VECTOR('',#13328,1.0);
#13326=VECTOR('',#13329,1.0);
#13327=VECTOR('',#13330,1.0);
#13328=DIRECTION('',(-0.10713837948187366,0.9942441187364388,0));
#13329=DIRECTION('',(0.7071067811865466,0.7071067811865486,0));
#13330=DIRECTION('',(0,-1,0));
#13331=FACE_SURFACE('',(#13336),#13332,.T.);
#13332=PLANE('',#13333);
#13333=AXIS2_PLACEMENT_3D('',#821,#13334,#13335);
#13334=DIRECTION('',(0,0,-1));
#13335=DIRECTION('',(-0.7071067811865466,-0.7071067811865486,0));
#13336=FACE_BOUND('',#13337,.T.);
#13337=EDGE_LOOP('',(#13338,#13339,#13340));
#13338=ORIENTED_EDGE('',*,*,#13341,.T.);
#13339=ORIENTED_EDGE('',*,*,#13342,.T.);
#13340=ORIENTED_EDGE('',*,*,#13343,.T.);
#13341=EDGE_CURVE('',#822,#812,#13344,.F.);
#13342=EDGE_CURVE('',#812,#814,#13345,.T.);
#13343=EDGE_CURVE('',#814,#822,#13346,.T.);
#13344=LINE('',#821,#13347);
#13345=LINE('',#811,#13348);
#13346=LINE('',#813,#13349);
#13347=VECTOR('',#13350,1.0);
#13348=VECTOR('',#13351,1.0);
#13349=VECTOR('',#13352,1.0);
#13350=DIRECTION('',(-0.7071067811865466,-0.7071067811865486,0));
#13351=DIRECTION('',(-1,0,0));
#13352=DIRECTION('',(0.9954650668637944,0.09512781219948828,0));
#13353=FACE_SURFACE('',(#13358),#13354,.T.);
#13354=PLANE('',#13355);
#13355=AXIS2_PLACEMENT_3D('',#825,#13356,#13357);
#13356=DIRECTION('',(-1,0,0));
#13357=DIRECTION('',(0,1,0));
#13358=FACE_BOUND('',#13359,.T.);
#13359=EDGE_LOOP('',(#13360,#13361,#13362));
#13360=ORIENTED_EDGE('',*,*,#13363,.T.);
#13361=ORIENTED_EDGE('',*,*,#13364,.T.);
#13362=ORIENTED_EDGE('',*,*,#13365,.T.);
#13363=EDGE_CURVE('',#826,#828,#13366,.F.);
#13364=EDGE_CURVE('',#828,#818,#13367,.T.);
#13365=EDGE_CURVE('',#818,#826,#13368,.T.);
#13366=LINE('',#825,#13369);
#13367=LINE('',#827,#13370);
#13368=LINE('',#817,#13371);
#13369=VECTOR('',#13372,1.0);
#13370=VECTOR('',#13373,1.0);
#13371=VECTOR('',#13374,1.0);
#13372=DIRECTION('',(0,1,0));
#13373=DIRECTION('',(0,-0.9901983799508597,-0.13966806486342143));
#13374=DIRECTION('',(0,0,1));
#13375=FACE_SURFACE('',(#13380),#13376,.T.);
#13376=PLANE('',#13377);
#13377=AXIS2_PLACEMENT_3D('',#817,#13378,#13379);
#13378=DIRECTION('',(-1,0,0));
#13379=DIRECTION('',(0,0.9901983799508597,0.13966806486342143));
#13380=FACE_BOUND('',#13381,.T.);
#13381=EDGE_LOOP('',(#13382,#13383,#13384));
#13382=ORIENTED_EDGE('',*,*,#13385,.T.);
#13383=ORIENTED_EDGE('',*,*,#13386,.T.);
#13384=ORIENTED_EDGE('',*,*,#13387,.T.);
#13385=EDGE_CURVE('',#818,#828,#13388,.F.);
#13386=EDGE_CURVE('',#828,#820,#13389,.T.);
#13387=EDGE_CURVE('',#820,#818,#13390,.T.);
#13388=LINE('',#817,#13391);
#13389=LINE('',#827,#13392);
#13390=LINE('',#819,#13393);
#13391=VECTOR('',#13394,1.0);
#13392=VECTOR('',#13395,1.0);
#13393=VECTOR('',#13396,1.0);
#13394=DIRECTION('',(0,0.9901983799508597,0.13966806486342143));
#13395=DIRECTION('',(0,0,-1));
#13396=DIRECTION('',(0,-1,0));
#13397=FACE_SURFACE('',(#13402),#13398,.T.);
#13398=PLANE('',#13399);
#13399=AXIS2_PLACEMENT_3D('',#827,#13400,#13401);
#13400=DIRECTION('',(-0,1,0));
#13401=DIRECTION('',(1,0,0));
#13402=FACE_BOUND('',#13403,.T.);
#13403=EDGE_LOOP('',(#13404,#13405,#13406));
#13404=ORIENTED_EDGE('',*,*,#13407,.T.);
#13405=ORIENTED_EDGE('',*,*,#13408,.T.);
#13406=ORIENTED_EDGE('',*,*,#13409,.T.);
#13407=EDGE_CURVE('',#828,#830,#13410,.F.);
#13408=EDGE_CURVE('',#830,#820,#13411,.T.);
#13409=EDGE_CURVE('',#820,#828,#13412,.T.);
#13410=LINE('',#827,#13413);
#13411=LINE('',#829,#13414);
#13412=LINE('',#819,#13415);
#13413=VECTOR('',#13416,1.0);
#13414=VECTOR('',#13417,1.0);
#13415=VECTOR('',#13418,1.0);
#13416=DIRECTION('',(1,0,0));
#13417=DIRECTION('',(-0.9920964332547062,0,-0.12547775549192028));
#13418=DIRECTION('',(0,0,1));
#13419=FACE_SURFACE('',(#13424),#13420,.T.);
#13420=PLANE('',#13421);
#13421=AXIS2_PLACEMENT_3D('',#819,#13422,#13423);
#13422=DIRECTION('',(0,1,0));
#13423=DIRECTION('',(0.9920964332547062,0,0.12547775549192028));
#13424=FACE_BOUND('',#13425,.T.);
#13425=EDGE_LOOP('',(#13426,#13427,#13428));
#13426=ORIENTED_EDGE('',*,*,#13429,.T.);
#13427=ORIENTED_EDGE('',*,*,#13430,.T.);
#13428=ORIENTED_EDGE('',*,*,#13431,.T.);
#13429=EDGE_CURVE('',#820,#830,#13432,.F.);
#13430=EDGE_CURVE('',#830,#822,#13433,.T.);
#13431=EDGE_CURVE('',#822,#820,#13434,.T.);
#13432=LINE('',#819,#13435);
#13433=LINE('',#829,#13436);
#13434=LINE('',#821,#13437);
#13435=VECTOR('',#13438,1.0);
#13436=VECTOR('',#13439,1.0);
#13437=VECTOR('',#13440,1.0);
#13438=DIRECTION('',(0.9920964332547062,0,0.12547775549192028));
#13439=DIRECTION('',(0,0,-1));
#13440=DIRECTION('',(-1,0,0));
#13441=FACE_SURFACE('',(#13446),#13442,.T.);
#13442=PLANE('',#13443);
#13443=AXIS2_PLACEMENT_3D('',#831,#13444,#13445);
#13444=DIRECTION('',(-0,1,0));
#13445=DIRECTION('',(1,0,0));
#13446=FACE_BOUND('',#13447,.T.);
#13447=EDGE_LOOP('',(#13448,#13449,#13450));
#13448=ORIENTED_EDGE('',*,*,#13451,.T.);
#13449=ORIENTED_EDGE('',*,*,#13452,.T.);
#13450=ORIENTED_EDGE('',*,*,#13453,.T.);
#13451=EDGE_CURVE('',#832,#834,#13454,.F.);
#13452=EDGE_CURVE('',#834,#838,#13455,.T.);
#13453=EDGE_CURVE('',#838,#832,#13456,.T.);
#13454=LINE('',#831,#13457);
#13455=LINE('',#833,#13458);
#13456=LINE('',#837,#13459);
#13457=VECTOR('',#13460,1.0);
#13458=VECTOR('',#13461,1.0);
#13459=VECTOR('',#13462,1.0);
#13460=DIRECTION('',(1,0,0));
#13461=DIRECTION('',(-0.9913908963372139,0,-0.13093544462709725));
#13462=DIRECTION('',(0,0,1));
#13463=FACE_SURFACE('',(#13468),#13464,.T.);
#13464=PLANE('',#13465);
#13465=AXIS2_PLACEMENT_3D('',#837,#13466,#13467);
#13466=DIRECTION('',(0,1,0));
#13467=DIRECTION('',(0.9913908963372139,0,0.13093544462709725));
#13468=FACE_BOUND('',#13469,.T.);
#13469=EDGE_LOOP('',(#13470,#13471,#13472));
#13470=ORIENTED_EDGE('',*,*,#13473,.T.);
#13471=ORIENTED_EDGE('',*,*,#13474,.T.);
#13472=ORIENTED_EDGE('',*,*,#13475,.T.);
#13473=EDGE_CURVE('',#838,#834,#13476,.F.);
#13474=EDGE_CURVE('',#834,#836,#13477,.T.);
#13475=EDGE_CURVE('',#836,#838,#13478,.T.);
#13476=LINE('',#837,#13479);
#13477=LINE('',#833,#13480);
#13478=LINE('',#835,#13481);
#13479=VECTOR('',#13482,1.0);
#13480=VECTOR('',#13483,1.0);
#13481=VECTOR('',#13484,1.0);
#13482=DIRECTION('',(0.9913908963372139,0,0.13093544462709725));
#13483=DIRECTION('',(0,0,-1));
#13484=DIRECTION('',(-1,0,0));
#13485=FACE_SURFACE('',(#13490),#13486,.T.);
#13486=PLANE('',#13487);
#13487=AXIS2_PLACEMENT_3D('',#839,#13488,#13489);
#13488=DIRECTION('',(-1,0,0));
#13489=DIRECTION('',(0,1,0));
#13490=FACE_BOUND('',#13491,.T.);
#13491=EDGE_LOOP('',(#13492,#13493,#13494));
#13492=ORIENTED_EDGE('',*,*,#13495,.T.);
#13493=ORIENTED_EDGE('',*,*,#13496,.T.);
#13494=ORIENTED_EDGE('',*,*,#13497,.T.);
#13495=EDGE_CURVE('',#840,#842,#13498,.F.);
#13496=EDGE_CURVE('',#842,#810,#13499,.T.);
#13497=EDGE_CURVE('',#810,#840,#13500,.T.);
#13498=LINE('',#839,#13501);
#13499=LINE('',#841,#13502);
#13500=LINE('',#809,#13503);
#13501=VECTOR('',#13504,1.0);
#13502=VECTOR('',#13505,1.0);
#13503=VECTOR('',#13506,1.0);
#13504=DIRECTION('',(0,1,0));
#13505=DIRECTION('',(0,-0.9999817678660001,-0.006038537537284421));
#13506=DIRECTION('',(0,0,1));
#13507=FACE_SURFACE('',(#13512),#13508,.T.);
#13508=PLANE('',#13509);
#13509=AXIS2_PLACEMENT_3D('',#809,#13510,#13511);
#13510=DIRECTION('',(-1,0,0));
#13511=DIRECTION('',(0,0.9999817678660001,0.006038537537284421));
#13512=FACE_BOUND('',#13513,.T.);
#13513=EDGE_LOOP('',(#13514,#13515,#13516));
#13514=ORIENTED_EDGE('',*,*,#13517,.T.);
#13515=ORIENTED_EDGE('',*,*,#13518,.T.);
#13516=ORIENTED_EDGE('',*,*,#13519,.T.);
#13517=EDGE_CURVE('',#810,#842,#13520,.F.);
#13518=EDGE_CURVE('',#842,#812,#13521,.T.);
#13519=EDGE_CURVE('',#812,#810,#13522,.T.);
#13520=LINE('',#809,#13523);
#13521=LINE('',#841,#13524);
#13522=LINE('',#811,#13525);
#13523=VECTOR('',#13526,1.0);
#13524=VECTOR('',#13527,1.0);
#13525=VECTOR('',#13528,1.0);
#13526=DIRECTION('',(0,0.9999817678660001,0.006038537537284421));
#13527=DIRECTION('',(0,0,-1));
#13528=DIRECTION('',(0,-1,0));
#13529=FACE_SURFACE('',(#13534),#13530,.T.);
#13530=PLANE('',#13531);
#13531=AXIS2_PLACEMENT_3D('',#843,#13532,#13533);
#13532=DIRECTION('',(-0,1,0));
#13533=DIRECTION('',(1,0,0));
#13534=FACE_BOUND('',#13535,.T.);
#13535=EDGE_LOOP('',(#13536,#13537,#13538));
#13536=ORIENTED_EDGE('',*,*,#13539,.T.);
#13537=ORIENTED_EDGE('',*,*,#13540,.T.);
#13538=ORIENTED_EDGE('',*,*,#13541,.T.);
#13539=EDGE_CURVE('',#844,#840,#13542,.F.);
#13540=EDGE_CURVE('',#840,#816,#13543,.T.);
#13541=EDGE_CURVE('',#816,#844,#13544,.T.);
#13542=LINE('',#843,#13545);
#13543=LINE('',#839,#13546);
#13544=LINE('',#815,#13547);
#13545=VECTOR('',#13548,1.0);
#13546=VECTOR('',#13549,1.0);
#13547=VECTOR('',#13550,1.0);
#13548=DIRECTION('',(1,0,0));
#13549=DIRECTION('',(-0.999986045782175,0,-0.0052828250898461285));
#13550=DIRECTION('',(0,0,1));
#13551=FACE_SURFACE('',(#13556),#13552,.T.);
#13552=PLANE('',#13553);
#13553=AXIS2_PLACEMENT_3D('',#815,#13554,#13555);
#13554=DIRECTION('',(0,1,0));
#13555=DIRECTION('',(0.999986045782175,0,0.0052828250898461285));
#13556=FACE_BOUND('',#13557,.T.);
#13557=EDGE_LOOP('',(#13558,#13559,#13560));
#13558=ORIENTED_EDGE('',*,*,#13561,.T.);
#13559=ORIENTED_EDGE('',*,*,#13562,.T.);
#13560=ORIENTED_EDGE('',*,*,#13563,.T.);
#13561=EDGE_CURVE('',#816,#840,#13564,.F.);
#13562=EDGE_CURVE('',#840,#810,#13565,.T.);
#13563=EDGE_CURVE('',#810,#816,#13566,.T.);
#13564=LINE('',#815,#13567);
#13565=LINE('',#839,#13568);
#13566=LINE('',#809,#13569);
#13567=VECTOR('',#13570,1.0);
#13568=VECTOR('',#13571,1.0);
#13569=VECTOR('',#13572,1.0);
#13570=DIRECTION('',(0.999986045782175,0,0.0052828250898461285));
#13571=DIRECTION('',(0,0,-1));
#13572=DIRECTION('',(-1,0,0));
#13573=FACE_SURFACE('',(#13578),#13574,.T.);
#13574=PLANE('',#13575);
#13575=AXIS2_PLACEMENT_3D('',#845,#13576,#13577);
#13576=DIRECTION('',(1,0,0));
#13577=DIRECTION('',(0,-1,0));
#13578=FACE_BOUND('',#13579,.T.);
#13579=EDGE_LOOP('',(#13580,#13581,#13582));
#13580=ORIENTED_EDGE('',*,*,#13583,.T.);
#13581=ORIENTED_EDGE('',*,*,#13584,.T.);
#13582=ORIENTED_EDGE('',*,*,#13585,.T.);
#13583=EDGE_CURVE('',#846,#832,#13586,.F.);
#13584=EDGE_CURVE('',#832,#848,#13587,.T.);
#13585=EDGE_CURVE('',#848,#846,#13588,.T.);
#13586=LINE('',#845,#13589);
#13587=LINE('',#831,#13590);
#13588=LINE('',#847,#13591);
#13589=VECTOR('',#13592,1.0);
#13590=VECTOR('',#13593,1.0);
#13591=VECTOR('',#13594,1.0);
#13592=DIRECTION('',(0,-1,0));
#13593=DIRECTION('',(0,0.9887957600783914,-0.14927472944539624));
#13594=DIRECTION('',(0,0,1));
#13595=FACE_SURFACE('',(#13600),#13596,.T.);
#13596=PLANE('',#13597);
#13597=AXIS2_PLACEMENT_3D('',#847,#13598,#13599);
#13598=DIRECTION('',(1,0,0));
#13599=DIRECTION('',(0,-0.9887957600783914,0.14927472944539624));
#13600=FACE_BOUND('',#13601,.T.);
#13601=EDGE_LOOP('',(#13602,#13603,#13604));
#13602=ORIENTED_EDGE('',*,*,#13605,.T.);
#13603=ORIENTED_EDGE('',*,*,#13606,.T.);
#13604=ORIENTED_EDGE('',*,*,#13607,.T.);
#13605=EDGE_CURVE('',#848,#832,#13608,.F.);
#13606=EDGE_CURVE('',#832,#838,#13609,.T.);
#13607=EDGE_CURVE('',#838,#848,#13610,.T.);
#13608=LINE('',#847,#13611);
#13609=LINE('',#831,#13612);
#13610=LINE('',#837,#13613);
#13611=VECTOR('',#13614,1.0);
#13612=VECTOR('',#13615,1.0);
#13613=VECTOR('',#13616,1.0);
#13614=DIRECTION('',(0,-0.9887957600783914,0.14927472944539624));
#13615=DIRECTION('',(0,0,-1));
#13616=DIRECTION('',(0,1,0));
#13617=FACE_SURFACE('',(#13622),#13618,.T.);
#13618=PLANE('',#13619);
#13619=AXIS2_PLACEMENT_3D('',#849,#13620,#13621);
#13620=DIRECTION('',(1,0,0));
#13621=DIRECTION('',(0,-1,0));
#13622=FACE_BOUND('',#13623,.T.);
#13623=EDGE_LOOP('',(#13624,#13625,#13626));
#13624=ORIENTED_EDGE('',*,*,#13627,.T.);
#13625=ORIENTED_EDGE('',*,*,#13628,.T.);
#13626=ORIENTED_EDGE('',*,*,#13629,.T.);
#13627=EDGE_CURVE('',#850,#844,#13630,.F.);
#13628=EDGE_CURVE('',#844,#814,#13631,.T.);
#13629=EDGE_CURVE('',#814,#850,#13632,.T.);
#13630=LINE('',#849,#13633);
#13631=LINE('',#843,#13634);
#13632=LINE('',#813,#13635);
#13633=VECTOR('',#13636,1.0);
#13634=VECTOR('',#13637,1.0);
#13635=VECTOR('',#13638,1.0);
#13636=DIRECTION('',(0,-1,0));
#13637=DIRECTION('',(0,0.9999817678660001,-0.006038537537284421));
#13638=DIRECTION('',(0,0,1));
#13639=FACE_SURFACE('',(#13644),#13640,.T.);
#13640=PLANE('',#13641);
#13641=AXIS2_PLACEMENT_3D('',#813,#13642,#13643);
#13642=DIRECTION('',(1,0,0));
#13643=DIRECTION('',(0,-0.9999817678660001,0.006038537537284421));
#13644=FACE_BOUND('',#13645,.T.);
#13645=EDGE_LOOP('',(#13646,#13647,#13648));
#13646=ORIENTED_EDGE('',*,*,#13649,.T.);
#13647=ORIENTED_EDGE('',*,*,#13650,.T.);
#13648=ORIENTED_EDGE('',*,*,#13651,.T.);
#13649=EDGE_CURVE('',#814,#844,#13652,.F.);
#13650=EDGE_CURVE('',#844,#816,#13653,.T.);
#13651=EDGE_CURVE('',#816,#814,#13654,.T.);
#13652=LINE('',#813,#13655);
#13653=LINE('',#843,#13656);
#13654=LINE('',#815,#13657);
#13655=VECTOR('',#13658,1.0);
#13656=VECTOR('',#13659,1.0);
#13657=VECTOR('',#13660,1.0);
#13658=DIRECTION('',(0,-0.9999817678660001,0.006038537537284421));
#13659=DIRECTION('',(0,0,-1));
#13660=DIRECTION('',(0,1,0));
#13661=FACE_SURFACE('',(#13666),#13662,.T.);
#13662=PLANE('',#13663);
#13663=AXIS2_PLACEMENT_3D('',#841,#13664,#13665);
#13664=DIRECTION('',(-0,-1,-0));
#13665=DIRECTION('',(-1,0,0));
#13666=FACE_BOUND('',#13667,.T.);
#13667=EDGE_LOOP('',(#13668,#13669,#13670));
#13668=ORIENTED_EDGE('',*,*,#13671,.T.);
#13669=ORIENTED_EDGE('',*,*,#13672,.T.);
#13670=ORIENTED_EDGE('',*,*,#13673,.T.);
#13671=EDGE_CURVE('',#842,#850,#13674,.F.);
#13672=EDGE_CURVE('',#850,#812,#13675,.T.);
#13673=EDGE_CURVE('',#812,#842,#13676,.T.);
#13674=LINE('',#841,#13677);
#13675=LINE('',#849,#13678);
#13676=LINE('',#811,#13679);
#13677=VECTOR('',#13680,1.0);
#13678=VECTOR('',#13681,1.0);
#13679=VECTOR('',#13682,1.0);
#13680=DIRECTION('',(-1,0,0));
#13681=DIRECTION('',(0.999986045782175,0,-0.0052828250898461285));
#13682=DIRECTION('',(0,0,1));
#13683=FACE_SURFACE('',(#13688),#13684,.T.);
#13684=PLANE('',#13685);
#13685=AXIS2_PLACEMENT_3D('',#811,#13686,#13687);
#13686=DIRECTION('',(0,-1,0));
#13687=DIRECTION('',(-0.999986045782175,0,0.0052828250898461285));
#13688=FACE_BOUND('',#13689,.T.);
#13689=EDGE_LOOP('',(#13690,#13691,#13692));
#13690=ORIENTED_EDGE('',*,*,#13693,.T.);
#13691=ORIENTED_EDGE('',*,*,#13694,.T.);
#13692=ORIENTED_EDGE('',*,*,#13695,.T.);
#13693=EDGE_CURVE('',#812,#850,#13696,.F.);
#13694=EDGE_CURVE('',#850,#814,#13697,.T.);
#13695=EDGE_CURVE('',#814,#812,#13698,.T.);
#13696=LINE('',#811,#13699);
#13697=LINE('',#849,#13700);
#13698=LINE('',#813,#13701);
#13699=VECTOR('',#13702,1.0);
#13700=VECTOR('',#13703,1.0);
#13701=VECTOR('',#13704,1.0);
#13702=DIRECTION('',(-0.999986045782175,0,0.0052828250898461285));
#13703=DIRECTION('',(0,0,-1));
#13704=DIRECTION('',(1,0,0));
#13705=FACE_SURFACE('',(#13710),#13706,.T.);
#13706=PLANE('',#13707);
#13707=AXIS2_PLACEMENT_3D('',#187,#13708,#13709);
#13708=DIRECTION('',(0,0,-1));
#13709=DIRECTION('',(-0.13051567848152362,-0.9914462454770343,0));
#13710=FACE_BOUND('',#13711,.T.);
#13711=EDGE_LOOP('',(#13712,#13713,#13714));
#13712=ORIENTED_EDGE('',*,*,#13715,.T.);
#13713=ORIENTED_EDGE('',*,*,#13716,.T.);
#13714=ORIENTED_EDGE('',*,*,#13717,.T.);
#13715=EDGE_CURVE('',#188,#186,#13718,.F.);
#13716=EDGE_CURVE('',#186,#844,#13719,.T.);
#13717=EDGE_CURVE('',#844,#188,#13720,.T.);
#13718=LINE('',#187,#13721);
#13719=LINE('',#185,#13722);
#13720=LINE('',#843,#13723);
#13721=VECTOR('',#13724,1.0);
#13722=VECTOR('',#13725,1.0);
#13723=VECTOR('',#13726,1.0);
#13724=DIRECTION('',(-0.13051567848152362,-0.9914462454770343,0));
#13725=DIRECTION('',(-0.5174599662975032,-0.8557074168659443,0));
#13726=DIRECTION('',(0.4891402879342476,0.8722051242222792,0));
#13727=FACE_SURFACE('',(#13732),#13728,.T.);
#13728=PLANE('',#13729);
#13729=AXIS2_PLACEMENT_3D('',#843,#13730,#13731);
#13730=DIRECTION('',(0,0,-1));
#13731=DIRECTION('',(0.5174599662975032,0.8557074168659443,0));
#13732=FACE_BOUND('',#13733,.T.);
#13733=EDGE_LOOP('',(#13734,#13735,#13736));
#13734=ORIENTED_EDGE('',*,*,#13737,.T.);
#13735=ORIENTED_EDGE('',*,*,#13738,.T.);
#13736=ORIENTED_EDGE('',*,*,#13739,.T.);
#13737=EDGE_CURVE('',#844,#186,#13740,.F.);
#13738=EDGE_CURVE('',#186,#232,#13741,.T.);
#13739=EDGE_CURVE('',#232,#844,#13742,.T.);
#13740=LINE('',#843,#13743);
#13741=LINE('',#185,#13744);
#13742=LINE('',#231,#13745);
#13743=VECTOR('',#13746,1.0);
#13744=VECTOR('',#13747,1.0);
#13745=VECTOR('',#13748,1.0);
#13746=DIRECTION('',(0.5174599662975032,0.8557074168659443,0));
#13747=DIRECTION('',(0.13051567848153253,-0.991446245477033,0));
#13748=DIRECTION('',(-0.5671645842382469,-0.8236044769097945,0));
#13749=FACE_SURFACE('',(#13754),#13750,.T.);
#13750=PLANE('',#13751);
#13751=AXIS2_PLACEMENT_3D('',#843,#13752,#13753);
#13752=DIRECTION('',(0,0,-1));
#13753=DIRECTION('',(0.5671645842382469,0.8236044769097945,0));
#13754=FACE_BOUND('',#13755,.T.);
#13755=EDGE_LOOP('',(#13756,#13757,#13758));
#13756=ORIENTED_EDGE('',*,*,#13759,.T.);
#13757=ORIENTED_EDGE('',*,*,#13760,.T.);
#13758=ORIENTED_EDGE('',*,*,#13761,.T.);
#13759=EDGE_CURVE('',#844,#232,#13762,.F.);
#13760=EDGE_CURVE('',#232,#230,#13763,.T.);
#13761=EDGE_CURVE('',#230,#844,#13764,.T.);
#13762=LINE('',#843,#13765);
#13763=LINE('',#231,#13766);
#13764=LINE('',#229,#13767);
#13765=VECTOR('',#13768,1.0);
#13766=VECTOR('',#13769,1.0);
#13767=VECTOR('',#13770,1.0);
#13768=DIRECTION('',(0.5671645842382469,0.8236044769097945,0));
#13769=DIRECTION('',(0.3826850261331614,-0.9238788723493256,0));
#13770=DIRECTION('',(-0.6339278792735213,-0.7733921669371726,0));
#13771=FACE_SURFACE('',(#13776),#13772,.T.);
#13772=PLANE('',#13773);
#13773=AXIS2_PLACEMENT_3D('',#229,#13774,#13775);
#13774=DIRECTION('',(0,-0,-1));
#13775=DIRECTION('',(0.6087643210068818,-0.7933511211746223,0));
#13776=FACE_BOUND('',#13777,.T.);
#13777=EDGE_LOOP('',(#13778,#13779,#13780));
#13778=ORIENTED_EDGE('',*,*,#13781,.T.);
#13779=ORIENTED_EDGE('',*,*,#13782,.T.);
#13780=ORIENTED_EDGE('',*,*,#13783,.T.);
#13781=EDGE_CURVE('',#230,#228,#13784,.F.);
#13782=EDGE_CURVE('',#228,#844,#13785,.T.);
#13783=EDGE_CURVE('',#844,#230,#13786,.T.);
#13784=LINE('',#229,#13787);
#13785=LINE('',#227,#13788);
#13786=LINE('',#843,#13789);
#13787=VECTOR('',#13790,1.0);
#13788=VECTOR('',#13791,1.0);
#13789=VECTOR('',#13792,1.0);
#13790=DIRECTION('',(0.6087643210068818,-0.7933511211746223,0));
#13791=DIRECTION('',(-0.7071067811865475,-0.7071067811865475,0));
#13792=DIRECTION('',(0.6339278792735213,0.7733921669371726,0));
#13793=FACE_SURFACE('',(#13798),#13794,.T.);
#13794=PLANE('',#13795);
#13795=AXIS2_PLACEMENT_3D('',#843,#13796,#13797);
#13796=DIRECTION('',(0,0,-1));
#13797=DIRECTION('',(0.7071067811865475,0.7071067811865475,0));
#13798=FACE_BOUND('',#13799,.T.);
#13799=EDGE_LOOP('',(#13800,#13801,#13802));
#13800=ORIENTED_EDGE('',*,*,#13803,.T.);
#13801=ORIENTED_EDGE('',*,*,#13804,.T.);
#13802=ORIENTED_EDGE('',*,*,#13805,.T.);
#13803=EDGE_CURVE('',#844,#228,#13806,.F.);
#13804=EDGE_CURVE('',#228,#226,#13807,.T.);
#13805=EDGE_CURVE('',#226,#844,#13808,.T.);
#13806=LINE('',#843,#13809);
#13807=LINE('',#227,#13810);
#13808=LINE('',#225,#13811);
#13809=VECTOR('',#13812,1.0);
#13810=VECTOR('',#13813,1.0);
#13811=VECTOR('',#13814,1.0);
#13812=DIRECTION('',(0.7071067811865475,0.7071067811865475,0));
#13813=DIRECTION('',(0.7933554771223792,-0.6087586442260364,0));
#13814=DIRECTION('',(-0.7733887272029448,-0.6339320757268944,0));
#13815=FACE_SURFACE('',(#13820),#13816,.T.);
#13816=PLANE('',#13817);
#13817=AXIS2_PLACEMENT_3D('',#843,#13818,#13819);
#13818=DIRECTION('',(0,0,-1));
#13819=DIRECTION('',(0.7733887272029448,0.6339320757268944,0));
#13820=FACE_BOUND('',#13821,.T.);
#13821=EDGE_LOOP('',(#13822,#13823,#13824));
#13822=ORIENTED_EDGE('',*,*,#13825,.T.);
#13823=ORIENTED_EDGE('',*,*,#13826,.T.);
#13824=ORIENTED_EDGE('',*,*,#13827,.T.);
#13825=EDGE_CURVE('',#844,#226,#13828,.F.);
#13826=EDGE_CURVE('',#226,#224,#13829,.T.);
#13827=EDGE_CURVE('',#224,#844,#13830,.T.);
#13828=LINE('',#843,#13831);
#13829=LINE('',#225,#13832);
#13830=LINE('',#223,#13833);
#13831=VECTOR('',#13834,1.0);
#13832=VECTOR('',#13835,1.0);
#13833=VECTOR('',#13836,1.0);
#13834=DIRECTION('',(0.7733887272029448,0.6339320757268944,0));
#13835=DIRECTION('',(0.9238845490491588,-0.3826713211467935,0));
#13836=DIRECTION('',(-0.8236027626399405,-0.5671670735963591,0));
#13837=FACE_SURFACE('',(#13842),#13838,.T.);
#13838=PLANE('',#13839);
#13839=AXIS2_PLACEMENT_3D('',#223,#13840,#13841);
#13840=DIRECTION('',(0,-0,-1));
#13841=DIRECTION('',(0.9914412288407118,-0.13055378108204757,0));
#13842=FACE_BOUND('',#13843,.T.);
#13843=EDGE_LOOP('',(#13844,#13845,#13846));
#13844=ORIENTED_EDGE('',*,*,#13847,.T.);
#13845=ORIENTED_EDGE('',*,*,#13848,.T.);
#13846=ORIENTED_EDGE('',*,*,#13849,.T.);
#13847=EDGE_CURVE('',#224,#222,#13850,.F.);
#13848=EDGE_CURVE('',#222,#844,#13851,.T.);
#13849=EDGE_CURVE('',#844,#224,#13852,.T.);
#13850=LINE('',#223,#13853);
#13851=LINE('',#221,#13854);
#13852=LINE('',#843,#13855);
#13853=VECTOR('',#13856,1.0);
#13854=VECTOR('',#13857,1.0);
#13855=VECTOR('',#13858,1.0);
#13856=DIRECTION('',(0.9914412288407118,-0.13055378108204757,0));
#13857=DIRECTION('',(-0.8557074168659415,-0.5174599662975076,0));
#13858=DIRECTION('',(0.8236027626399405,0.5671670735963591,0));
#13859=FACE_SURFACE('',(#13864),#13860,.T.);
#13860=PLANE('',#13861);
#13861=AXIS2_PLACEMENT_3D('',#843,#13862,#13863);
#13862=DIRECTION('',(0,0,-1));
#13863=DIRECTION('',(0.8557074168659415,0.5174599662975076,0));
#13864=FACE_BOUND('',#13865,.T.);
#13865=EDGE_LOOP('',(#13866,#13867,#13868));
#13866=ORIENTED_EDGE('',*,*,#13869,.T.);
#13867=ORIENTED_EDGE('',*,*,#13870,.T.);
#13868=ORIENTED_EDGE('',*,*,#13871,.T.);
#13869=EDGE_CURVE('',#844,#222,#13872,.F.);
#13870=EDGE_CURVE('',#222,#220,#13873,.T.);
#13871=EDGE_CURVE('',#220,#844,#13874,.T.);
#13872=LINE('',#843,#13875);
#13873=LINE('',#221,#13876);
#13874=LINE('',#219,#13877);
#13875=VECTOR('',#13878,1.0);
#13876=VECTOR('',#13879,1.0);
#13877=VECTOR('',#13880,1.0);
#13878=DIRECTION('',(0.8557074168659415,0.5174599662975076,0));
#13879=DIRECTION('',(0.9914412288407107,0.1305537810820565,0));
#13880=DIRECTION('',(-0.8722037739289193,-0.4891426956872099,0));
#13881=FACE_SURFACE('',(#13886),#13882,.T.);
#13882=PLANE('',#13883);
#13883=AXIS2_PLACEMENT_3D('',#843,#13884,#13885);
#13884=DIRECTION('',(0,0,-1));
#13885=DIRECTION('',(0.8722037739289193,0.4891426956872099,0));
#13886=FACE_BOUND('',#13887,.T.);
#13887=EDGE_LOOP('',(#13888,#13889,#13890));
#13888=ORIENTED_EDGE('',*,*,#13891,.T.);
#13889=ORIENTED_EDGE('',*,*,#13892,.T.);
#13890=ORIENTED_EDGE('',*,*,#13893,.T.);
#13891=EDGE_CURVE('',#844,#220,#13894,.F.);
#13892=EDGE_CURVE('',#220,#218,#13895,.T.);
#13893=EDGE_CURVE('',#218,#844,#13896,.T.);
#13894=LINE('',#843,#13897);
#13895=LINE('',#219,#13898);
#13896=LINE('',#217,#13899);
#13897=VECTOR('',#13900,1.0);
#13898=VECTOR('',#13901,1.0);
#13899=VECTOR('',#13902,1.0);
#13900=DIRECTION('',(0.8722037739289193,0.4891426956872099,0));
#13901=DIRECTION('',(0.9238788723493256,0.3826850261331614,0));
#13902=DIRECTION('',(-0.8765328029198328,-0.481342129265143,0));
#13903=FACE_SURFACE('',(#13908),#13904,.T.);
#13904=PLANE('',#13905);
#13905=AXIS2_PLACEMENT_3D('',#215,#13906,#13907);
#13906=DIRECTION('',(0,-0,-1));
#13907=DIRECTION('',(0.9999994115457829,-0.001084853947771856,0));
#13908=FACE_BOUND('',#13909,.T.);
#13909=EDGE_LOOP('',(#13910,#13911,#13912));
#13910=ORIENTED_EDGE('',*,*,#13913,.T.);
#13911=ORIENTED_EDGE('',*,*,#13914,.T.);
#13912=ORIENTED_EDGE('',*,*,#13915,.T.);
#13913=EDGE_CURVE('',#216,#418,#13916,.F.);
#13914=EDGE_CURVE('',#418,#218,#13917,.T.);
#13915=EDGE_CURVE('',#218,#216,#13918,.T.);
#13916=LINE('',#215,#13919);
#13917=LINE('',#417,#13920);
#13918=LINE('',#217,#13921);
#13919=VECTOR('',#13922,1.0);
#13920=VECTOR('',#13923,1.0);
#13921=VECTOR('',#13924,1.0);
#13922=DIRECTION('',(0.9999994115457829,-0.001084853947771856,0));
#13923=DIRECTION('',(-0.999998234653674,-0.0018790129151736409,0));
#13924=DIRECTION('',(0.7933698421049382,0.6087399228228632,0));
#13925=FACE_SURFACE('',(#13930),#13926,.T.);
#13926=PLANE('',#13927);
#13927=AXIS2_PLACEMENT_3D('',#217,#13928,#13929);
#13928=DIRECTION('',(0,0,-1));
#13929=DIRECTION('',(0.999998234653674,0.0018790129151736409,0));
#13930=FACE_BOUND('',#13931,.T.);
#13931=EDGE_LOOP('',(#13932,#13933,#13934));
#13932=ORIENTED_EDGE('',*,*,#13935,.T.);
#13933=ORIENTED_EDGE('',*,*,#13936,.T.);
#13934=ORIENTED_EDGE('',*,*,#13937,.T.);
#13935=EDGE_CURVE('',#218,#418,#13938,.F.);
#13936=EDGE_CURVE('',#418,#840,#13939,.T.);
#13937=EDGE_CURVE('',#840,#218,#13940,.T.);
#13938=LINE('',#217,#13941);
#13939=LINE('',#417,#13942);
#13940=LINE('',#839,#13943);
#13941=VECTOR('',#13944,1.0);
#13942=VECTOR('',#13945,1.0);
#13943=VECTOR('',#13946,1.0);
#13944=DIRECTION('',(0.999998234653674,0.0018790129151736409,0));
#13945=DIRECTION('',(0.871514777777478,-0.4903692405886337,0));
#13946=DIRECTION('',(-0.9995716924535509,0.02926485341743277,0));
#13947=FACE_SURFACE('',(#13952),#13948,.T.);
#13948=PLANE('',#13949);
#13949=AXIS2_PLACEMENT_3D('',#217,#13950,#13951);
#13950=DIRECTION('',(0,-0,-1));
#13951=DIRECTION('',(0.9995716924535509,-0.02926485341743277,0));
#13952=FACE_BOUND('',#13953,.T.);
#13953=EDGE_LOOP('',(#13954,#13955,#13956));
#13954=ORIENTED_EDGE('',*,*,#13957,.T.);
#13955=ORIENTED_EDGE('',*,*,#13958,.T.);
#13956=ORIENTED_EDGE('',*,*,#13959,.T.);
#13957=EDGE_CURVE('',#218,#840,#13960,.F.);
#13958=EDGE_CURVE('',#840,#844,#13961,.T.);
#13959=EDGE_CURVE('',#844,#218,#13962,.T.);
#13960=LINE('',#217,#13963);
#13961=LINE('',#839,#13964);
#13962=LINE('',#843,#13965);
#13963=VECTOR('',#13966,1.0);
#13964=VECTOR('',#13967,1.0);
#13965=VECTOR('',#13968,1.0);
#13966=DIRECTION('',(0.9995716924535509,-0.02926485341743277,0));
#13967=DIRECTION('',(-1,0,0));
#13968=DIRECTION('',(0.8765328029198328,0.481342129265143,0));
#13969=FACE_SURFACE('',(#13974),#13970,.T.);
#13970=PLANE('',#13971);
#13971=AXIS2_PLACEMENT_3D('',#417,#13972,#13973);
#13972=DIRECTION('',(0,0,-1));
#13973=DIRECTION('',(-0.9999994115457829,0.001084853947771856,0));
#13974=FACE_BOUND('',#13975,.T.);
#13975=EDGE_LOOP('',(#13976,#13977,#13978));
#13976=ORIENTED_EDGE('',*,*,#13979,.T.);
#13977=ORIENTED_EDGE('',*,*,#13980,.T.);
#13978=ORIENTED_EDGE('',*,*,#13981,.T.);
#13979=EDGE_CURVE('',#418,#216,#13982,.F.);
#13980=EDGE_CURVE('',#216,#420,#13983,.T.);
#13981=EDGE_CURVE('',#420,#418,#13984,.T.);
#13982=LINE('',#417,#13985);
#13983=LINE('',#215,#13986);
#13984=LINE('',#419,#13987);
#13985=VECTOR('',#13988,1.0);
#13986=VECTOR('',#13989,1.0);
#13987=VECTOR('',#13990,1.0);
#13988=DIRECTION('',(-0.9999994115457829,0.001084853947771856,0));
#13989=DIRECTION('',(0.9999980358815332,0.0019819770623577433,0));
#13990=DIRECTION('',(0.7933596495720815,-0.6087532065056118,0));
#13991=FACE_SURFACE('',(#13996),#13992,.T.);
#13992=PLANE('',#13993);
#13993=AXIS2_PLACEMENT_3D('',#419,#13994,#13995);
#13994=DIRECTION('',(-0,0,-1));
#13995=DIRECTION('',(-0.9999980358815332,-0.0019819770623577433,0));
#13996=FACE_BOUND('',#13997,.T.);
#13997=EDGE_LOOP('',(#13998,#13999,#14000));
#13998=ORIENTED_EDGE('',*,*,#14001,.T.);
#13999=ORIENTED_EDGE('',*,*,#14002,.T.);
#14000=ORIENTED_EDGE('',*,*,#14003,.T.);
#14001=EDGE_CURVE('',#420,#216,#14004,.F.);
#14002=EDGE_CURVE('',#216,#214,#14005,.T.);
#14003=EDGE_CURVE('',#214,#420,#14006,.T.);
#14004=LINE('',#419,#14007);
#14005=LINE('',#215,#14008);
#14006=LINE('',#213,#14009);
#14007=VECTOR('',#14010,1.0);
#14008=VECTOR('',#14011,1.0);
#14009=VECTOR('',#14012,1.0);
#14010=DIRECTION('',(-0.9999980358815332,-0.0019819770623577433,0));
#14011=DIRECTION('',(0.6087399228228632,0.7933698421049382,0));
#14012=DIRECTION('',(0.999998173066939,-0.0019115079869630378,0));
#14013=FACE_SURFACE('',(#14018),#14014,.T.);
#14014=PLANE('',#14015);
#14015=AXIS2_PLACEMENT_3D('',#419,#14016,#14017);
#14016=DIRECTION('',(0,0,-1));
#14017=DIRECTION('',(-0.999998173066939,0.0019115079869630378,0));
#14018=FACE_BOUND('',#14019,.T.);
#14019=EDGE_LOOP('',(#14020,#14021,#14022));
#14020=ORIENTED_EDGE('',*,*,#14023,.T.);
#14021=ORIENTED_EDGE('',*,*,#14024,.T.);
#14022=ORIENTED_EDGE('',*,*,#14025,.T.);
#14023=EDGE_CURVE('',#420,#214,#14026,.F.);
#14024=EDGE_CURVE('',#214,#422,#14027,.T.);
#14025=EDGE_CURVE('',#422,#420,#14028,.T.);
#14026=LINE('',#419,#14029);
#14027=LINE('',#213,#14030);
#14028=LINE('',#421,#14031);
#14029=VECTOR('',#14032,1.0);
#14030=VECTOR('',#14033,1.0);
#14031=VECTOR('',#14034,1.0);
#14032=DIRECTION('',(-0.999998173066939,0.0019115079869630378,0));
#14033=DIRECTION('',(0.9999977746409843,0.0021096713202096162,0));
#14034=DIRECTION('',(0.6087587206462993,-0.7933554184834694,0));
#14035=FACE_SURFACE('',(#14040),#14036,.T.);
#14036=PLANE('',#14037);
#14037=AXIS2_PLACEMENT_3D('',#421,#14038,#14039);
#14038=DIRECTION('',(-0,0,-1));
#14039=DIRECTION('',(-0.9999977746409843,-0.0021096713202096162,0));
#14040=FACE_BOUND('',#14041,.T.);
#14041=EDGE_LOOP('',(#14042,#14043,#14044));
#14042=ORIENTED_EDGE('',*,*,#14045,.T.);
#14043=ORIENTED_EDGE('',*,*,#14046,.T.);
#14044=ORIENTED_EDGE('',*,*,#14047,.T.);
#14045=EDGE_CURVE('',#422,#214,#14048,.F.);
#14046=EDGE_CURVE('',#214,#212,#14049,.T.);
#14047=EDGE_CURVE('',#212,#422,#14050,.T.);
#14048=LINE('',#421,#14051);
#14049=LINE('',#213,#14052);
#14050=LINE('',#211,#14053);
#14051=VECTOR('',#14054,1.0);
#14052=VECTOR('',#14055,1.0);
#14053=VECTOR('',#14056,1.0);
#14054=DIRECTION('',(-0.9999977746409843,-0.0021096713202096162,0));
#14055=DIRECTION('',(0.3826850261331614,0.9238788723493256,0));
#14056=DIRECTION('',(0.9999969995038276,-0.002449690458385538,0));
#14057=FACE_SURFACE('',(#14062),#14058,.T.);
#14058=PLANE('',#14059);
#14059=AXIS2_PLACEMENT_3D('',#421,#14060,#14061);
#14060=DIRECTION('',(0,0,-1));
#14061=DIRECTION('',(-0.9999969995038276,0.002449690458385538,0));
#14062=FACE_BOUND('',#14063,.T.);
#14063=EDGE_LOOP('',(#14064,#14065,#14066));
#14064=ORIENTED_EDGE('',*,*,#14067,.T.);
#14065=ORIENTED_EDGE('',*,*,#14068,.T.);
#14066=ORIENTED_EDGE('',*,*,#14069,.T.);
#14067=EDGE_CURVE('',#422,#212,#14070,.F.);
#14068=EDGE_CURVE('',#212,#424,#14071,.T.);
#14069=EDGE_CURVE('',#424,#422,#14072,.T.);
#14070=LINE('',#421,#14073);
#14071=LINE('',#211,#14074);
#14072=LINE('',#423,#14075);
#14073=VECTOR('',#14076,1.0);
#14074=VECTOR('',#14077,1.0);
#14075=VECTOR('',#14078,1.0);
#14076=DIRECTION('',(-0.9999969995038276,0.002449690458385538,0));
#14077=DIRECTION('',(0.9999974614907073,0.0022532226124763444,0));
#14078=DIRECTION('',(0.382671008331921,-0.9238846786164553,0));
#14079=FACE_SURFACE('',(#14084),#14080,.T.);
#14080=PLANE('',#14081);
#14081=AXIS2_PLACEMENT_3D('',#423,#14082,#14083);
#14082=DIRECTION('',(-0,0,-1));
#14083=DIRECTION('',(-0.9999974614907073,-0.0022532226124763444,0));
#14084=FACE_BOUND('',#14085,.T.);
#14085=EDGE_LOOP('',(#14086,#14087,#14088));
#14086=ORIENTED_EDGE('',*,*,#14089,.T.);
#14087=ORIENTED_EDGE('',*,*,#14090,.T.);
#14088=ORIENTED_EDGE('',*,*,#14091,.T.);
#14089=EDGE_CURVE('',#424,#212,#14092,.F.);
#14090=EDGE_CURVE('',#212,#210,#14093,.T.);
#14091=EDGE_CURVE('',#210,#424,#14094,.T.);
#14092=LINE('',#423,#14095);
#14093=LINE('',#211,#14096);
#14094=LINE('',#209,#14097);
#14095=VECTOR('',#14098,1.0);
#14096=VECTOR('',#14099,1.0);
#14097=VECTOR('',#14100,1.0);
#14098=DIRECTION('',(-0.9999974614907073,-0.0022532226124763444,0));
#14099=DIRECTION('',(0.1305537810820565,0.9914412288407107,0));
#14100=DIRECTION('',(0.9999964746402527,-0.002655316754417259,0));
#14101=FACE_SURFACE('',(#14106),#14102,.T.);
#14102=PLANE('',#14103);
#14103=AXIS2_PLACEMENT_3D('',#423,#14104,#14105);
#14104=DIRECTION('',(0,0,-1));
#14105=DIRECTION('',(-0.9999964746402527,0.002655316754417259,0));
#14106=FACE_BOUND('',#14107,.T.);
#14107=EDGE_LOOP('',(#14108,#14109,#14110));
#14108=ORIENTED_EDGE('',*,*,#14111,.T.);
#14109=ORIENTED_EDGE('',*,*,#14112,.T.);
#14110=ORIENTED_EDGE('',*,*,#14113,.T.);
#14111=EDGE_CURVE('',#424,#210,#14114,.F.);
#14112=EDGE_CURVE('',#210,#378,#14115,.T.);
#14113=EDGE_CURVE('',#378,#424,#14116,.T.);
#14114=LINE('',#423,#14117);
#14115=LINE('',#209,#14118);
#14116=LINE('',#377,#14119);
#14117=VECTOR('',#14120,1.0);
#14118=VECTOR('',#14121,1.0);
#14119=VECTOR('',#14122,1.0);
#14120=DIRECTION('',(-0.9999964746402527,0.002655316754417259,0));
#14121=DIRECTION('',(0.999997116621211,0.002401405685030191,0));
#14122=DIRECTION('',(0.13053340082785728,-0.9914439123159282,0));
#14123=FACE_SURFACE('',(#14128),#14124,.T.);
#14124=PLANE('',#14125);
#14125=AXIS2_PLACEMENT_3D('',#377,#14126,#14127);
#14126=DIRECTION('',(-0,0,-1));
#14127=DIRECTION('',(-0.999997116621211,-0.002401405685030191,0));
#14128=FACE_BOUND('',#14129,.T.);
#14129=EDGE_LOOP('',(#14130,#14131,#14132));
#14130=ORIENTED_EDGE('',*,*,#14133,.T.);
#14131=ORIENTED_EDGE('',*,*,#14134,.T.);
#14132=ORIENTED_EDGE('',*,*,#14135,.T.);
#14133=EDGE_CURVE('',#378,#210,#14136,.F.);
#14134=EDGE_CURVE('',#210,#208,#14137,.T.);
#14135=EDGE_CURVE('',#208,#378,#14138,.T.);
#14136=LINE('',#377,#14139);
#14137=LINE('',#209,#14140);
#14138=LINE('',#207,#14141);
#14139=VECTOR('',#14142,1.0);
#14140=VECTOR('',#14143,1.0);
#14141=VECTOR('',#14144,1.0);
#14142=DIRECTION('',(-0.999997116621211,-0.002401405685030191,0));
#14143=DIRECTION('',(-0.13055378108204757,0.9914412288407118,0));
#14144=DIRECTION('',(0.9999968493507573,-0.002510236753566073,0));
#14145=FACE_SURFACE('',(#14150),#14146,.T.);
#14146=PLANE('',#14147);
#14147=AXIS2_PLACEMENT_3D('',#377,#14148,#14149);
#14148=DIRECTION('',(0,0,-1));
#14149=DIRECTION('',(-0.9999968493507573,0.002510236753566073,0));
#14150=FACE_BOUND('',#14151,.T.);
#14151=EDGE_LOOP('',(#14152,#14153,#14154));
#14152=ORIENTED_EDGE('',*,*,#14155,.T.);
#14153=ORIENTED_EDGE('',*,*,#14156,.T.);
#14154=ORIENTED_EDGE('',*,*,#14157,.T.);
#14155=EDGE_CURVE('',#378,#208,#14158,.F.);
#14156=EDGE_CURVE('',#208,#380,#14159,.T.);
#14157=EDGE_CURVE('',#380,#378,#14160,.T.);
#14158=LINE('',#377,#14161);
#14159=LINE('',#207,#14162);
#14160=LINE('',#379,#14163);
#14161=VECTOR('',#14164,1.0);
#14162=VECTOR('',#14165,1.0);
#14163=VECTOR('',#14166,1.0);
#14164=DIRECTION('',(-0.9999968493507573,0.002510236753566073,0));
#14165=DIRECTION('',(0.9999967663184162,0.0025430990367841357,0));
#14166=DIRECTION('',(-0.13053827357286926,-0.9914432707586525,0));
#14167=FACE_SURFACE('',(#14172),#14168,.T.);
#14168=PLANE('',#14169);
#14169=AXIS2_PLACEMENT_3D('',#379,#14170,#14171);
#14170=DIRECTION('',(-0,0,-1));
#14171=DIRECTION('',(-0.9999967663184162,-0.0025430990367841357,0));
#14172=FACE_BOUND('',#14173,.T.);
#14173=EDGE_LOOP('',(#14174,#14175,#14176));
#14174=ORIENTED_EDGE('',*,*,#14177,.T.);
#14175=ORIENTED_EDGE('',*,*,#14178,.T.);
#14176=ORIENTED_EDGE('',*,*,#14179,.T.);
#14177=EDGE_CURVE('',#380,#208,#14180,.F.);
#14178=EDGE_CURVE('',#208,#206,#14181,.T.);
#14179=EDGE_CURVE('',#206,#380,#14182,.T.);
#14180=LINE('',#379,#14183);
#14181=LINE('',#207,#14184);
#14182=LINE('',#205,#14185);
#14183=VECTOR('',#14186,1.0);
#14184=VECTOR('',#14187,1.0);
#14185=VECTOR('',#14188,1.0);
#14186=DIRECTION('',(-0.9999967663184162,-0.0025430990367841357,0));
#14187=DIRECTION('',(-0.3826713211467935,0.9238845490491588,0));
#14188=DIRECTION('',(0.9999979486645176,-0.002025504074659626,0));
#14189=FACE_SURFACE('',(#14194),#14190,.T.);
#14190=PLANE('',#14191);
#14191=AXIS2_PLACEMENT_3D('',#379,#14192,#14193);
#14192=DIRECTION('',(0,0,-1));
#14193=DIRECTION('',(-0.9999979486645176,0.002025504074659626,0));
#14194=FACE_BOUND('',#14195,.T.);
#14195=EDGE_LOOP('',(#14196,#14197,#14198));
#14196=ORIENTED_EDGE('',*,*,#14199,.T.);
#14197=ORIENTED_EDGE('',*,*,#14200,.T.);
#14198=ORIENTED_EDGE('',*,*,#14201,.T.);
#14199=EDGE_CURVE('',#380,#206,#14202,.F.);
#14200=EDGE_CURVE('',#206,#382,#14203,.T.);
#14201=EDGE_CURVE('',#382,#380,#14204,.T.);
#14202=LINE('',#379,#14205);
#14203=LINE('',#205,#14206);
#14204=LINE('',#381,#14207);
#14205=VECTOR('',#14208,1.0);
#14206=VECTOR('',#14209,1.0);
#14207=VECTOR('',#14210,1.0);
#14208=DIRECTION('',(-0.9999979486645176,0.002025504074659626,0));
#14209=DIRECTION('',(0.9999964411425999,0.0026679021974055474,0));
#14210=DIRECTION('',(-0.38268431955744037,-0.9238791650236836,0));
#14211=FACE_SURFACE('',(#14216),#14212,.T.);
#14212=PLANE('',#14213);
#14213=AXIS2_PLACEMENT_3D('',#381,#14214,#14215);
#14214=DIRECTION('',(-0,0,-1));
#14215=DIRECTION('',(-0.9999964411425999,-0.0026679021974055474,0));
#14216=FACE_BOUND('',#14217,.T.);
#14217=EDGE_LOOP('',(#14218,#14219,#14220));
#14218=ORIENTED_EDGE('',*,*,#14221,.T.);
#14219=ORIENTED_EDGE('',*,*,#14222,.T.);
#14220=ORIENTED_EDGE('',*,*,#14223,.T.);
#14221=EDGE_CURVE('',#382,#206,#14224,.F.);
#14222=EDGE_CURVE('',#206,#806,#14225,.T.);
#14223=EDGE_CURVE('',#806,#382,#14226,.T.);
#14224=LINE('',#381,#14227);
#14225=LINE('',#205,#14228);
#14226=LINE('',#805,#14229);
#14227=VECTOR('',#14230,1.0);
#14228=VECTOR('',#14231,1.0);
#14229=VECTOR('',#14232,1.0);
#14230=DIRECTION('',(-0.9999964411425999,-0.0026679021974055474,0));
#14231=DIRECTION('',(0.9085222769751438,0.4178364180392851,0));
#14232=DIRECTION('',(-0.008715565573227562,-0.9999620187370812,0));
#14233=FACE_SURFACE('',(#14238),#14234,.T.);
#14234=PLANE('',#14235);
#14235=AXIS2_PLACEMENT_3D('',#381,#14236,#14237);
#14236=DIRECTION('',(0,0,-1));
#14237=DIRECTION('',(0.008715565573227562,0.9999620187370812,0));
#14238=FACE_BOUND('',#14239,.T.);
#14239=EDGE_LOOP('',(#14240,#14241,#14242));
#14240=ORIENTED_EDGE('',*,*,#14243,.T.);
#14241=ORIENTED_EDGE('',*,*,#14244,.T.);
#14242=ORIENTED_EDGE('',*,*,#14245,.T.);
#14243=EDGE_CURVE('',#382,#806,#14246,.F.);
#14244=EDGE_CURVE('',#806,#384,#14247,.T.);
#14245=EDGE_CURVE('',#384,#382,#14248,.T.);
#14246=LINE('',#381,#14249);
#14247=LINE('',#805,#14250);
#14248=LINE('',#383,#14251);
#14249=VECTOR('',#14252,1.0);
#14250=VECTOR('',#14253,1.0);
#14251=VECTOR('',#14254,1.0);
#14252=DIRECTION('',(0.008715565573227562,0.9999620187370812,0));
#14253=DIRECTION('',(-0.002002439823564201,-0.9999979951153667,0));
#14254=DIRECTION('',(-0.6087587206462993,-0.7933554184834694,0));
#14255=FACE_SURFACE('',(#14260),#14256,.T.);
#14256=PLANE('',#14257);
#14257=AXIS2_PLACEMENT_3D('',#383,#14258,#14259);
#14258=DIRECTION('',(0,0,-1));
#14259=DIRECTION('',(0.002002439823564201,0.9999979951153667,0));
#14260=FACE_BOUND('',#14261,.T.);
#14261=EDGE_LOOP('',(#14262,#14263,#14264));
#14262=ORIENTED_EDGE('',*,*,#14265,.T.);
#14263=ORIENTED_EDGE('',*,*,#14266,.T.);
#14264=ORIENTED_EDGE('',*,*,#14267,.T.);
#14265=EDGE_CURVE('',#384,#806,#14268,.F.);
#14266=EDGE_CURVE('',#806,#804,#14269,.T.);
#14267=EDGE_CURVE('',#804,#384,#14270,.T.);
#14268=LINE('',#383,#14271);
#14269=LINE('',#805,#14272);
#14270=LINE('',#803,#14273);
#14271=VECTOR('',#14274,1.0);
#14272=VECTOR('',#14275,1.0);
#14273=VECTOR('',#14276,1.0);
#14274=DIRECTION('',(0.002002439823564201,0.9999979951153667,0));
#14275=DIRECTION('',(0.6087798048722689,-0.7933392396570853,0));
#14276=DIRECTION('',(-0.009191033306423003,-0.9999577615613372,0));
#14277=FACE_SURFACE('',(#14282),#14278,.T.);
#14278=PLANE('',#14279);
#14279=AXIS2_PLACEMENT_3D('',#383,#14280,#14281);
#14280=DIRECTION('',(0,0,-1));
#14281=DIRECTION('',(0.009191033306423003,0.9999577615613372,0));
#14282=FACE_BOUND('',#14283,.T.);
#14283=EDGE_LOOP('',(#14284,#14285,#14286));
#14284=ORIENTED_EDGE('',*,*,#14287,.T.);
#14285=ORIENTED_EDGE('',*,*,#14288,.T.);
#14286=ORIENTED_EDGE('',*,*,#14289,.T.);
#14287=EDGE_CURVE('',#384,#804,#14290,.F.);
#14288=EDGE_CURVE('',#804,#386,#14291,.T.);
#14289=EDGE_CURVE('',#386,#384,#14292,.T.);
#14290=LINE('',#383,#14293);
#14291=LINE('',#803,#14294);
#14292=LINE('',#385,#14295);
#14293=VECTOR('',#14296,1.0);
#14294=VECTOR('',#14297,1.0);
#14295=VECTOR('',#14298,1.0);
#14296=DIRECTION('',(0.009191033306423003,0.9999577615613372,0));
#14297=DIRECTION('',(-0.0002612170105713069,-0.9999999658828361,0));
#14298=DIRECTION('',(-0.7933596495720492,-0.608753206505654,0));
#14299=FACE_SURFACE('',(#14304),#14300,.T.);
#14300=PLANE('',#14301);
#14301=AXIS2_PLACEMENT_3D('',#385,#14302,#14303);
#14302=DIRECTION('',(0,0,-1));
#14303=DIRECTION('',(0.0002612170105713069,0.9999999658828361,0));
#14304=FACE_BOUND('',#14305,.T.);
#14305=EDGE_LOOP('',(#14306,#14307,#14308));
#14306=ORIENTED_EDGE('',*,*,#14309,.T.);
#14307=ORIENTED_EDGE('',*,*,#14310,.T.);
#14308=ORIENTED_EDGE('',*,*,#14311,.T.);
#14309=EDGE_CURVE('',#386,#804,#14312,.F.);
#14310=EDGE_CURVE('',#804,#802,#14313,.T.);
#14311=EDGE_CURVE('',#802,#386,#14314,.T.);
#14312=LINE('',#385,#14315);
#14313=LINE('',#803,#14316);
#14314=LINE('',#801,#14317);
#14315=VECTOR('',#14318,1.0);
#14316=VECTOR('',#14319,1.0);
#14317=VECTOR('',#14320,1.0);
#14318=DIRECTION('',(0.0002612170105713069,0.9999999658828361,0));
#14319=DIRECTION('',(0.7933479308247732,-0.6087684786978139,0));
#14320=DIRECTION('',(-0.009739581401328955,-0.9999525691522209,0));
#14321=FACE_SURFACE('',(#14326),#14322,.T.);
#14322=PLANE('',#14323);
#14323=AXIS2_PLACEMENT_3D('',#385,#14324,#14325);
#14324=DIRECTION('',(0,0,-1));
#14325=DIRECTION('',(0.009739581401328955,0.9999525691522209,0));
#14326=FACE_BOUND('',#14327,.T.);
#14327=EDGE_LOOP('',(#14328,#14329,#14330));
#14328=ORIENTED_EDGE('',*,*,#14331,.T.);
#14329=ORIENTED_EDGE('',*,*,#14332,.T.);
#14330=ORIENTED_EDGE('',*,*,#14333,.T.);
#14331=EDGE_CURVE('',#386,#802,#14334,.F.);
#14332=EDGE_CURVE('',#802,#388,#14335,.T.);
#14333=EDGE_CURVE('',#388,#386,#14336,.T.);
#14334=LINE('',#385,#14337);
#14335=LINE('',#801,#14338);
#14336=LINE('',#387,#14339);
#14337=VECTOR('',#14340,1.0);
#14338=VECTOR('',#14341,1.0);
#14339=VECTOR('',#14342,1.0);
#14340=DIRECTION('',(0.009739581401328955,0.9999525691522209,0));
#14341=DIRECTION('',(0.0008131096716170947,-0.9999996694262763,0));
#14342=DIRECTION('',(-0.9238658530077329,-0.3827164559387198,0));
#14343=FACE_SURFACE('',(#14348),#14344,.T.);
#14344=PLANE('',#14345);
#14345=AXIS2_PLACEMENT_3D('',#387,#14346,#14347);
#14346=DIRECTION('',(0,0,-1));
#14347=DIRECTION('',(-0.0008131096716170947,0.9999996694262763,0));
#14348=FACE_BOUND('',#14349,.T.);
#14349=EDGE_LOOP('',(#14350,#14351,#14352));
#14350=ORIENTED_EDGE('',*,*,#14353,.T.);
#14351=ORIENTED_EDGE('',*,*,#14354,.T.);
#14352=ORIENTED_EDGE('',*,*,#14355,.T.);
#14353=EDGE_CURVE('',#388,#802,#14356,.F.);
#14354=EDGE_CURVE('',#802,#800,#14357,.T.);
#14355=EDGE_CURVE('',#800,#388,#14358,.T.);
#14356=LINE('',#387,#14359);
#14357=LINE('',#801,#14360);
#14358=LINE('',#799,#14361);
#14359=VECTOR('',#14362,1.0);
#14360=VECTOR('',#14363,1.0);
#14361=VECTOR('',#14364,1.0);
#14362=DIRECTION('',(-0.0008131096716170947,0.9999996694262763,0));
#14363=DIRECTION('',(0.9238777783680087,-0.38268766721413017,0));
#14364=DIRECTION('',(-0.010318442725517107,-0.9999467634527951,0));
#14365=FACE_SURFACE('',(#14370),#14366,.T.);
#14366=PLANE('',#14367);
#14367=AXIS2_PLACEMENT_3D('',#387,#14368,#14369);
#14368=DIRECTION('',(0,0,-1));
#14369=DIRECTION('',(0.010318442725517107,0.9999467634527951,0));
#14370=FACE_BOUND('',#14371,.T.);
#14371=EDGE_LOOP('',(#14372,#14373,#14374));
#14372=ORIENTED_EDGE('',*,*,#14375,.T.);
#14373=ORIENTED_EDGE('',*,*,#14376,.T.);
#14374=ORIENTED_EDGE('',*,*,#14377,.T.);
#14375=EDGE_CURVE('',#388,#800,#14378,.F.);
#14376=EDGE_CURVE('',#800,#390,#14379,.T.);
#14377=EDGE_CURVE('',#390,#388,#14380,.T.);
#14378=LINE('',#387,#14381);
#14379=LINE('',#799,#14382);
#14380=LINE('',#389,#14383);
#14381=VECTOR('',#14384,1.0);
#14382=VECTOR('',#14385,1.0);
#14383=VECTOR('',#14386,1.0);
#14384=DIRECTION('',(0.010318442725517107,0.9999467634527951,0));
#14385=DIRECTION('',(0.0011061377835048592,-0.9999993882294148,0));
#14386=DIRECTION('',(-0.9914487842138389,-0.13049639183096454,0));
#14387=FACE_SURFACE('',(#14392),#14388,.T.);
#14388=PLANE('',#14389);
#14389=AXIS2_PLACEMENT_3D('',#389,#14390,#14391);
#14390=DIRECTION('',(0,0,-1));
#14391=DIRECTION('',(-0.0011061377835048592,0.9999993882294148,0));
#14392=FACE_BOUND('',#14393,.T.);
#14393=EDGE_LOOP('',(#14394,#14395,#14396));
#14394=ORIENTED_EDGE('',*,*,#14397,.T.);
#14395=ORIENTED_EDGE('',*,*,#14398,.T.);
#14396=ORIENTED_EDGE('',*,*,#14399,.T.);
#14397=EDGE_CURVE('',#390,#800,#14400,.F.);
#14398=EDGE_CURVE('',#800,#798,#14401,.T.);
#14399=EDGE_CURVE('',#798,#390,#14402,.T.);
#14400=LINE('',#389,#14403);
#14401=LINE('',#799,#14404);
#14402=LINE('',#797,#14405);
#14403=VECTOR('',#14406,1.0);
#14404=VECTOR('',#14407,1.0);
#14405=VECTOR('',#14408,1.0);
#14406=DIRECTION('',(-0.0011061377835048592,0.9999993882294148,0));
#14407=DIRECTION('',(0.9914454731415148,-0.13052154529884286,0));
#14408=DIRECTION('',(-0.010878463963998008,-0.999940827760215,0));
#14409=FACE_SURFACE('',(#14414),#14410,.T.);
#14410=PLANE('',#14411);
#14411=AXIS2_PLACEMENT_3D('',#389,#14412,#14413);
#14412=DIRECTION('',(0,0,-1));
#14413=DIRECTION('',(0.010878463963998008,0.999940827760215,0));
#14414=FACE_BOUND('',#14415,.T.);
#14415=EDGE_LOOP('',(#14416,#14417,#14418));
#14416=ORIENTED_EDGE('',*,*,#14419,.T.);
#14417=ORIENTED_EDGE('',*,*,#14420,.T.);
#14418=ORIENTED_EDGE('',*,*,#14421,.T.);
#14419=EDGE_CURVE('',#390,#798,#14422,.F.);
#14420=EDGE_CURVE('',#798,#392,#14423,.T.);
#14421=EDGE_CURVE('',#392,#390,#14424,.T.);
#14422=LINE('',#389,#14425);
#14423=LINE('',#797,#14426);
#14424=LINE('',#391,#14427);
#14425=VECTOR('',#14428,1.0);
#14426=VECTOR('',#14429,1.0);
#14427=VECTOR('',#14430,1.0);
#14428=DIRECTION('',(0.010878463963998008,0.999940827760215,0));
#14429=DIRECTION('',(0.0005791771973709637,-0.9999998322768728,0));
#14430=DIRECTION('',(-0.9914494253387275,0.1304915207801139,0));
#14431=FACE_SURFACE('',(#14436),#14432,.T.);
#14432=PLANE('',#14433);
#14433=AXIS2_PLACEMENT_3D('',#391,#14434,#14435);
#14434=DIRECTION('',(0,0,-1));
#14435=DIRECTION('',(-0.0005791771973709637,0.9999998322768728,0));
#14436=FACE_BOUND('',#14437,.T.);
#14437=EDGE_LOOP('',(#14438,#14439,#14440));
#14438=ORIENTED_EDGE('',*,*,#14441,.T.);
#14439=ORIENTED_EDGE('',*,*,#14442,.T.);
#14440=ORIENTED_EDGE('',*,*,#14443,.T.);
#14441=EDGE_CURVE('',#392,#798,#14444,.F.);
#14442=EDGE_CURVE('',#798,#796,#14445,.T.);
#14443=EDGE_CURVE('',#796,#392,#14446,.T.);
#14444=LINE('',#391,#14447);
#14445=LINE('',#797,#14448);
#14446=LINE('',#795,#14449);
#14447=VECTOR('',#14450,1.0);
#14448=VECTOR('',#14451,1.0);
#14449=VECTOR('',#14452,1.0);
#14450=DIRECTION('',(-0.0005791771973709637,0.9999998322768728,0));
#14451=DIRECTION('',(0.9914454731415159,0.13052154529883458,0));
#14452=DIRECTION('',(-0.011371108983570985,-0.999935346850227,0));
#14453=FACE_SURFACE('',(#14458),#14454,.T.);
#14454=PLANE('',#14455);
#14455=AXIS2_PLACEMENT_3D('',#391,#14456,#14457);
#14456=DIRECTION('',(0,0,-1));
#14457=DIRECTION('',(0.011371108983570985,0.999935346850227,0));
#14458=FACE_BOUND('',#14459,.T.);
#14459=EDGE_LOOP('',(#14460,#14461,#14462));
#14460=ORIENTED_EDGE('',*,*,#14463,.T.);
#14461=ORIENTED_EDGE('',*,*,#14464,.T.);
#14462=ORIENTED_EDGE('',*,*,#14465,.T.);
#14463=EDGE_CURVE('',#392,#796,#14466,.F.);
#14464=EDGE_CURVE('',#796,#394,#14467,.T.);
#14465=EDGE_CURVE('',#394,#392,#14468,.T.);
#14466=LINE('',#391,#14469);
#14467=LINE('',#795,#14470);
#14468=LINE('',#393,#14471);
#14469=VECTOR('',#14472,1.0);
#14470=VECTOR('',#14473,1.0);
#14471=VECTOR('',#14474,1.0);
#14472=DIRECTION('',(0.011371108983570985,0.999935346850227,0));
#14473=DIRECTION('',(-0.0007238700803590487,-0.999999738006019,0));
#14474=DIRECTION('',(-0.9238658530077329,0.3827164559387198,0));
#14475=FACE_SURFACE('',(#14480),#14476,.T.);
#14476=PLANE('',#14477);
#14477=AXIS2_PLACEMENT_3D('',#393,#14478,#14479);
#14478=DIRECTION('',(0,0,-1));
#14479=DIRECTION('',(0.0007238700803590487,0.999999738006019,0));
#14480=FACE_BOUND('',#14481,.T.);
#14481=EDGE_LOOP('',(#14482,#14483,#14484));
#14482=ORIENTED_EDGE('',*,*,#14485,.T.);
#14483=ORIENTED_EDGE('',*,*,#14486,.T.);
#14484=ORIENTED_EDGE('',*,*,#14487,.T.);
#14485=EDGE_CURVE('',#394,#796,#14488,.F.);
#14486=EDGE_CURVE('',#796,#794,#14489,.T.);
#14487=EDGE_CURVE('',#794,#394,#14490,.T.);
#14488=LINE('',#393,#14491);
#14489=LINE('',#795,#14492);
#14490=LINE('',#793,#14493);
#14491=VECTOR('',#14494,1.0);
#14492=VECTOR('',#14495,1.0);
#14493=VECTOR('',#14496,1.0);
#14494=DIRECTION('',(0.0007238700803590487,0.999999738006019,0));
#14495=DIRECTION('',(0.9238777783679992,0.38268766721415276,0));
#14496=DIRECTION('',(-0.011756028258668066,-0.9999308955120757,0));
#14497=FACE_SURFACE('',(#14502),#14498,.T.);
#14498=PLANE('',#14499);
#14499=AXIS2_PLACEMENT_3D('',#393,#14500,#14501);
#14500=DIRECTION('',(0,0,-1));
#14501=DIRECTION('',(0.011756028258668066,0.9999308955120757,0));
#14502=FACE_BOUND('',#14503,.T.);
#14503=EDGE_LOOP('',(#14504,#14505,#14506));
#14504=ORIENTED_EDGE('',*,*,#14507,.T.);
#14505=ORIENTED_EDGE('',*,*,#14508,.T.);
#14506=ORIENTED_EDGE('',*,*,#14509,.T.);
#14507=EDGE_CURVE('',#394,#794,#14510,.F.);
#14508=EDGE_CURVE('',#794,#396,#14511,.T.);
#14509=EDGE_CURVE('',#396,#394,#14512,.T.);
#14510=LINE('',#393,#14513);
#14511=LINE('',#793,#14514);
#14512=LINE('',#395,#14515);
#14513=VECTOR('',#14516,1.0);
#14514=VECTOR('',#14517,1.0);
#14515=VECTOR('',#14518,1.0);
#14516=DIRECTION('',(0.011756028258668066,0.9999308955120757,0));
#14517=DIRECTION('',(-0.002678745182218188,-0.999996412155688,0));
#14518=DIRECTION('',(-0.7933736019433548,0.6087350225996753,0));
#14519=FACE_SURFACE('',(#14524),#14520,.T.);
#14520=PLANE('',#14521);
#14521=AXIS2_PLACEMENT_3D('',#395,#14522,#14523);
#14522=DIRECTION('',(0,0,-1));
#14523=DIRECTION('',(0.002678745182218188,0.999996412155688,0));
#14524=FACE_BOUND('',#14525,.T.);
#14525=EDGE_LOOP('',(#14526,#14527,#14528));
#14526=ORIENTED_EDGE('',*,*,#14529,.T.);
#14527=ORIENTED_EDGE('',*,*,#14530,.T.);
#14528=ORIENTED_EDGE('',*,*,#14531,.T.);
#14529=EDGE_CURVE('',#396,#794,#14532,.F.);
#14530=EDGE_CURVE('',#794,#792,#14533,.T.);
#14531=EDGE_CURVE('',#792,#396,#14534,.T.);
#14532=LINE('',#395,#14535);
#14533=LINE('',#793,#14536);
#14534=LINE('',#791,#14537);
#14535=VECTOR('',#14538,1.0);
#14536=VECTOR('',#14539,1.0);
#14537=VECTOR('',#14540,1.0);
#14538=DIRECTION('',(0.002678745182218188,0.999996412155688,0));
#14539=DIRECTION('',(0.7933479308247732,0.6087684786978139,0));
#14540=DIRECTION('',(-0.012002708797498186,-0.9999279648962331,0));
#14541=FACE_SURFACE('',(#14546),#14542,.T.);
#14542=PLANE('',#14543);
#14543=AXIS2_PLACEMENT_3D('',#395,#14544,#14545);
#14544=DIRECTION('',(0,0,-1));
#14545=DIRECTION('',(0.012002708797498186,0.9999279648962331,0));
#14546=FACE_BOUND('',#14547,.T.);
#14547=EDGE_LOOP('',(#14548,#14549,#14550));
#14548=ORIENTED_EDGE('',*,*,#14551,.T.);
#14549=ORIENTED_EDGE('',*,*,#14552,.T.);
#14550=ORIENTED_EDGE('',*,*,#14553,.T.);
#14551=EDGE_CURVE('',#396,#792,#14554,.F.);
#14552=EDGE_CURVE('',#792,#398,#14555,.T.);
#14553=EDGE_CURVE('',#398,#396,#14556,.T.);
#14554=LINE('',#395,#14557);
#14555=LINE('',#791,#14558);
#14556=LINE('',#397,#14559);
#14557=VECTOR('',#14560,1.0);
#14558=VECTOR('',#14561,1.0);
#14559=VECTOR('',#14562,1.0);
#14560=DIRECTION('',(0.012002708797498186,0.9999279648962331,0));
#14561=DIRECTION('',(-0.005104299063446773,-0.9999869729806838,0));
#14562=DIRECTION('',(-0.6087350225996753,0.7933736019433548,0));
#14563=FACE_SURFACE('',(#14568),#14564,.T.);
#14564=PLANE('',#14565);
#14565=AXIS2_PLACEMENT_3D('',#397,#14566,#14567);
#14566=DIRECTION('',(0,0,-1));
#14567=DIRECTION('',(0.005104299063446773,0.9999869729806838,0));
#14568=FACE_BOUND('',#14569,.T.);
#14569=EDGE_LOOP('',(#14570,#14571,#14572));
#14570=ORIENTED_EDGE('',*,*,#14573,.T.);
#14571=ORIENTED_EDGE('',*,*,#14574,.T.);
#14572=ORIENTED_EDGE('',*,*,#14575,.T.);
#14573=EDGE_CURVE('',#398,#792,#14576,.F.);
#14574=EDGE_CURVE('',#792,#790,#14577,.T.);
#14575=EDGE_CURVE('',#790,#398,#14578,.T.);
#14576=LINE('',#397,#14579);
#14577=LINE('',#791,#14580);
#14578=LINE('',#789,#14581);
#14579=VECTOR('',#14582,1.0);
#14580=VECTOR('',#14583,1.0);
#14581=VECTOR('',#14584,1.0);
#14582=DIRECTION('',(0.005104299063446773,0.9999869729806838,0));
#14583=DIRECTION('',(0.6087571521511065,0.7933566220211908,0));
#14584=DIRECTION('',(-0.012097796522953926,-0.9999268189819139,0));
#14585=FACE_SURFACE('',(#14590),#14586,.T.);
#14586=PLANE('',#14587);
#14587=AXIS2_PLACEMENT_3D('',#397,#14588,#14589);
#14588=DIRECTION('',(0,0,-1));
#14589=DIRECTION('',(0.012097796522953926,0.9999268189819139,0));
#14590=FACE_BOUND('',#14591,.T.);
#14591=EDGE_LOOP('',(#14592,#14593,#14594));
#14592=ORIENTED_EDGE('',*,*,#14595,.T.);
#14593=ORIENTED_EDGE('',*,*,#14596,.T.);
#14594=ORIENTED_EDGE('',*,*,#14597,.T.);
#14595=EDGE_CURVE('',#398,#790,#14598,.F.);
#14596=EDGE_CURVE('',#790,#840,#14599,.T.);
#14597=EDGE_CURVE('',#840,#398,#14600,.T.);
#14598=LINE('',#397,#14601);
#14599=LINE('',#789,#14602);
#14600=LINE('',#839,#14603);
#14601=VECTOR('',#14604,1.0);
#14602=VECTOR('',#14605,1.0);
#14603=VECTOR('',#14606,1.0);
#14604=DIRECTION('',(0.012097796522953926,0.9999268189819139,0));
#14605=DIRECTION('',(0.05217969371365444,-0.9986377118674967,0));
#14606=DIRECTION('',(-0.4789004135032348,0.8778692351064769,0));
#14607=FACE_SURFACE('',(#14612),#14608,.T.);
#14608=PLANE('',#14609);
#14609=AXIS2_PLACEMENT_3D('',#839,#14610,#14611);
#14610=DIRECTION('',(0,0,-1));
#14611=DIRECTION('',(-0.05217969371365444,0.9986377118674967,0));
#14612=FACE_BOUND('',#14613,.T.);
#14613=EDGE_LOOP('',(#14614,#14615,#14616));
#14614=ORIENTED_EDGE('',*,*,#14617,.T.);
#14615=ORIENTED_EDGE('',*,*,#14618,.T.);
#14616=ORIENTED_EDGE('',*,*,#14619,.T.);
#14617=EDGE_CURVE('',#840,#790,#14620,.F.);
#14618=EDGE_CURVE('',#790,#788,#14621,.T.);
#14619=EDGE_CURVE('',#788,#840,#14622,.T.);
#14620=LINE('',#839,#14623);
#14621=LINE('',#789,#14624);
#14622=LINE('',#787,#14625);
#14623=VECTOR('',#14626,1.0);
#14624=VECTOR('',#14627,1.0);
#14625=VECTOR('',#14628,1.0);
#14626=DIRECTION('',(-0.05217969371365444,0.9986377118674967,0));
#14627=DIRECTION('',(0.38269402966214716,0.9238751428959151,0));
#14628=DIRECTION('',(0.047827829575281935,-0.9988555945271158,0));
#14629=FACE_SURFACE('',(#14634),#14630,.T.);
#14630=PLANE('',#14631);
#14631=AXIS2_PLACEMENT_3D('',#839,#14632,#14633);
#14632=DIRECTION('',(0,0,-1));
#14633=DIRECTION('',(-0.047827829575281935,0.9988555945271158,0));
#14634=FACE_BOUND('',#14635,.T.);
#14635=EDGE_LOOP('',(#14636,#14637,#14638));
#14636=ORIENTED_EDGE('',*,*,#14639,.T.);
#14637=ORIENTED_EDGE('',*,*,#14640,.T.);
#14638=ORIENTED_EDGE('',*,*,#14641,.T.);
#14639=EDGE_CURVE('',#840,#788,#14642,.F.);
#14640=EDGE_CURVE('',#788,#786,#14643,.T.);
#14641=EDGE_CURVE('',#786,#840,#14644,.T.);
#14642=LINE('',#839,#14645);
#14643=LINE('',#787,#14646);
#14644=LINE('',#785,#14647);
#14645=VECTOR('',#14648,1.0);
#14646=VECTOR('',#14649,1.0);
#14647=VECTOR('',#14650,1.0);
#14648=DIRECTION('',(-0.047827829575281935,0.9988555945271158,0));
#14649=DIRECTION('',(0.13053923419237096,0.9914431442783137,0));
#14650=DIRECTION('',(0.046047356585136374,-0.9989392578888474,0));
#14651=FACE_SURFACE('',(#14656),#14652,.T.);
#14652=PLANE('',#14653);
#14653=AXIS2_PLACEMENT_3D('',#205,#14654,#14655);
#14654=DIRECTION('',(0,0,-1));
#14655=DIRECTION('',(-0.6087586442260364,0.7933554771223792,0));
#14656=FACE_BOUND('',#14657,.T.);
#14657=EDGE_LOOP('',(#14658,#14659,#14660));
#14658=ORIENTED_EDGE('',*,*,#14661,.T.);
#14659=ORIENTED_EDGE('',*,*,#14662,.T.);
#14660=ORIENTED_EDGE('',*,*,#14663,.T.);
#14661=EDGE_CURVE('',#206,#204,#14664,.F.);
#14662=EDGE_CURVE('',#204,#806,#14665,.T.);
#14663=EDGE_CURVE('',#806,#206,#14666,.T.);
#14664=LINE('',#205,#14667);
#14665=LINE('',#203,#14668);
#14666=LINE('',#805,#14669);
#14667=VECTOR('',#14670,1.0);
#14668=VECTOR('',#14671,1.0);
#14669=VECTOR('',#14672,1.0);
#14670=DIRECTION('',(-0.6087586442260364,0.7933554771223792,0));
#14671=DIRECTION('',(0.9103296046336709,0.41388405493266417,0));
#14672=DIRECTION('',(-0.9085222769751438,-0.4178364180392851,0));
#14673=FACE_SURFACE('',(#14678),#14674,.T.);
#14674=PLANE('',#14675);
#14675=AXIS2_PLACEMENT_3D('',#805,#14676,#14677);
#14676=DIRECTION('',(-0,0,-1));
#14677=DIRECTION('',(-0.9103296046336709,-0.41388405493266417,0));
#14678=FACE_BOUND('',#14679,.T.);
#14679=EDGE_LOOP('',(#14680,#14681,#14682));
#14680=ORIENTED_EDGE('',*,*,#14683,.T.);
#14681=ORIENTED_EDGE('',*,*,#14684,.T.);
#14682=ORIENTED_EDGE('',*,*,#14685,.T.);
#14683=EDGE_CURVE('',#806,#204,#14686,.F.);
#14684=EDGE_CURVE('',#204,#808,#14687,.T.);
#14685=EDGE_CURVE('',#808,#806,#14688,.T.);
#14686=LINE('',#805,#14689);
#14687=LINE('',#203,#14690);
#14688=LINE('',#807,#14691);
#14689=VECTOR('',#14692,1.0);
#14690=VECTOR('',#14693,1.0);
#14691=VECTOR('',#14694,1.0);
#14692=DIRECTION('',(-0.9103296046336709,-0.41388405493266417,0));
#14693=DIRECTION('',(0.9083339368098039,0.4182456924340087,0));
#14694=DIRECTION('',(0.38266330894066647,-0.9238878676498463,0));
#14695=FACE_SURFACE('',(#14700),#14696,.T.);
#14696=PLANE('',#14697);
#14697=AXIS2_PLACEMENT_3D('',#807,#14698,#14699);
#14698=DIRECTION('',(0,0,-1));
#14699=DIRECTION('',(-0.9083339368098039,-0.4182456924340087,0));
#14700=FACE_BOUND('',#14701,.T.);
#14701=EDGE_LOOP('',(#14702,#14703,#14704));
#14702=ORIENTED_EDGE('',*,*,#14705,.T.);
#14703=ORIENTED_EDGE('',*,*,#14706,.T.);
#14704=ORIENTED_EDGE('',*,*,#14707,.T.);
#14705=EDGE_CURVE('',#808,#204,#14708,.F.);
#14706=EDGE_CURVE('',#204,#202,#14709,.T.);
#14707=EDGE_CURVE('',#202,#808,#14710,.T.);
#14708=LINE('',#807,#14711);
#14709=LINE('',#203,#14712);
#14710=LINE('',#201,#14713);
#14711=VECTOR('',#14714,1.0);
#14712=VECTOR('',#14715,1.0);
#14713=VECTOR('',#14716,1.0);
#14714=DIRECTION('',(-0.9083339368098039,-0.4182456924340087,0));
#14715=DIRECTION('',(-0.7933511211746223,0.6087643210068818,0));
#14716=DIRECTION('',(0.9099725198042473,0.41466855824996984,0));
#14717=FACE_SURFACE('',(#14722),#14718,.T.);
#14718=PLANE('',#14719);
#14719=AXIS2_PLACEMENT_3D('',#807,#14720,#14721);
#14720=DIRECTION('',(-0,0,-1));
#14721=DIRECTION('',(-0.9099725198042473,-0.41466855824996984,0));
#14722=FACE_BOUND('',#14723,.T.);
#14723=EDGE_LOOP('',(#14724,#14725,#14726));
#14724=ORIENTED_EDGE('',*,*,#14727,.T.);
#14725=ORIENTED_EDGE('',*,*,#14728,.T.);
#14726=ORIENTED_EDGE('',*,*,#14729,.T.);
#14727=EDGE_CURVE('',#808,#202,#14730,.F.);
#14728=EDGE_CURVE('',#202,#762,#14731,.T.);
#14729=EDGE_CURVE('',#762,#808,#14732,.T.);
#14730=LINE('',#807,#14733);
#14731=LINE('',#201,#14734);
#14732=LINE('',#761,#14735);
#14733=VECTOR('',#14736,1.0);
#14734=VECTOR('',#14737,1.0);
#14735=VECTOR('',#14738,1.0);
#14736=DIRECTION('',(-0.9099725198042473,-0.41466855824996984,0));
#14737=DIRECTION('',(0.9080664226766937,0.4188261835262359,0));
#14738=DIRECTION('',(0.13053923419243382,-0.9914431442783055,0));
#14739=FACE_SURFACE('',(#14744),#14740,.T.);
#14740=PLANE('',#14741);
#14741=AXIS2_PLACEMENT_3D('',#761,#14742,#14743);
#14742=DIRECTION('',(-0,0,-1));
#14743=DIRECTION('',(-0.9080664226766937,-0.4188261835262359,0));
#14744=FACE_BOUND('',#14745,.T.);
#14745=EDGE_LOOP('',(#14746,#14747,#14748));
#14746=ORIENTED_EDGE('',*,*,#14749,.T.);
#14747=ORIENTED_EDGE('',*,*,#14750,.T.);
#14748=ORIENTED_EDGE('',*,*,#14751,.T.);
#14749=EDGE_CURVE('',#762,#202,#14752,.F.);
#14750=EDGE_CURVE('',#202,#602,#14753,.T.);
#14751=EDGE_CURVE('',#602,#762,#14754,.T.);
#14752=LINE('',#761,#14755);
#14753=LINE('',#201,#14756);
#14754=LINE('',#601,#14757);
#14755=VECTOR('',#14758,1.0);
#14756=VECTOR('',#14759,1.0);
#14757=VECTOR('',#14760,1.0);
#14758=DIRECTION('',(-0.9080664226766937,-0.4188261835262359,0));
#14759=DIRECTION('',(0.003840657642931901,0.9999926246472369,0));
#14760=DIRECTION('',(0.9310609154385122,-0.36486377148574184,0));
#14761=FACE_SURFACE('',(#14766),#14762,.T.);
#14762=PLANE('',#14763);
#14763=AXIS2_PLACEMENT_3D('',#761,#14764,#14765);
#14764=DIRECTION('',(0,0,-1));
#14765=DIRECTION('',(-0.9310609154385122,0.36486377148574184,0));
#14766=FACE_BOUND('',#14767,.T.);
#14767=EDGE_LOOP('',(#14768,#14769,#14770));
#14768=ORIENTED_EDGE('',*,*,#14771,.T.);
#14769=ORIENTED_EDGE('',*,*,#14772,.T.);
#14770=ORIENTED_EDGE('',*,*,#14773,.T.);
#14771=EDGE_CURVE('',#762,#602,#14774,.F.);
#14772=EDGE_CURVE('',#602,#600,#14775,.T.);
#14773=EDGE_CURVE('',#600,#762,#14776,.T.);
#14774=LINE('',#761,#14777);
#14775=LINE('',#601,#14778);
#14776=LINE('',#599,#14779);
#14777=VECTOR('',#14780,1.0);
#14778=VECTOR('',#14781,1.0);
#14779=VECTOR('',#14782,1.0);
#14780=DIRECTION('',(-0.9310609154385122,0.36486377148574184,0));
#14781=DIRECTION('',(0.793342502756077,0.6087755524992146,0));
#14782=DIRECTION('',(0.9295985832501521,-0.3685735666312903,0));
#14783=FACE_SURFACE('',(#14788),#14784,.T.);
#14784=PLANE('',#14785);
#14785=AXIS2_PLACEMENT_3D('',#601,#14786,#14787);
#14786=DIRECTION('',(0,0,-1));
#14787=DIRECTION('',(-0.003840657642931901,-0.9999926246472369,0));
#14788=FACE_BOUND('',#14789,.T.);
#14789=EDGE_LOOP('',(#14790,#14791,#14792));
#14790=ORIENTED_EDGE('',*,*,#14793,.T.);
#14791=ORIENTED_EDGE('',*,*,#14794,.T.);
#14792=ORIENTED_EDGE('',*,*,#14795,.T.);
#14793=EDGE_CURVE('',#602,#202,#14796,.F.);
#14794=EDGE_CURVE('',#202,#604,#14797,.T.);
#14795=EDGE_CURVE('',#604,#602,#14798,.T.);
#14796=LINE('',#601,#14799);
#14797=LINE('',#201,#14800);
#14798=LINE('',#603,#14801);
#14799=VECTOR('',#14802,1.0);
#14800=VECTOR('',#14803,1.0);
#14801=VECTOR('',#14804,1.0);
#14802=DIRECTION('',(-0.003840657642931901,-0.9999926246472369,0));
#14803=DIRECTION('',(-0.0015569751418782517,0.9999987879134692,0));
#14804=DIRECTION('',(0.9238867652843404,0.38266597043954426,0));
#14805=FACE_SURFACE('',(#14810),#14806,.T.);
#14806=PLANE('',#14807);
#14807=AXIS2_PLACEMENT_3D('',#603,#14808,#14809);
#14808=DIRECTION('',(0,-0,-1));
#14809=DIRECTION('',(0.0015569751418782517,-0.9999987879134692,0));
#14810=FACE_BOUND('',#14811,.T.);
#14811=EDGE_LOOP('',(#14812,#14813,#14814));
#14812=ORIENTED_EDGE('',*,*,#14815,.T.);
#14813=ORIENTED_EDGE('',*,*,#14816,.T.);
#14814=ORIENTED_EDGE('',*,*,#14817,.T.);
#14815=EDGE_CURVE('',#604,#202,#14818,.F.);
#14816=EDGE_CURVE('',#202,#200,#14819,.T.);
#14817=EDGE_CURVE('',#200,#604,#14820,.T.);
#14818=LINE('',#603,#14821);
#14819=LINE('',#201,#14822);
#14820=LINE('',#199,#14823);
#14821=VECTOR('',#14824,1.0);
#14822=VECTOR('',#14825,1.0);
#14823=VECTOR('',#14826,1.0);
#14824=DIRECTION('',(0.0015569751418782517,-0.9999987879134692,0));
#14825=DIRECTION('',(-0.9238788723493256,0.3826850261331614,0));
#14826=DIRECTION('',(0.003766779537380619,0.9999929056607936,0));
#14827=FACE_SURFACE('',(#14832),#14828,.T.);
#14828=PLANE('',#14829);
#14829=AXIS2_PLACEMENT_3D('',#603,#14830,#14831);
#14830=DIRECTION('',(0,0,-1));
#14831=DIRECTION('',(-0.003766779537380619,-0.9999929056607936,0));
#14832=FACE_BOUND('',#14833,.T.);
#14833=EDGE_LOOP('',(#14834,#14835,#14836));
#14834=ORIENTED_EDGE('',*,*,#14837,.T.);
#14835=ORIENTED_EDGE('',*,*,#14838,.T.);
#14836=ORIENTED_EDGE('',*,*,#14839,.T.);
#14837=EDGE_CURVE('',#604,#200,#14840,.F.);
#14838=EDGE_CURVE('',#200,#606,#14841,.T.);
#14839=EDGE_CURVE('',#606,#604,#14842,.T.);
#14840=LINE('',#603,#14843);
#14841=LINE('',#199,#14844);
#14842=LINE('',#605,#14845);
#14843=VECTOR('',#14846,1.0);
#14844=VECTOR('',#14847,1.0);
#14845=VECTOR('',#14848,1.0);
#14846=DIRECTION('',(-0.003766779537380619,-0.9999929056607936,0));
#14847=DIRECTION('',(-0.0020490330088912346,0.9999979007296607,0));
#14848=DIRECTION('',(0.9914450821837965,0.1305245149907286,0));
#14849=FACE_SURFACE('',(#14854),#14850,.T.);
#14850=PLANE('',#14851);
#14851=AXIS2_PLACEMENT_3D('',#605,#14852,#14853);
#14852=DIRECTION('',(0,-0,-1));
#14853=DIRECTION('',(0.0020490330088912346,-0.9999979007296607,0));
#14854=FACE_BOUND('',#14855,.T.);
#14855=EDGE_LOOP('',(#14856,#14857,#14858));
#14856=ORIENTED_EDGE('',*,*,#14859,.T.);
#14857=ORIENTED_EDGE('',*,*,#14860,.T.);
#14858=ORIENTED_EDGE('',*,*,#14861,.T.);
#14859=EDGE_CURVE('',#606,#200,#14862,.F.);
#14860=EDGE_CURVE('',#200,#198,#14863,.T.);
#14861=EDGE_CURVE('',#198,#606,#14864,.T.);
#14862=LINE('',#605,#14865);
#14863=LINE('',#199,#14866);
#14864=LINE('',#197,#14867);
#14865=VECTOR('',#14868,1.0);
#14866=VECTOR('',#14869,1.0);
#14867=VECTOR('',#14870,1.0);
#14868=DIRECTION('',(0.0020490330088912346,-0.9999979007296607,0));
#14869=DIRECTION('',(-0.991446245477033,0.13051567848153253,0));
#14870=DIRECTION('',(0.0036751281067315465,0.9999932466938961,0));
#14871=FACE_SURFACE('',(#14876),#14872,.T.);
#14872=PLANE('',#14873);
#14873=AXIS2_PLACEMENT_3D('',#605,#14874,#14875);
#14874=DIRECTION('',(-0,0,-1));
#14875=DIRECTION('',(-0.0036751281067315465,-0.9999932466938961,0));
#14876=FACE_BOUND('',#14877,.T.);
#14877=EDGE_LOOP('',(#14878,#14879,#14880));
#14878=ORIENTED_EDGE('',*,*,#14881,.T.);
#14879=ORIENTED_EDGE('',*,*,#14882,.T.);
#14880=ORIENTED_EDGE('',*,*,#14883,.T.);
#14881=EDGE_CURVE('',#606,#198,#14884,.F.);
#14882=EDGE_CURVE('',#198,#608,#14885,.T.);
#14883=EDGE_CURVE('',#608,#606,#14886,.T.);
#14884=LINE('',#605,#14887);
#14885=LINE('',#197,#14888);
#14886=LINE('',#607,#14889);
#14887=VECTOR('',#14890,1.0);
#14888=VECTOR('',#14891,1.0);
#14889=VECTOR('',#14892,1.0);
#14890=DIRECTION('',(-0.0036751281067315465,-0.9999932466938961,0));
#14891=DIRECTION('',(-0.002146759041955742,0.999997695710153,0));
#14892=DIRECTION('',(0.9914463807373266,-0.13051465098928883,0));
#14893=FACE_SURFACE('',(#14898),#14894,.T.);
#14894=PLANE('',#14895);
#14895=AXIS2_PLACEMENT_3D('',#607,#14896,#14897);
#14896=DIRECTION('',(0,-0,-1));
#14897=DIRECTION('',(0.002146759041955742,-0.999997695710153,0));
#14898=FACE_BOUND('',#14899,.T.);
#14899=EDGE_LOOP('',(#14900,#14901,#14902));
#14900=ORIENTED_EDGE('',*,*,#14903,.T.);
#14901=ORIENTED_EDGE('',*,*,#14904,.T.);
#14902=ORIENTED_EDGE('',*,*,#14905,.T.);
#14903=EDGE_CURVE('',#608,#198,#14906,.F.);
#14904=EDGE_CURVE('',#198,#196,#14907,.T.);
#14905=EDGE_CURVE('',#196,#608,#14908,.T.);
#14906=LINE('',#607,#14909);
#14907=LINE('',#197,#14910);
#14908=LINE('',#195,#14911);
#14909=VECTOR('',#14912,1.0);
#14910=VECTOR('',#14913,1.0);
#14911=VECTOR('',#14914,1.0);
#14912=DIRECTION('',(0.002146759041955742,-0.999997695710153,0));
#14913=DIRECTION('',(-0.9914462454770343,-0.13051567848152362,0));
#14914=DIRECTION('',(0.003571871591318776,0.9999936208463206,0));
#14915=FACE_SURFACE('',(#14920),#14916,.T.);
#14916=PLANE('',#14917);
#14917=AXIS2_PLACEMENT_3D('',#607,#14918,#14919);
#14918=DIRECTION('',(-0,0,-1));
#14919=DIRECTION('',(-0.003571871591318776,-0.9999936208463206,0));
#14920=FACE_BOUND('',#14921,.T.);
#14921=EDGE_LOOP('',(#14922,#14923,#14924));
#14922=ORIENTED_EDGE('',*,*,#14925,.T.);
#14923=ORIENTED_EDGE('',*,*,#14926,.T.);
#14924=ORIENTED_EDGE('',*,*,#14927,.T.);
#14925=EDGE_CURVE('',#608,#196,#14928,.F.);
#14926=EDGE_CURVE('',#196,#610,#14929,.T.);
#14927=EDGE_CURVE('',#610,#608,#14930,.T.);
#14928=LINE('',#607,#14931);
#14929=LINE('',#195,#14932);
#14930=LINE('',#609,#14933);
#14931=VECTOR('',#14934,1.0);
#14932=VECTOR('',#14935,1.0);
#14933=VECTOR('',#14936,1.0);
#14934=DIRECTION('',(-0.003571871591318776,-0.9999936208463206,0));
#14935=DIRECTION('',(-0.0018419380704280083,0.9999983036306335,0));
#14936=DIRECTION('',(0.9238811838122566,-0.38267944574756485,0));
#14937=FACE_SURFACE('',(#14942),#14938,.T.);
#14938=PLANE('',#14939);
#14939=AXIS2_PLACEMENT_3D('',#609,#14940,#14941);
#14940=DIRECTION('',(0,-0,-1));
#14941=DIRECTION('',(0.0018419380704280083,-0.9999983036306335,0));
#14942=FACE_BOUND('',#14943,.T.);
#14943=EDGE_LOOP('',(#14944,#14945,#14946));
#14944=ORIENTED_EDGE('',*,*,#14947,.T.);
#14945=ORIENTED_EDGE('',*,*,#14948,.T.);
#14946=ORIENTED_EDGE('',*,*,#14949,.T.);
#14947=EDGE_CURVE('',#610,#196,#14950,.F.);
#14948=EDGE_CURVE('',#196,#194,#14951,.T.);
#14949=EDGE_CURVE('',#194,#610,#14952,.T.);
#14950=LINE('',#609,#14953);
#14951=LINE('',#195,#14954);
#14952=LINE('',#193,#14955);
#14953=VECTOR('',#14956,1.0);
#14954=VECTOR('',#14957,1.0);
#14955=VECTOR('',#14958,1.0);
#14956=DIRECTION('',(0.0018419380704280083,-0.9999983036306335,0));
#14957=DIRECTION('',(-0.9238845490491588,-0.3826713211467935,0));
#14958=DIRECTION('',(0.0034659206606606845,0.9999939936789491,0));
#14959=FACE_SURFACE('',(#14964),#14960,.T.);
#14960=PLANE('',#14961);
#14961=AXIS2_PLACEMENT_3D('',#609,#14962,#14963);
#14962=DIRECTION('',(-0,0,-1));
#14963=DIRECTION('',(-0.0034659206606606845,-0.9999939936789491,0));
#14964=FACE_BOUND('',#14965,.T.);
#14965=EDGE_LOOP('',(#14966,#14967,#14968));
#14966=ORIENTED_EDGE('',*,*,#14969,.T.);
#14967=ORIENTED_EDGE('',*,*,#14970,.T.);
#14968=ORIENTED_EDGE('',*,*,#14971,.T.);
#14969=EDGE_CURVE('',#610,#194,#14972,.F.);
#14970=EDGE_CURVE('',#194,#612,#14973,.T.);
#14971=EDGE_CURVE('',#612,#610,#14974,.T.);
#14972=LINE('',#609,#14975);
#14973=LINE('',#193,#14976);
#14974=LINE('',#611,#14977);
#14975=VECTOR('',#14978,1.0);
#14976=VECTOR('',#14979,1.0);
#14977=VECTOR('',#14980,1.0);
#14978=DIRECTION('',(-0.0034659206606606845,-0.9999939936789491,0));
#14979=DIRECTION('',(-0.0011619387765913693,0.9999993249489119,0));
#14980=DIRECTION('',(0.793342502756077,-0.6087755524992146,0));
#14981=FACE_SURFACE('',(#14986),#14982,.T.);
#14982=PLANE('',#14983);
#14983=AXIS2_PLACEMENT_3D('',#611,#14984,#14985);
#14984=DIRECTION('',(0,-0,-1));
#14985=DIRECTION('',(0.0011619387765913693,-0.9999993249489119,0));
#14986=FACE_BOUND('',#14987,.T.);
#14987=EDGE_LOOP('',(#14988,#14989,#14990));
#14988=ORIENTED_EDGE('',*,*,#14991,.T.);
#14989=ORIENTED_EDGE('',*,*,#14992,.T.);
#14990=ORIENTED_EDGE('',*,*,#14993,.T.);
#14991=EDGE_CURVE('',#612,#194,#14994,.F.);
#14992=EDGE_CURVE('',#194,#192,#14995,.T.);
#14993=EDGE_CURVE('',#192,#612,#14996,.T.);
#14994=LINE('',#611,#14997);
#14995=LINE('',#193,#14998);
#14996=LINE('',#191,#14999);
#14997=VECTOR('',#15000,1.0);
#14998=VECTOR('',#15001,1.0);
#14999=VECTOR('',#15002,1.0);
#15000=DIRECTION('',(0.0011619387765913693,-0.9999993249489119,0));
#15001=DIRECTION('',(-0.7933367553795735,-0.6087830422768121,0));
#15002=DIRECTION('',(0.003364540953797391,0.9999943399160668,0));
#15003=FACE_SURFACE('',(#15008),#15004,.T.);
#15004=PLANE('',#15005);
#15005=AXIS2_PLACEMENT_3D('',#611,#15006,#15007);
#15006=DIRECTION('',(-0,0,-1));
#15007=DIRECTION('',(-0.003364540953797391,-0.9999943399160668,0));
#15008=FACE_BOUND('',#15009,.T.);
#15009=EDGE_LOOP('',(#15010,#15011,#15012));
#15010=ORIENTED_EDGE('',*,*,#15013,.T.);
#15011=ORIENTED_EDGE('',*,*,#15014,.T.);
#15012=ORIENTED_EDGE('',*,*,#15015,.T.);
#15013=EDGE_CURVE('',#612,#192,#15016,.F.);
#15014=EDGE_CURVE('',#192,#614,#15017,.T.);
#15015=EDGE_CURVE('',#614,#612,#15018,.T.);
#15016=LINE('',#611,#15019);
#15017=LINE('',#191,#15020);
#15018=LINE('',#613,#15021);
#15019=VECTOR('',#15022,1.0);
#15020=VECTOR('',#15023,1.0);
#15021=VECTOR('',#15024,1.0);
#15022=DIRECTION('',(-0.003364540953797391,-0.9999943399160668,0));
#15023=DIRECTION('',(-0.00016409232854226367,0.9999999865368537,0));
#15024=DIRECTION('',(0.6087635579670773,-0.7933517066794935,0));
#15025=FACE_SURFACE('',(#15030),#15026,.T.);
#15026=PLANE('',#15027);
#15027=AXIS2_PLACEMENT_3D('',#613,#15028,#15029);
#15028=DIRECTION('',(0,-0,-1));
#15029=DIRECTION('',(0.00016409232854226367,-0.9999999865368537,0));
#15030=FACE_BOUND('',#15031,.T.);
#15031=EDGE_LOOP('',(#15032,#15033,#15034));
#15032=ORIENTED_EDGE('',*,*,#15035,.T.);
#15033=ORIENTED_EDGE('',*,*,#15036,.T.);
#15034=ORIENTED_EDGE('',*,*,#15037,.T.);
#15035=EDGE_CURVE('',#614,#192,#15038,.F.);
#15036=EDGE_CURVE('',#192,#190,#15039,.T.);
#15037=EDGE_CURVE('',#190,#614,#15040,.T.);
#15038=LINE('',#613,#15041);
#15039=LINE('',#191,#15042);
#15040=LINE('',#189,#15043);
#15041=VECTOR('',#15044,1.0);
#15042=VECTOR('',#15045,1.0);
#15043=VECTOR('',#15046,1.0);
#15044=DIRECTION('',(0.00016409232854226367,-0.9999999865368537,0));
#15045=DIRECTION('',(-0.6087830422768121,-0.7933367553795735,0));
#15046=DIRECTION('',(0.0032756612715240537,0.9999946350072256,0));
#15047=FACE_SURFACE('',(#15052),#15048,.T.);
#15048=PLANE('',#15049);
#15049=AXIS2_PLACEMENT_3D('',#613,#15050,#15051);
#15050=DIRECTION('',(-0,0,-1));
#15051=DIRECTION('',(-0.0032756612715240537,-0.9999946350072256,0));
#15052=FACE_BOUND('',#15053,.T.);
#15053=EDGE_LOOP('',(#15054,#15055,#15056));
#15054=ORIENTED_EDGE('',*,*,#15057,.T.);
#15055=ORIENTED_EDGE('',*,*,#15058,.T.);
#15056=ORIENTED_EDGE('',*,*,#15059,.T.);
#15057=EDGE_CURVE('',#614,#190,#15060,.F.);
#15058=EDGE_CURVE('',#190,#850,#15061,.T.);
#15059=EDGE_CURVE('',#850,#614,#15062,.T.);
#15060=LINE('',#613,#15063);
#15061=LINE('',#189,#15064);
#15062=LINE('',#849,#15065);
#15063=VECTOR('',#15066,1.0);
#15064=VECTOR('',#15067,1.0);
#15065=VECTOR('',#15068,1.0);
#15066=DIRECTION('',(-0.0032756612715240537,-0.9999946350072256,0));
#15067=DIRECTION('',(-0.03370353783892611,0.9994318743852129,0));
#15068=DIRECTION('',(0.5021662800016805,-0.8647710837148026,0));
#15069=FACE_SURFACE('',(#15074),#15070,.T.);
#15070=PLANE('',#15071);
#15071=AXIS2_PLACEMENT_3D('',#849,#15072,#15073);
#15072=DIRECTION('',(0,0,-1));
#15073=DIRECTION('',(0.03370353783892611,-0.9994318743852129,0));
#15074=FACE_BOUND('',#15075,.T.);
#15075=EDGE_LOOP('',(#15076,#15077,#15078));
#15076=ORIENTED_EDGE('',*,*,#15079,.T.);
#15077=ORIENTED_EDGE('',*,*,#15080,.T.);
#15078=ORIENTED_EDGE('',*,*,#15081,.T.);
#15079=EDGE_CURVE('',#850,#190,#15082,.F.);
#15080=EDGE_CURVE('',#190,#844,#15083,.T.);
#15081=EDGE_CURVE('',#844,#850,#15084,.T.);
#15082=LINE('',#849,#15085);
#15083=LINE('',#189,#15086);
#15084=LINE('',#843,#15087);
#15085=VECTOR('',#15088,1.0);
#15086=VECTOR('',#15089,1.0);
#15087=VECTOR('',#15090,1.0);
#15088=DIRECTION('',(0.03370353783892611,-0.9994318743852129,0));
#15089=DIRECTION('',(-0.4813386448508325,-0.8765347163536444,0));
#15090=DIRECTION('',(0,1,0));
#15091=FACE_SURFACE('',(#15096),#15092,.T.);
#15092=PLANE('',#15093);
#15093=AXIS2_PLACEMENT_3D('',#843,#15094,#15095);
#15094=DIRECTION('',(0,0,-1));
#15095=DIRECTION('',(0.4813386448508325,0.8765347163536444,0));
#15096=FACE_BOUND('',#15097,.T.);
#15097=EDGE_LOOP('',(#15098,#15099,#15100));
#15098=ORIENTED_EDGE('',*,*,#15101,.T.);
#15099=ORIENTED_EDGE('',*,*,#15102,.T.);
#15100=ORIENTED_EDGE('',*,*,#15103,.T.);
#15101=EDGE_CURVE('',#844,#190,#15104,.F.);
#15102=EDGE_CURVE('',#190,#188,#15105,.T.);
#15103=EDGE_CURVE('',#188,#844,#15106,.T.);
#15104=LINE('',#843,#15107);
#15105=LINE('',#189,#15108);
#15106=LINE('',#187,#15109);
#15107=VECTOR('',#15110,1.0);
#15108=VECTOR('',#15111,1.0);
#15109=VECTOR('',#15112,1.0);
#15110=DIRECTION('',(0.4813386448508325,0.8765347163536444,0));
#15111=DIRECTION('',(-0.3826713211467935,-0.9238845490491588,0));
#15112=DIRECTION('',(-0.4891402879342476,-0.8722051242222792,0));
#15113=FACE_SURFACE('',(#15118),#15114,.T.);
#15114=PLANE('',#15115);
#15115=AXIS2_PLACEMENT_3D('',#417,#15116,#15117);
#15116=DIRECTION('',(0,0,-1));
#15117=DIRECTION('',(0.9238658530077329,-0.3827164559387198,0));
#15118=FACE_BOUND('',#15119,.T.);
#15119=EDGE_LOOP('',(#15120,#15121,#15122));
#15120=ORIENTED_EDGE('',*,*,#15123,.T.);
#15121=ORIENTED_EDGE('',*,*,#15124,.T.);
#15122=ORIENTED_EDGE('',*,*,#15125,.T.);
#15123=EDGE_CURVE('',#418,#416,#15126,.F.);
#15124=EDGE_CURVE('',#416,#840,#15127,.T.);
#15125=EDGE_CURVE('',#840,#418,#15128,.T.);
#15126=LINE('',#417,#15129);
#15127=LINE('',#415,#15130);
#15128=LINE('',#839,#15131);
#15129=VECTOR('',#15132,1.0);
#15130=VECTOR('',#15133,1.0);
#15131=VECTOR('',#15134,1.0);
#15132=DIRECTION('',(0.9238658530077329,-0.3827164559387198,0));
#15133=DIRECTION('',(0.8667478236816509,-0.49874663922990187,0));
#15134=DIRECTION('',(-0.871514777777478,0.4903692405886337,0));
#15135=FACE_SURFACE('',(#15140),#15136,.T.);
#15136=PLANE('',#15137);
#15137=AXIS2_PLACEMENT_3D('',#839,#15138,#15139);
#15138=DIRECTION('',(0,0,-1));
#15139=DIRECTION('',(-0.8667478236816509,0.49874663922990187,0));
#15140=FACE_BOUND('',#15141,.T.);
#15141=EDGE_LOOP('',(#15142,#15143,#15144));
#15142=ORIENTED_EDGE('',*,*,#15145,.T.);
#15143=ORIENTED_EDGE('',*,*,#15146,.T.);
#15144=ORIENTED_EDGE('',*,*,#15147,.T.);
#15145=EDGE_CURVE('',#840,#416,#15148,.F.);
#15146=EDGE_CURVE('',#416,#414,#15149,.T.);
#15147=EDGE_CURVE('',#414,#840,#15150,.T.);
#15148=LINE('',#839,#15151);
#15149=LINE('',#415,#15152);
#15150=LINE('',#413,#15153);
#15151=VECTOR('',#15154,1.0);
#15152=VECTOR('',#15155,1.0);
#15153=VECTOR('',#15156,1.0);
#15154=DIRECTION('',(-0.8667478236816509,0.49874663922990187,0));
#15155=DIRECTION('',(0.9914487842138389,-0.13049639183096454,0));
#15156=DIRECTION('',(0.8496994520927377,-0.5272673336300111,0));
#15157=FACE_SURFACE('',(#15162),#15158,.T.);
#15158=PLANE('',#15159);
#15159=AXIS2_PLACEMENT_3D('',#839,#15160,#15161);
#15160=DIRECTION('',(0,0,-1));
#15161=DIRECTION('',(-0.8496994520927377,0.5272673336300111,0));
#15162=FACE_BOUND('',#15163,.T.);
#15163=EDGE_LOOP('',(#15164,#15165,#15166));
#15164=ORIENTED_EDGE('',*,*,#15167,.T.);
#15165=ORIENTED_EDGE('',*,*,#15168,.T.);
#15166=ORIENTED_EDGE('',*,*,#15169,.T.);
#15167=EDGE_CURVE('',#840,#414,#15170,.F.);
#15168=EDGE_CURVE('',#414,#412,#15171,.T.);
#15169=EDGE_CURVE('',#412,#840,#15172,.T.);
#15170=LINE('',#839,#15173);
#15171=LINE('',#413,#15174);
#15172=LINE('',#411,#15175);
#15173=VECTOR('',#15176,1.0);
#15174=VECTOR('',#15177,1.0);
#15175=VECTOR('',#15178,1.0);
#15176=DIRECTION('',(-0.8496994520927377,0.5272673336300111,0));
#15177=DIRECTION('',(0.9914494253387275,0.1304915207801139,0));
#15178=DIRECTION('',(0.8170604785608708,-0.57655197022808,0));
#15179=FACE_SURFACE('',(#15184),#15180,.T.);
#15180=PLANE('',#15181);
#15181=AXIS2_PLACEMENT_3D('',#411,#15182,#15183);
#15182=DIRECTION('',(0,0,-1));
#15183=DIRECTION('',(0.9238658530077329,0.3827164559387198,0));
#15184=FACE_BOUND('',#15185,.T.);
#15185=EDGE_LOOP('',(#15186,#15187,#15188));
#15186=ORIENTED_EDGE('',*,*,#15189,.T.);
#15187=ORIENTED_EDGE('',*,*,#15190,.T.);
#15188=ORIENTED_EDGE('',*,*,#15191,.T.);
#15189=EDGE_CURVE('',#412,#410,#15192,.F.);
#15190=EDGE_CURVE('',#410,#840,#15193,.T.);
#15191=EDGE_CURVE('',#840,#412,#15194,.T.);
#15192=LINE('',#411,#15195);
#15193=LINE('',#409,#15196);
#15194=LINE('',#839,#15197);
#15195=VECTOR('',#15198,1.0);
#15196=VECTOR('',#15199,1.0);
#15197=VECTOR('',#15200,1.0);
#15198=DIRECTION('',(0.9238658530077329,0.3827164559387198,0));
#15199=DIRECTION('',(0.7665968514031154,-0.6421287000429352,0));
#15200=DIRECTION('',(-0.8170604785608708,0.57655197022808,0));
#15201=FACE_SURFACE('',(#15206),#15202,.T.);
#15202=PLANE('',#15203);
#15203=AXIS2_PLACEMENT_3D('',#839,#15204,#15205);
#15204=DIRECTION('',(0,0,-1));
#15205=DIRECTION('',(-0.7665968514031154,0.6421287000429352,0));
#15206=FACE_BOUND('',#15207,.T.);
#15207=EDGE_LOOP('',(#15208,#15209,#15210));
#15208=ORIENTED_EDGE('',*,*,#15211,.T.);
#15209=ORIENTED_EDGE('',*,*,#15212,.T.);
#15210=ORIENTED_EDGE('',*,*,#15213,.T.);
#15211=EDGE_CURVE('',#840,#410,#15214,.F.);
#15212=EDGE_CURVE('',#410,#408,#15215,.T.);
#15213=EDGE_CURVE('',#408,#840,#15216,.T.);
#15214=LINE('',#839,#15217);
#15215=LINE('',#409,#15218);
#15216=LINE('',#407,#15219);
#15217=VECTOR('',#15220,1.0);
#15218=VECTOR('',#15221,1.0);
#15219=VECTOR('',#15222,1.0);
#15220=DIRECTION('',(-0.7665968514031154,0.6421287000429352,0));
#15221=DIRECTION('',(0.793373601943387,0.6087350225996332,0));
#15222=DIRECTION('',(0.7006428368052703,-0.7135121689456062,0));
#15223=FACE_SURFACE('',(#15228),#15224,.T.);
#15224=PLANE('',#15225);
#15225=AXIS2_PLACEMENT_3D('',#839,#15226,#15227);
#15226=DIRECTION('',(0,0,-1));
#15227=DIRECTION('',(-0.7006428368052703,0.7135121689456062,0));
#15228=FACE_BOUND('',#15229,.T.);
#15229=EDGE_LOOP('',(#15230,#15231,#15232));
#15230=ORIENTED_EDGE('',*,*,#15233,.T.);
#15231=ORIENTED_EDGE('',*,*,#15234,.T.);
#15232=ORIENTED_EDGE('',*,*,#15235,.T.);
#15233=EDGE_CURVE('',#840,#408,#15236,.F.);
#15234=EDGE_CURVE('',#408,#406,#15237,.T.);
#15235=EDGE_CURVE('',#406,#840,#15238,.T.);
#15236=LINE('',#839,#15239);
#15237=LINE('',#407,#15240);
#15238=LINE('',#405,#15241);
#15239=VECTOR('',#15242,1.0);
#15240=VECTOR('',#15243,1.0);
#15241=VECTOR('',#15244,1.0);
#15242=DIRECTION('',(-0.7006428368052703,0.7135121689456062,0));
#15243=DIRECTION('',(0.6087350225996753,0.7933736019433548,0));
#15244=DIRECTION('',(0.6283835650504118,-0.7779036541722469,0));
#15245=FACE_SURFACE('',(#15250),#15246,.T.);
#15246=PLANE('',#15247);
#15247=AXIS2_PLACEMENT_3D('',#405,#15248,#15249);
#15248=DIRECTION('',(0,0,-1));
#15249=DIRECTION('',(0.382671008331921,0.9238846786164553,0));
#15250=FACE_BOUND('',#15251,.T.);
#15251=EDGE_LOOP('',(#15252,#15253,#15254));
#15252=ORIENTED_EDGE('',*,*,#15255,.T.);
#15253=ORIENTED_EDGE('',*,*,#15256,.T.);
#15254=ORIENTED_EDGE('',*,*,#15257,.T.);
#15255=EDGE_CURVE('',#406,#404,#15258,.F.);
#15256=EDGE_CURVE('',#404,#840,#15259,.T.);
#15257=EDGE_CURVE('',#840,#406,#15260,.T.);
#15258=LINE('',#405,#15261);
#15259=LINE('',#403,#15262);
#15260=LINE('',#839,#15263);
#15261=VECTOR('',#15264,1.0);
#15262=VECTOR('',#15265,1.0);
#15263=VECTOR('',#15266,1.0);
#15264=DIRECTION('',(0.382671008331921,0.9238846786164553,0));
#15265=DIRECTION('',(0.5627736767552189,-0.8266110262701633,0));
#15266=DIRECTION('',(-0.6283835650504118,0.7779036541722469,0));
#15267=FACE_SURFACE('',(#15272),#15268,.T.);
#15268=PLANE('',#15269);
#15269=AXIS2_PLACEMENT_3D('',#839,#15270,#15271);
#15270=DIRECTION('',(0,0,-1));
#15271=DIRECTION('',(-0.5627736767552189,0.8266110262701633,0));
#15272=FACE_BOUND('',#15273,.T.);
#15273=EDGE_LOOP('',(#15274,#15275,#15276));
#15274=ORIENTED_EDGE('',*,*,#15277,.T.);
#15275=ORIENTED_EDGE('',*,*,#15278,.T.);
#15276=ORIENTED_EDGE('',*,*,#15279,.T.);
#15277=EDGE_CURVE('',#840,#404,#15280,.F.);
#15278=EDGE_CURVE('',#404,#402,#15281,.T.);
#15279=EDGE_CURVE('',#402,#840,#15282,.T.);
#15280=LINE('',#839,#15283);
#15281=LINE('',#403,#15284);
#15282=LINE('',#401,#15285);
#15283=VECTOR('',#15286,1.0);
#15284=VECTOR('',#15287,1.0);
#15285=VECTOR('',#15288,1.0);
#15286=DIRECTION('',(-0.5627736767552189,0.8266110262701633,0));
#15287=DIRECTION('',(0.13053340082785728,0.9914439123159282,0));
#15288=DIRECTION('',(0.5140641731293266,-0.8577517274275009,0));
#15289=FACE_SURFACE('',(#15294),#15290,.T.);
#15290=PLANE('',#15291);
#15291=AXIS2_PLACEMENT_3D('',#839,#15292,#15293);
#15292=DIRECTION('',(0,0,-1));
#15293=DIRECTION('',(-0.5140641731293266,0.8577517274275009,0));
#15294=FACE_BOUND('',#15295,.T.);
#15295=EDGE_LOOP('',(#15296,#15297,#15298));
#15296=ORIENTED_EDGE('',*,*,#15299,.T.);
#15297=ORIENTED_EDGE('',*,*,#15300,.T.);
#15298=ORIENTED_EDGE('',*,*,#15301,.T.);
#15299=EDGE_CURVE('',#840,#402,#15302,.F.);
#15300=EDGE_CURVE('',#402,#400,#15303,.T.);
#15301=EDGE_CURVE('',#400,#840,#15304,.T.);
#15302=LINE('',#839,#15305);
#15303=LINE('',#401,#15306);
#15304=LINE('',#399,#15307);
#15305=VECTOR('',#15308,1.0);
#15306=VECTOR('',#15309,1.0);
#15307=VECTOR('',#15310,1.0);
#15308=DIRECTION('',(-0.5140641731293266,0.8577517274275009,0));
#15309=DIRECTION('',(-0.13053827357286926,0.9914432707586525,0));
#15310=DIRECTION('',(0.4863945379094313,-0.8737392937781103,0));
#15311=FACE_SURFACE('',(#15316),#15312,.T.);
#15312=PLANE('',#15313);
#15313=AXIS2_PLACEMENT_3D('',#399,#15314,#15315);
#15314=DIRECTION('',(0,0,-1));
#15315=DIRECTION('',(-0.38268431955744037,0.9238791650236836,0));
#15316=FACE_BOUND('',#15317,.T.);
#15317=EDGE_LOOP('',(#15318,#15319,#15320));
#15318=ORIENTED_EDGE('',*,*,#15321,.T.);
#15319=ORIENTED_EDGE('',*,*,#15322,.T.);
#15320=ORIENTED_EDGE('',*,*,#15323,.T.);
#15321=EDGE_CURVE('',#400,#398,#15324,.F.);
#15322=EDGE_CURVE('',#398,#840,#15325,.T.);
#15323=EDGE_CURVE('',#840,#400,#15326,.T.);
#15324=LINE('',#399,#15327);
#15325=LINE('',#397,#15328);
#15326=LINE('',#839,#15329);
#15327=VECTOR('',#15330,1.0);
#15328=VECTOR('',#15331,1.0);
#15329=VECTOR('',#15332,1.0);
#15330=DIRECTION('',(-0.38268431955744037,0.9238791650236836,0));
#15331=DIRECTION('',(0.4789004135032348,-0.8778692351064769,0));
#15332=DIRECTION('',(-0.4863945379094313,0.8737392937781103,0));
#15333=FACE_SURFACE('',(#15338),#15334,.T.);
#15334=PLANE('',#15335);
#15335=AXIS2_PLACEMENT_3D('',#571,#15336,#15337);
#15336=DIRECTION('',(-0,0,-1));
#15337=DIRECTION('',(-0.13054201444961414,-0.991442778209331,0));
#15338=FACE_BOUND('',#15339,.T.);
#15339=EDGE_LOOP('',(#15340,#15341,#15342));
#15340=ORIENTED_EDGE('',*,*,#15343,.T.);
#15341=ORIENTED_EDGE('',*,*,#15344,.T.);
#15342=ORIENTED_EDGE('',*,*,#15345,.T.);
#15343=EDGE_CURVE('',#572,#570,#15346,.F.);
#15344=EDGE_CURVE('',#570,#850,#15347,.T.);
#15345=EDGE_CURVE('',#850,#572,#15348,.T.);
#15346=LINE('',#571,#15349);
#15347=LINE('',#569,#15350);
#15348=LINE('',#849,#15351);
#15349=VECTOR('',#15352,1.0);
#15350=VECTOR('',#15353,1.0);
#15351=VECTOR('',#15354,1.0);
#15352=DIRECTION('',(-0.13054201444961414,-0.991442778209331,0));
#15353=DIRECTION('',(-0.5399221996201784,0.84171492701348,0));
#15354=DIRECTION('',(0.5885041349602341,-0.8084942072363328,0));
#15355=FACE_SURFACE('',(#15360),#15356,.T.);
#15356=PLANE('',#15357);
#15357=AXIS2_PLACEMENT_3D('',#849,#15358,#15359);
#15358=DIRECTION('',(0,0,-1));
#15359=DIRECTION('',(0.5399221996201784,-0.84171492701348,0));
#15360=FACE_BOUND('',#15361,.T.);
#15361=EDGE_LOOP('',(#15362,#15363,#15364));
#15362=ORIENTED_EDGE('',*,*,#15365,.T.);
#15363=ORIENTED_EDGE('',*,*,#15366,.T.);
#15364=ORIENTED_EDGE('',*,*,#15367,.T.);
#15365=EDGE_CURVE('',#850,#570,#15368,.F.);
#15366=EDGE_CURVE('',#570,#616,#15369,.T.);
#15367=EDGE_CURVE('',#616,#850,#15370,.T.);
#15368=LINE('',#849,#15371);
#15369=LINE('',#569,#15372);
#15370=LINE('',#615,#15373);
#15371=VECTOR('',#15374,1.0);
#15372=VECTOR('',#15375,1.0);
#15373=VECTOR('',#15376,1.0);
#15374=DIRECTION('',(0.5399221996201784,-0.84171492701348,0));
#15375=DIRECTION('',(0.13054078122086607,-0.9914429405862176,0));
#15376=DIRECTION('',(-0.5112505097634563,0.8594317403183375,0));
#15377=FACE_SURFACE('',(#15382),#15378,.T.);
#15378=PLANE('',#15379);
#15379=AXIS2_PLACEMENT_3D('',#849,#15380,#15381);
#15380=DIRECTION('',(0,0,-1));
#15381=DIRECTION('',(0.5112505097634563,-0.8594317403183375,0));
#15382=FACE_BOUND('',#15383,.T.);
#15383=EDGE_LOOP('',(#15384,#15385,#15386));
#15384=ORIENTED_EDGE('',*,*,#15387,.T.);
#15385=ORIENTED_EDGE('',*,*,#15388,.T.);
#15386=ORIENTED_EDGE('',*,*,#15389,.T.);
#15387=EDGE_CURVE('',#850,#616,#15390,.F.);
#15388=EDGE_CURVE('',#616,#614,#15391,.T.);
#15389=EDGE_CURVE('',#614,#850,#15392,.T.);
#15390=LINE('',#849,#15393);
#15391=LINE('',#615,#15394);
#15392=LINE('',#613,#15395);
#15393=VECTOR('',#15396,1.0);
#15394=VECTOR('',#15397,1.0);
#15395=VECTOR('',#15398,1.0);
#15396=DIRECTION('',(0.5112505097634563,-0.8594317403183375,0));
#15397=DIRECTION('',(0.38266933918522245,-0.9238853699715919,0));
#15398=DIRECTION('',(-0.5021662800016805,0.8647710837148026,0));
#15399=FACE_SURFACE('',(#15404),#15400,.T.);
#15400=PLANE('',#15401);
#15401=AXIS2_PLACEMENT_3D('',#761,#15402,#15403);
#15402=DIRECTION('',(0,0,-1));
#15403=DIRECTION('',(-0.9295985832501521,0.3685735666312903,0));
#15404=FACE_BOUND('',#15405,.T.);
#15405=EDGE_LOOP('',(#15406,#15407,#15408));
#15406=ORIENTED_EDGE('',*,*,#15409,.T.);
#15407=ORIENTED_EDGE('',*,*,#15410,.T.);
#15408=ORIENTED_EDGE('',*,*,#15411,.T.);
#15409=EDGE_CURVE('',#762,#600,#15412,.F.);
#15410=EDGE_CURVE('',#600,#764,#15413,.T.);
#15411=EDGE_CURVE('',#764,#762,#15414,.T.);
#15412=LINE('',#761,#15415);
#15413=LINE('',#599,#15416);
#15414=LINE('',#763,#15417);
#15415=VECTOR('',#15418,1.0);
#15416=VECTOR('',#15419,1.0);
#15417=VECTOR('',#15420,1.0);
#15418=DIRECTION('',(-0.9295985832501521,0.3685735666312903,0));
#15419=DIRECTION('',(0.9313527639777432,-0.36411815257003893,0));
#15420=DIRECTION('',(-0.1305369052181005,-0.991443450921978,0));
#15421=FACE_SURFACE('',(#15426),#15422,.T.);
#15422=PLANE('',#15423);
#15423=AXIS2_PLACEMENT_3D('',#763,#15424,#15425);
#15424=DIRECTION('',(0,0,-1));
#15425=DIRECTION('',(-0.9313527639777432,0.36411815257003893,0));
#15426=FACE_BOUND('',#15427,.T.);
#15427=EDGE_LOOP('',(#15428,#15429,#15430));
#15428=ORIENTED_EDGE('',*,*,#15431,.T.);
#15429=ORIENTED_EDGE('',*,*,#15432,.T.);
#15430=ORIENTED_EDGE('',*,*,#15433,.T.);
#15431=EDGE_CURVE('',#764,#600,#15434,.F.);
#15432=EDGE_CURVE('',#600,#598,#15435,.T.);
#15433=EDGE_CURVE('',#598,#764,#15436,.T.);
#15434=LINE('',#763,#15437);
#15435=LINE('',#599,#15438);
#15436=LINE('',#597,#15439);
#15437=VECTOR('',#15440,1.0);
#15438=VECTOR('',#15441,1.0);
#15439=VECTOR('',#15442,1.0);
#15440=DIRECTION('',(-0.9313527639777432,0.36411815257003893,0));
#15441=DIRECTION('',(0.6087635579670773,0.7933517066794935,0));
#15442=DIRECTION('',(0.929710586486911,-0.3682909520666562,0));
#15443=FACE_SURFACE('',(#15448),#15444,.T.);
#15444=PLANE('',#15445);
#15445=AXIS2_PLACEMENT_3D('',#763,#15446,#15447);
#15446=DIRECTION('',(0,0,-1));
#15447=DIRECTION('',(-0.929710586486911,0.3682909520666562,0));
#15448=FACE_BOUND('',#15449,.T.);
#15449=EDGE_LOOP('',(#15450,#15451,#15452));
#15450=ORIENTED_EDGE('',*,*,#15453,.T.);
#15451=ORIENTED_EDGE('',*,*,#15454,.T.);
#15452=ORIENTED_EDGE('',*,*,#15455,.T.);
#15453=EDGE_CURVE('',#764,#598,#15456,.F.);
#15454=EDGE_CURVE('',#598,#766,#15457,.T.);
#15455=EDGE_CURVE('',#766,#764,#15458,.T.);
#15456=LINE('',#763,#15459);
#15457=LINE('',#597,#15460);
#15458=LINE('',#765,#15461);
#15459=VECTOR('',#15462,1.0);
#15460=VECTOR('',#15463,1.0);
#15461=VECTOR('',#15464,1.0);
#15462=DIRECTION('',(-0.929710586486911,0.3682909520666562,0));
#15463=DIRECTION('',(0.9315196048970763,-0.3636911130236684,0));
#15464=DIRECTION('',(-0.38266330894066647,-0.9238878676498463,0));
#15465=FACE_SURFACE('',(#15470),#15466,.T.);
#15466=PLANE('',#15467);
#15467=AXIS2_PLACEMENT_3D('',#765,#15468,#15469);
#15468=DIRECTION('',(0,0,-1));
#15469=DIRECTION('',(-0.9315196048970763,0.3636911130236684,0));
#15470=FACE_BOUND('',#15471,.T.);
#15471=EDGE_LOOP('',(#15472,#15473,#15474));
#15472=ORIENTED_EDGE('',*,*,#15475,.T.);
#15473=ORIENTED_EDGE('',*,*,#15476,.T.);
#15474=ORIENTED_EDGE('',*,*,#15477,.T.);
#15475=EDGE_CURVE('',#766,#598,#15478,.F.);
#15476=EDGE_CURVE('',#598,#596,#15479,.T.);
#15477=EDGE_CURVE('',#596,#766,#15480,.T.);
#15478=LINE('',#765,#15481);
#15479=LINE('',#597,#15482);
#15480=LINE('',#595,#15483);
#15481=VECTOR('',#15484,1.0);
#15482=VECTOR('',#15485,1.0);
#15483=VECTOR('',#15486,1.0);
#15484=DIRECTION('',(-0.9315196048970763,0.3636911130236684,0));
#15485=DIRECTION('',(0.38266933918522245,0.9238853699715919,0));
#15486=DIRECTION('',(0.9298119473430764,-0.36803497466691426,0));
#15487=FACE_SURFACE('',(#15492),#15488,.T.);
#15488=PLANE('',#15489);
#15489=AXIS2_PLACEMENT_3D('',#765,#15490,#15491);
#15490=DIRECTION('',(0,0,-1));
#15491=DIRECTION('',(-0.9298119473430764,0.36803497466691426,0));
#15492=FACE_BOUND('',#15493,.T.);
#15493=EDGE_LOOP('',(#15494,#15495,#15496));
#15494=ORIENTED_EDGE('',*,*,#15497,.T.);
#15495=ORIENTED_EDGE('',*,*,#15498,.T.);
#15496=ORIENTED_EDGE('',*,*,#15499,.T.);
#15497=EDGE_CURVE('',#766,#596,#15500,.F.);
#15498=EDGE_CURVE('',#596,#768,#15501,.T.);
#15499=EDGE_CURVE('',#768,#766,#15502,.T.);
#15500=LINE('',#765,#15503);
#15501=LINE('',#595,#15504);
#15502=LINE('',#767,#15505);
#15503=VECTOR('',#15506,1.0);
#15504=VECTOR('',#15507,1.0);
#15505=VECTOR('',#15508,1.0);
#15506=DIRECTION('',(-0.9298119473430764,0.36803497466691426,0));
#15507=DIRECTION('',(0.9315489455296588,-0.3636159541089755,0));
#15508=DIRECTION('',(-0.6087798048722535,-0.7933392396570972,0));
#15509=FACE_SURFACE('',(#15514),#15510,.T.);
#15510=PLANE('',#15511);
#15511=AXIS2_PLACEMENT_3D('',#767,#15512,#15513);
#15512=DIRECTION('',(0,0,-1));
#15513=DIRECTION('',(-0.9315489455296588,0.3636159541089755,0));
#15514=FACE_BOUND('',#15515,.T.);
#15515=EDGE_LOOP('',(#15516,#15517,#15518));
#15516=ORIENTED_EDGE('',*,*,#15519,.T.);
#15517=ORIENTED_EDGE('',*,*,#15520,.T.);
#15518=ORIENTED_EDGE('',*,*,#15521,.T.);
#15519=EDGE_CURVE('',#768,#596,#15522,.F.);
#15520=EDGE_CURVE('',#596,#842,#15523,.T.);
#15521=EDGE_CURVE('',#842,#768,#15524,.T.);
#15522=LINE('',#767,#15525);
#15523=LINE('',#595,#15526);
#15524=LINE('',#841,#15527);
#15525=VECTOR('',#15528,1.0);
#15526=VECTOR('',#15529,1.0);
#15527=VECTOR('',#15530,1.0);
#15528=DIRECTION('',(-0.9315489455296588,0.3636159541089755,0));
#15529=DIRECTION('',(0.9986880918626213,0.05120639776235383,0));
#15530=DIRECTION('',(-0.13154710721262453,-0.9913099205515852,0));
#15531=FACE_SURFACE('',(#15536),#15532,.T.);
#15532=PLANE('',#15533);
#15533=AXIS2_PLACEMENT_3D('',#767,#15534,#15535);
#15534=DIRECTION('',(0,0,-1));
#15535=DIRECTION('',(0.13154710721262453,0.9913099205515852,0));
#15536=FACE_BOUND('',#15537,.T.);
#15537=EDGE_LOOP('',(#15538,#15539,#15540));
#15538=ORIENTED_EDGE('',*,*,#15541,.T.);
#15539=ORIENTED_EDGE('',*,*,#15542,.T.);
#15540=ORIENTED_EDGE('',*,*,#15543,.T.);
#15541=EDGE_CURVE('',#768,#842,#15544,.F.);
#15542=EDGE_CURVE('',#842,#770,#15545,.T.);
#15543=EDGE_CURVE('',#770,#768,#15546,.T.);
#15544=LINE('',#767,#15547);
#15545=LINE('',#841,#15548);
#15546=LINE('',#769,#15549);
#15547=VECTOR('',#15550,1.0);
#15548=VECTOR('',#15551,1.0);
#15549=VECTOR('',#15552,1.0);
#15550=DIRECTION('',(0.13154710721262453,0.9913099205515852,0));
#15551=DIRECTION('',(-0.12319888945634742,-0.9923819998552588,0));
#15552=DIRECTION('',(-0.7933479308247887,-0.6087684786977939,0));
#15553=FACE_SURFACE('',(#15558),#15554,.T.);
#15554=PLANE('',#15555);
#15555=AXIS2_PLACEMENT_3D('',#769,#15556,#15557);
#15556=DIRECTION('',(0,0,-1));
#15557=DIRECTION('',(0.12319888945634742,0.9923819998552588,0));
#15558=FACE_BOUND('',#15559,.T.);
#15559=EDGE_LOOP('',(#15560,#15561,#15562));
#15560=ORIENTED_EDGE('',*,*,#15563,.T.);
#15561=ORIENTED_EDGE('',*,*,#15564,.T.);
#15562=ORIENTED_EDGE('',*,*,#15565,.T.);
#15563=EDGE_CURVE('',#770,#842,#15566,.F.);
#15564=EDGE_CURVE('',#842,#772,#15567,.T.);
#15565=EDGE_CURVE('',#772,#770,#15568,.T.);
#15566=LINE('',#769,#15569);
#15567=LINE('',#841,#15570);
#15568=LINE('',#771,#15571);
#15569=VECTOR('',#15572,1.0);
#15570=VECTOR('',#15573,1.0);
#15571=VECTOR('',#15574,1.0);
#15572=DIRECTION('',(0.12319888945634742,0.9923819998552588,0));
#15573=DIRECTION('',(-0.11284799855711142,-0.9936122630189576,0));
#15574=DIRECTION('',(-0.9238841406354295,-0.3826723071798299,0));
#15575=FACE_SURFACE('',(#15580),#15576,.T.);
#15576=PLANE('',#15577);
#15577=AXIS2_PLACEMENT_3D('',#771,#15578,#15579);
#15578=DIRECTION('',(0,0,-1));
#15579=DIRECTION('',(0.11284799855711142,0.9936122630189576,0));
#15580=FACE_BOUND('',#15581,.T.);
#15581=EDGE_LOOP('',(#15582,#15583,#15584));
#15582=ORIENTED_EDGE('',*,*,#15585,.T.);
#15583=ORIENTED_EDGE('',*,*,#15586,.T.);
#15584=ORIENTED_EDGE('',*,*,#15587,.T.);
#15585=EDGE_CURVE('',#772,#842,#15588,.F.);
#15586=EDGE_CURVE('',#842,#774,#15589,.T.);
#15587=EDGE_CURVE('',#774,#772,#15590,.T.);
#15588=LINE('',#771,#15591);
#15589=LINE('',#841,#15592);
#15590=LINE('',#773,#15593);
#15591=VECTOR('',#15594,1.0);
#15592=VECTOR('',#15595,1.0);
#15593=VECTOR('',#15596,1.0);
#15594=DIRECTION('',(0.11284799855711142,0.9936122630189576,0));
#15595=DIRECTION('',(-0.10125163918459366,-0.9948608473361654,0));
#15596=DIRECTION('',(-0.9914431442783127,-0.13053923419237923,0));
#15597=FACE_SURFACE('',(#15602),#15598,.T.);
#15598=PLANE('',#15599);
#15599=AXIS2_PLACEMENT_3D('',#773,#15600,#15601);
#15600=DIRECTION('',(0,0,-1));
#15601=DIRECTION('',(0.10125163918459366,0.9948608473361654,0));
#15602=FACE_BOUND('',#15603,.T.);
#15603=EDGE_LOOP('',(#15604,#15605,#15606));
#15604=ORIENTED_EDGE('',*,*,#15607,.T.);
#15605=ORIENTED_EDGE('',*,*,#15608,.T.);
#15606=ORIENTED_EDGE('',*,*,#15609,.T.);
#15607=EDGE_CURVE('',#774,#842,#15610,.F.);
#15608=EDGE_CURVE('',#842,#776,#15611,.T.);
#15609=EDGE_CURVE('',#776,#774,#15612,.T.);
#15610=LINE('',#773,#15613);
#15611=LINE('',#841,#15614);
#15612=LINE('',#775,#15615);
#15613=VECTOR('',#15616,1.0);
#15614=VECTOR('',#15617,1.0);
#15615=VECTOR('',#15618,1.0);
#15616=DIRECTION('',(0.10125163918459366,0.9948608473361654,0));
#15617=DIRECTION('',(-0.0892971938987692,-0.9960050256709578,0));
#15618=DIRECTION('',(-0.9914431442783137,0.13053923419237096,0));
#15619=FACE_SURFACE('',(#15624),#15620,.T.);
#15620=PLANE('',#15621);
#15621=AXIS2_PLACEMENT_3D('',#775,#15622,#15623);
#15622=DIRECTION('',(0,0,-1));
#15623=DIRECTION('',(0.0892971938987692,0.9960050256709578,0));
#15624=FACE_BOUND('',#15625,.T.);
#15625=EDGE_LOOP('',(#15626,#15627,#15628));
#15626=ORIENTED_EDGE('',*,*,#15629,.T.);
#15627=ORIENTED_EDGE('',*,*,#15630,.T.);
#15628=ORIENTED_EDGE('',*,*,#15631,.T.);
#15629=EDGE_CURVE('',#776,#842,#15632,.F.);
#15630=EDGE_CURVE('',#842,#778,#15633,.T.);
#15631=EDGE_CURVE('',#778,#776,#15634,.T.);
#15632=LINE('',#775,#15635);
#15633=LINE('',#841,#15636);
#15634=LINE('',#777,#15637);
#15635=VECTOR('',#15638,1.0);
#15636=VECTOR('',#15639,1.0);
#15637=VECTOR('',#15640,1.0);
#15638=DIRECTION('',(0.0892971938987692,0.9960050256709578,0));
#15639=DIRECTION('',(-0.07791287650895641,-0.9969601715585734,0));
#15640=DIRECTION('',(-0.92388414063542,0.3826723071798525,0));
#15641=FACE_SURFACE('',(#15646),#15642,.T.);
#15642=PLANE('',#15643);
#15643=AXIS2_PLACEMENT_3D('',#777,#15644,#15645);
#15644=DIRECTION('',(0,0,-1));
#15645=DIRECTION('',(0.07791287650895641,0.9969601715585734,0));
#15646=FACE_BOUND('',#15647,.T.);
#15647=EDGE_LOOP('',(#15648,#15649,#15650));
#15648=ORIENTED_EDGE('',*,*,#15651,.T.);
#15649=ORIENTED_EDGE('',*,*,#15652,.T.);
#15650=ORIENTED_EDGE('',*,*,#15653,.T.);
#15651=EDGE_CURVE('',#778,#842,#15654,.F.);
#15652=EDGE_CURVE('',#842,#780,#15655,.T.);
#15653=EDGE_CURVE('',#780,#778,#15656,.T.);
#15654=LINE('',#777,#15657);
#15655=LINE('',#841,#15658);
#15656=LINE('',#779,#15659);
#15657=VECTOR('',#15660,1.0);
#15658=VECTOR('',#15661,1.0);
#15659=VECTOR('',#15662,1.0);
#15660=DIRECTION('',(0.07791287650895641,0.9969601715585734,0));
#15661=DIRECTION('',(-0.06796930540086539,-0.9976874127317252,0));
#15662=DIRECTION('',(-0.7933479308247887,0.6087684786977939,0));
#15663=FACE_SURFACE('',(#15668),#15664,.T.);
#15664=PLANE('',#15665);
#15665=AXIS2_PLACEMENT_3D('',#779,#15666,#15667);
#15666=DIRECTION('',(0,0,-1));
#15667=DIRECTION('',(0.06796930540086539,0.9976874127317252,0));
#15668=FACE_BOUND('',#15669,.T.);
#15669=EDGE_LOOP('',(#15670,#15671,#15672));
#15670=ORIENTED_EDGE('',*,*,#15673,.T.);
#15671=ORIENTED_EDGE('',*,*,#15674,.T.);
#15672=ORIENTED_EDGE('',*,*,#15675,.T.);
#15673=EDGE_CURVE('',#780,#842,#15676,.F.);
#15674=EDGE_CURVE('',#842,#782,#15677,.T.);
#15675=EDGE_CURVE('',#782,#780,#15678,.T.);
#15676=LINE('',#779,#15679);
#15677=LINE('',#841,#15680);
#15678=LINE('',#781,#15681);
#15679=VECTOR('',#15682,1.0);
#15680=VECTOR('',#15683,1.0);
#15681=VECTOR('',#15684,1.0);
#15682=DIRECTION('',(0.06796930540086539,0.9976874127317252,0));
#15683=DIRECTION('',(-0.06019114553124309,-0.9981868692783115,0));
#15684=DIRECTION('',(-0.608757152151091,0.7933566220212027,0));
#15685=FACE_SURFACE('',(#15690),#15686,.T.);
#15686=PLANE('',#15687);
#15687=AXIS2_PLACEMENT_3D('',#781,#15688,#15689);
#15688=DIRECTION('',(0,0,-1));
#15689=DIRECTION('',(0.06019114553124309,0.9981868692783115,0));
#15690=FACE_BOUND('',#15691,.T.);
#15691=EDGE_LOOP('',(#15692,#15693,#15694));
#15692=ORIENTED_EDGE('',*,*,#15695,.T.);
#15693=ORIENTED_EDGE('',*,*,#15696,.T.);
#15694=ORIENTED_EDGE('',*,*,#15697,.T.);
#15695=EDGE_CURVE('',#782,#842,#15698,.F.);
#15696=EDGE_CURVE('',#842,#784,#15699,.T.);
#15697=EDGE_CURVE('',#784,#782,#15700,.T.);
#15698=LINE('',#781,#15701);
#15699=LINE('',#841,#15702);
#15700=LINE('',#783,#15703);
#15701=VECTOR('',#15704,1.0);
#15702=VECTOR('',#15705,1.0);
#15703=VECTOR('',#15706,1.0);
#15704=DIRECTION('',(0.06019114553124309,0.9981868692783115,0));
#15705=DIRECTION('',(-0.055095853761220864,-0.9984810698747986,0));
#15706=DIRECTION('',(-0.38269402966214716,0.9238751428959151,0));
#15707=FACE_SURFACE('',(#15712),#15708,.T.);
#15708=PLANE('',#15709);
#15709=AXIS2_PLACEMENT_3D('',#783,#15710,#15711);
#15710=DIRECTION('',(0,0,-1));
#15711=DIRECTION('',(0.055095853761220864,0.9984810698747986,0));
#15712=FACE_BOUND('',#15713,.T.);
#15713=EDGE_LOOP('',(#15714,#15715,#15716));
#15714=ORIENTED_EDGE('',*,*,#15717,.T.);
#15715=ORIENTED_EDGE('',*,*,#15718,.T.);
#15716=ORIENTED_EDGE('',*,*,#15719,.T.);
#15717=EDGE_CURVE('',#784,#842,#15720,.F.);
#15718=EDGE_CURVE('',#842,#786,#15721,.T.);
#15719=EDGE_CURVE('',#786,#784,#15722,.T.);
#15720=LINE('',#783,#15723);
#15721=LINE('',#841,#15724);
#15722=LINE('',#785,#15725);
#15723=VECTOR('',#15726,1.0);
#15724=VECTOR('',#15727,1.0);
#15725=VECTOR('',#15728,1.0);
#15726=DIRECTION('',(0.055095853761220864,0.9984810698747986,0));
#15727=DIRECTION('',(-0.052966176123413825,-0.9985963069162951,0));
#15728=DIRECTION('',(-0.13053690521803765,0.9914434509219863,0));
#15729=FACE_SURFACE('',(#15734),#15730,.T.);
#15730=PLANE('',#15731);
#15731=AXIS2_PLACEMENT_3D('',#785,#15732,#15733);
#15732=DIRECTION('',(0,0,-1));
#15733=DIRECTION('',(0.052966176123413825,0.9985963069162951,0));
#15734=FACE_BOUND('',#15735,.T.);
#15735=EDGE_LOOP('',(#15736,#15737,#15738));
#15736=ORIENTED_EDGE('',*,*,#15739,.T.);
#15737=ORIENTED_EDGE('',*,*,#15740,.T.);
#15738=ORIENTED_EDGE('',*,*,#15741,.T.);
#15739=EDGE_CURVE('',#786,#842,#15742,.F.);
#15740=EDGE_CURVE('',#842,#840,#15743,.T.);
#15741=EDGE_CURVE('',#840,#786,#15744,.T.);
#15742=LINE('',#785,#15745);
#15743=LINE('',#841,#15746);
#15744=LINE('',#839,#15747);
#15745=VECTOR('',#15748,1.0);
#15746=VECTOR('',#15749,1.0);
#15747=VECTOR('',#15750,1.0);
#15748=DIRECTION('',(0.052966176123413825,0.9985963069162951,0));
#15749=DIRECTION('',(0,-1,0));
#15750=DIRECTION('',(-0.046047356585136374,0.9989392578888474,0));
#15751=FACE_SURFACE('',(#15756),#15752,.T.);
#15752=PLANE('',#15753);
#15753=AXIS2_PLACEMENT_3D('',#595,#15754,#15755);
#15754=DIRECTION('',(0,0,-1));
#15755=DIRECTION('',(0.13054078122086607,0.9914429405862176,0));
#15756=FACE_BOUND('',#15757,.T.);
#15757=EDGE_LOOP('',(#15758,#15759,#15760));
#15758=ORIENTED_EDGE('',*,*,#15761,.T.);
#15759=ORIENTED_EDGE('',*,*,#15762,.T.);
#15760=ORIENTED_EDGE('',*,*,#15763,.T.);
#15761=EDGE_CURVE('',#596,#594,#15764,.F.);
#15762=EDGE_CURVE('',#594,#842,#15765,.T.);
#15763=EDGE_CURVE('',#842,#596,#15766,.T.);
#15764=LINE('',#595,#15767);
#15765=LINE('',#593,#15768);
#15766=LINE('',#841,#15769);
#15767=VECTOR('',#15770,1.0);
#15768=VECTOR('',#15771,1.0);
#15769=VECTOR('',#15772,1.0);
#15770=DIRECTION('',(0.13054078122086607,0.9914429405862176,0));
#15771=DIRECTION('',(0.9989151944913077,0.04656644945014334,0));
#15772=DIRECTION('',(-0.9986880918626213,-0.05120639776235383,0));
#15773=FACE_SURFACE('',(#15778),#15774,.T.);
#15774=PLANE('',#15775);
#15775=AXIS2_PLACEMENT_3D('',#841,#15776,#15777);
#15776=DIRECTION('',(0,0,-1));
#15777=DIRECTION('',(-0.9989151944913077,-0.04656644945014334,0));
#15778=FACE_BOUND('',#15779,.T.);
#15779=EDGE_LOOP('',(#15780,#15781,#15782));
#15780=ORIENTED_EDGE('',*,*,#15783,.T.);
#15781=ORIENTED_EDGE('',*,*,#15784,.T.);
#15782=ORIENTED_EDGE('',*,*,#15785,.T.);
#15783=EDGE_CURVE('',#842,#594,#15786,.F.);
#15784=EDGE_CURVE('',#594,#592,#15787,.T.);
#15785=EDGE_CURVE('',#592,#842,#15788,.T.);
#15786=LINE('',#841,#15789);
#15787=LINE('',#593,#15790);
#15788=LINE('',#591,#15791);
#15789=VECTOR('',#15792,1.0);
#15790=VECTOR('',#15793,1.0);
#15791=VECTOR('',#15794,1.0);
#15792=DIRECTION('',(-0.9989151944913077,-0.04656644945014334,0));
#15793=DIRECTION('',(-0.13054201444961414,0.991442778209331,0));
#15794=DIRECTION('',(0.9991232277979567,0.041866163838981084,0));
#15795=FACE_SURFACE('',(#15800),#15796,.T.);
#15796=PLANE('',#15797);
#15797=AXIS2_PLACEMENT_3D('',#841,#15798,#15799);
#15798=DIRECTION('',(0,0,-1));
#15799=DIRECTION('',(-0.9991232277979567,-0.041866163838981084,0));
#15800=FACE_BOUND('',#15801,.T.);
#15801=EDGE_LOOP('',(#15802,#15803,#15804));
#15802=ORIENTED_EDGE('',*,*,#15805,.T.);
#15803=ORIENTED_EDGE('',*,*,#15806,.T.);
#15804=ORIENTED_EDGE('',*,*,#15807,.T.);
#15805=EDGE_CURVE('',#842,#592,#15808,.F.);
#15806=EDGE_CURVE('',#592,#590,#15809,.T.);
#15807=EDGE_CURVE('',#590,#842,#15810,.T.);
#15808=LINE('',#841,#15811);
#15809=LINE('',#591,#15812);
#15810=LINE('',#589,#15813);
#15811=VECTOR('',#15814,1.0);
#15812=VECTOR('',#15815,1.0);
#15813=VECTOR('',#15816,1.0);
#15814=DIRECTION('',(-0.9991232277979567,-0.041866163838981084,0));
#15815=DIRECTION('',(-0.38266597043955625,0.9238867652843354,0));
#15816=DIRECTION('',(0.9992987750817368,0.03744273120567517,0));
#15817=FACE_SURFACE('',(#15822),#15818,.T.);
#15818=PLANE('',#15819);
#15819=AXIS2_PLACEMENT_3D('',#589,#15820,#15821);
#15820=DIRECTION('',(0,0,-1));
#15821=DIRECTION('',(-0.6087635579670773,0.7933517066794935,0));
#15822=FACE_BOUND('',#15823,.T.);
#15823=EDGE_LOOP('',(#15824,#15825,#15826));
#15824=ORIENTED_EDGE('',*,*,#15827,.T.);
#15825=ORIENTED_EDGE('',*,*,#15828,.T.);
#15826=ORIENTED_EDGE('',*,*,#15829,.T.);
#15827=EDGE_CURVE('',#590,#588,#15830,.F.);
#15828=EDGE_CURVE('',#588,#842,#15831,.T.);
#15829=EDGE_CURVE('',#842,#590,#15832,.T.);
#15830=LINE('',#589,#15833);
#15831=LINE('',#587,#15834);
#15832=LINE('',#841,#15835);
#15833=VECTOR('',#15836,1.0);
#15834=VECTOR('',#15837,1.0);
#15835=VECTOR('',#15838,1.0);
#15836=DIRECTION('',(-0.6087635579670773,0.7933517066794935,0));
#15837=DIRECTION('',(0.9994349916024196,0.033610973813201085,0));
#15838=DIRECTION('',(-0.9992987750817368,-0.03744273120567517,0));
#15839=FACE_SURFACE('',(#15844),#15840,.T.);
#15840=PLANE('',#15841);
#15841=AXIS2_PLACEMENT_3D('',#841,#15842,#15843);
#15842=DIRECTION('',(0,0,-1));
#15843=DIRECTION('',(-0.9994349916024196,-0.033610973813201085,0));
#15844=FACE_BOUND('',#15845,.T.);
#15845=EDGE_LOOP('',(#15846,#15847,#15848));
#15846=ORIENTED_EDGE('',*,*,#15849,.T.);
#15847=ORIENTED_EDGE('',*,*,#15850,.T.);
#15848=ORIENTED_EDGE('',*,*,#15851,.T.);
#15849=EDGE_CURVE('',#842,#588,#15852,.F.);
#15850=EDGE_CURVE('',#588,#586,#15853,.T.);
#15851=EDGE_CURVE('',#586,#842,#15854,.T.);
#15852=LINE('',#841,#15855);
#15853=LINE('',#587,#15856);
#15854=LINE('',#585,#15857);
#15855=VECTOR('',#15858,1.0);
#15856=VECTOR('',#15859,1.0);
#15857=VECTOR('',#15860,1.0);
#15858=DIRECTION('',(-0.9994349916024196,-0.033610973813201085,0));
#15859=DIRECTION('',(-0.7933471047137486,0.6087695552853415,0));
#15860=DIRECTION('',(0.9995305562277363,0.030637675614709856,0));
#15861=FACE_SURFACE('',(#15866),#15862,.T.);
#15862=PLANE('',#15863);
#15863=AXIS2_PLACEMENT_3D('',#841,#15864,#15865);
#15864=DIRECTION('',(-0,0,-1));
#15865=DIRECTION('',(-0.9995305562277363,-0.030637675614709856,0));
#15866=FACE_BOUND('',#15867,.T.);
#15867=EDGE_LOOP('',(#15868,#15869,#15870));
#15868=ORIENTED_EDGE('',*,*,#15871,.T.);
#15869=ORIENTED_EDGE('',*,*,#15872,.T.);
#15870=ORIENTED_EDGE('',*,*,#15873,.T.);
#15871=EDGE_CURVE('',#842,#586,#15874,.F.);
#15872=EDGE_CURVE('',#586,#850,#15875,.T.);
#15873=EDGE_CURVE('',#850,#842,#15876,.T.);
#15874=LINE('',#841,#15877);
#15875=LINE('',#585,#15878);
#15876=LINE('',#849,#15879);
#15877=VECTOR('',#15880,1.0);
#15878=VECTOR('',#15881,1.0);
#15879=VECTOR('',#15882,1.0);
#15880=DIRECTION('',(-0.9995305562277363,-0.030637675614709856,0));
#15881=DIRECTION('',(-0.8791978165735536,0.47645692285063507,0));
#15882=DIRECTION('',(1,0,0));
#15883=FACE_SURFACE('',(#15888),#15884,.T.);
#15884=PLANE('',#15885);
#15885=AXIS2_PLACEMENT_3D('',#849,#15886,#15887);
#15886=DIRECTION('',(0,0,-1));
#15887=DIRECTION('',(0.8791978165735536,-0.47645692285063507,0));
#15888=FACE_BOUND('',#15889,.T.);
#15889=EDGE_LOOP('',(#15890,#15891,#15892));
#15890=ORIENTED_EDGE('',*,*,#15893,.T.);
#15891=ORIENTED_EDGE('',*,*,#15894,.T.);
#15892=ORIENTED_EDGE('',*,*,#15895,.T.);
#15893=EDGE_CURVE('',#850,#586,#15896,.F.);
#15894=EDGE_CURVE('',#586,#584,#15897,.T.);
#15895=EDGE_CURVE('',#584,#850,#15898,.T.);
#15896=LINE('',#849,#15899);
#15897=LINE('',#585,#15900);
#15898=LINE('',#583,#15901);
#15899=VECTOR('',#15902,1.0);
#15900=VECTOR('',#15903,1.0);
#15901=VECTOR('',#15904,1.0);
#15902=DIRECTION('',(0.8791978165735536,-0.47645692285063507,0));
#15903=DIRECTION('',(-0.9238766589170515,0.3826903697615946,0));
#15904=DIRECTION('',(-0.875287465022102,0.4836029916937885,0));
#15905=FACE_SURFACE('',(#15910),#15906,.T.);
#15906=PLANE('',#15907);
#15907=AXIS2_PLACEMENT_3D('',#849,#15908,#15909);
#15908=DIRECTION('',(0,0,-1));
#15909=DIRECTION('',(0.875287465022102,-0.4836029916937885,0));
#15910=FACE_BOUND('',#15911,.T.);
#15911=EDGE_LOOP('',(#15912,#15913,#15914));
#15912=ORIENTED_EDGE('',*,*,#15915,.T.);
#15913=ORIENTED_EDGE('',*,*,#15916,.T.);
#15914=ORIENTED_EDGE('',*,*,#15917,.T.);
#15915=EDGE_CURVE('',#850,#584,#15918,.F.);
#15916=EDGE_CURVE('',#584,#582,#15919,.T.);
#15917=EDGE_CURVE('',#582,#850,#15920,.T.);
#15918=LINE('',#849,#15921);
#15919=LINE('',#583,#15922);
#15920=LINE('',#581,#15923);
#15921=VECTOR('',#15924,1.0);
#15922=VECTOR('',#15925,1.0);
#15923=VECTOR('',#15926,1.0);
#15924=DIRECTION('',(0.875287465022102,-0.4836029916937885,0));
#15925=DIRECTION('',(-0.9914450821838008,0.1305245149906953,0));
#15926=DIRECTION('',(-0.8599119023831502,0.5104424748586188,0));
#15927=FACE_SURFACE('',(#15932),#15928,.T.);
#15928=PLANE('',#15929);
#15929=AXIS2_PLACEMENT_3D('',#581,#15930,#15931);
#15930=DIRECTION('',(-0,0,-1));
#15931=DIRECTION('',(-0.991446380737331,-0.13051465098925558,0));
#15932=FACE_BOUND('',#15933,.T.);
#15933=EDGE_LOOP('',(#15934,#15935,#15936));
#15934=ORIENTED_EDGE('',*,*,#15937,.T.);
#15935=ORIENTED_EDGE('',*,*,#15938,.T.);
#15936=ORIENTED_EDGE('',*,*,#15939,.T.);
#15937=EDGE_CURVE('',#582,#580,#15940,.F.);
#15938=EDGE_CURVE('',#580,#850,#15941,.T.);
#15939=EDGE_CURVE('',#850,#582,#15942,.T.);
#15940=LINE('',#581,#15943);
#15941=LINE('',#579,#15944);
#15942=LINE('',#849,#15945);
#15943=VECTOR('',#15946,1.0);
#15944=VECTOR('',#15947,1.0);
#15945=VECTOR('',#15948,1.0);
#15946=DIRECTION('',(-0.991446380737331,-0.13051465098925558,0));
#15947=DIRECTION('',(-0.8299721059948791,0.5578048971373639,0));
#15948=DIRECTION('',(0.8599119023831502,-0.5104424748586188,0));
#15949=FACE_SURFACE('',(#15954),#15950,.T.);
#15950=PLANE('',#15951);
#15951=AXIS2_PLACEMENT_3D('',#849,#15952,#15953);
#15952=DIRECTION('',(0,0,-1));
#15953=DIRECTION('',(0.8299721059948791,-0.5578048971373639,0));
#15954=FACE_BOUND('',#15955,.T.);
#15955=EDGE_LOOP('',(#15956,#15957,#15958));
#15956=ORIENTED_EDGE('',*,*,#15959,.T.);
#15957=ORIENTED_EDGE('',*,*,#15960,.T.);
#15958=ORIENTED_EDGE('',*,*,#15961,.T.);
#15959=EDGE_CURVE('',#850,#580,#15962,.F.);
#15960=EDGE_CURVE('',#580,#578,#15963,.T.);
#15961=EDGE_CURVE('',#578,#850,#15964,.T.);
#15962=LINE('',#849,#15965);
#15963=LINE('',#579,#15966);
#15964=LINE('',#577,#15967);
#15965=VECTOR('',#15968,1.0);
#15966=VECTOR('',#15969,1.0);
#15967=VECTOR('',#15970,1.0);
#15968=DIRECTION('',(0.8299721059948791,-0.5578048971373639,0));
#15969=DIRECTION('',(-0.9238710767942496,-0.38270384563397514,0));
#15970=DIRECTION('',(-0.783198441582755,0.621771823985571,0));
#15971=FACE_SURFACE('',(#15976),#15972,.T.);
#15972=PLANE('',#15973);
#15973=AXIS2_PLACEMENT_3D('',#849,#15974,#15975);
#15974=DIRECTION('',(0,0,-1));
#15975=DIRECTION('',(0.783198441582755,-0.621771823985571,0));
#15976=FACE_BOUND('',#15977,.T.);
#15977=EDGE_LOOP('',(#15978,#15979,#15980));
#15978=ORIENTED_EDGE('',*,*,#15981,.T.);
#15979=ORIENTED_EDGE('',*,*,#15982,.T.);
#15980=ORIENTED_EDGE('',*,*,#15983,.T.);
#15981=EDGE_CURVE('',#850,#578,#15984,.F.);
#15982=EDGE_CURVE('',#578,#576,#15985,.T.);
#15983=EDGE_CURVE('',#576,#850,#15986,.T.);
#15984=LINE('',#849,#15987);
#15985=LINE('',#577,#15988);
#15986=LINE('',#575,#15989);
#15987=VECTOR('',#15990,1.0);
#15988=VECTOR('',#15991,1.0);
#15989=VECTOR('',#15992,1.0);
#15990=DIRECTION('',(0.783198441582755,-0.621771823985571,0));
#15991=DIRECTION('',(-0.7933471047137486,-0.6087695552853415,0));
#15992=DIRECTION('',(-0.7213002295722772,0.692622537042349,0));
#15993=FACE_SURFACE('',(#15998),#15994,.T.);
#15994=PLANE('',#15995);
#15995=AXIS2_PLACEMENT_3D('',#575,#15996,#15997);
#15996=DIRECTION('',(-0,0,-1));
#15997=DIRECTION('',(-0.6087635579670773,-0.7933517066794935,0));
#15998=FACE_BOUND('',#15999,.T.);
#15999=EDGE_LOOP('',(#16000,#16001,#16002));
#16000=ORIENTED_EDGE('',*,*,#16003,.T.);
#16001=ORIENTED_EDGE('',*,*,#16004,.T.);
#16002=ORIENTED_EDGE('',*,*,#16005,.T.);
#16003=EDGE_CURVE('',#576,#574,#16006,.F.);
#16004=EDGE_CURVE('',#574,#850,#16007,.T.);
#16005=EDGE_CURVE('',#850,#576,#16008,.T.);
#16006=LINE('',#575,#16009);
#16007=LINE('',#573,#16010);
#16008=LINE('',#849,#16011);
#16009=VECTOR('',#16012,1.0);
#16010=VECTOR('',#16013,1.0);
#16011=VECTOR('',#16014,1.0);
#16012=DIRECTION('',(-0.6087635579670773,-0.7933517066794935,0));
#16013=DIRECTION('',(-0.6523640172298222,0.7579057916547203,0));
#16014=DIRECTION('',(0.7213002295722772,-0.692622537042349,0));
#16015=FACE_SURFACE('',(#16020),#16016,.T.);
#16016=PLANE('',#16017);
#16017=AXIS2_PLACEMENT_3D('',#849,#16018,#16019);
#16018=DIRECTION('',(0,0,-1));
#16019=DIRECTION('',(0.6523640172298222,-0.7579057916547203,0));
#16020=FACE_BOUND('',#16021,.T.);
#16021=EDGE_LOOP('',(#16022,#16023,#16024));
#16022=ORIENTED_EDGE('',*,*,#16025,.T.);
#16023=ORIENTED_EDGE('',*,*,#16026,.T.);
#16024=ORIENTED_EDGE('',*,*,#16027,.T.);
#16025=EDGE_CURVE('',#850,#574,#16028,.F.);
#16026=EDGE_CURVE('',#574,#572,#16029,.T.);
#16027=EDGE_CURVE('',#572,#850,#16030,.T.);
#16028=LINE('',#849,#16031);
#16029=LINE('',#573,#16032);
#16030=LINE('',#571,#16033);
#16031=VECTOR('',#16034,1.0);
#16032=VECTOR('',#16035,1.0);
#16033=VECTOR('',#16036,1.0);
#16034=DIRECTION('',(0.6523640172298222,-0.7579057916547203,0));
#16035=DIRECTION('',(-0.38266597043955625,-0.9238867652843354,0));
#16036=DIRECTION('',(-0.5885041349602341,0.8084942072363328,0));
#16037=FACE_SURFACE('',(#16042),#16038,.T.);
#16038=PLANE('',#16039);
#16039=AXIS2_PLACEMENT_3D('',#91,#16040,#16041);
#16040=DIRECTION('',(0,0,1));
#16041=DIRECTION('',(-0.13051567848153253,0.991446245477033,0));
#16042=FACE_BOUND('',#16043,.T.);
#16043=EDGE_LOOP('',(#16044,#16045,#16046));
#16044=ORIENTED_EDGE('',*,*,#16047,.T.);
#16045=ORIENTED_EDGE('',*,*,#16048,.T.);
#16046=ORIENTED_EDGE('',*,*,#16049,.T.);
#16047=EDGE_CURVE('',#92,#90,#16050,.F.);
#16048=EDGE_CURVE('',#90,#838,#16051,.T.);
#16049=EDGE_CURVE('',#838,#92,#16052,.T.);
#16050=LINE('',#91,#16053);
#16051=LINE('',#89,#16054);
#16052=LINE('',#837,#16055);
#16053=VECTOR('',#16056,1.0);
#16054=VECTOR('',#16057,1.0);
#16055=VECTOR('',#16058,1.0);
#16056=DIRECTION('',(-0.13051567848153253,0.991446245477033,0));
#16057=DIRECTION('',(-0.5174599662975032,-0.8557074168659443,0));
#16058=DIRECTION('',(0.5671645842382469,0.8236044769097945,0));
#16059=FACE_SURFACE('',(#16064),#16060,.T.);
#16060=PLANE('',#16061);
#16061=AXIS2_PLACEMENT_3D('',#837,#16062,#16063);
#16062=DIRECTION('',(0,0,1));
#16063=DIRECTION('',(0.5174599662975032,0.8557074168659443,0));
#16064=FACE_BOUND('',#16065,.T.);
#16065=EDGE_LOOP('',(#16066,#16067,#16068));
#16066=ORIENTED_EDGE('',*,*,#16069,.T.);
#16067=ORIENTED_EDGE('',*,*,#16070,.T.);
#16068=ORIENTED_EDGE('',*,*,#16071,.T.);
#16069=EDGE_CURVE('',#838,#90,#16072,.F.);
#16070=EDGE_CURVE('',#90,#136,#16073,.T.);
#16071=EDGE_CURVE('',#136,#838,#16074,.T.);
#16072=LINE('',#837,#16075);
#16073=LINE('',#89,#16076);
#16074=LINE('',#135,#16077);
#16075=VECTOR('',#16078,1.0);
#16076=VECTOR('',#16079,1.0);
#16077=VECTOR('',#16080,1.0);
#16078=DIRECTION('',(0.5174599662975032,0.8557074168659443,0));
#16079=DIRECTION('',(0.13051567848152362,0.9914462454770343,0));
#16080=DIRECTION('',(-0.4891402879342476,-0.8722051242222792,0));
#16081=FACE_SURFACE('',(#16086),#16082,.T.);
#16082=PLANE('',#16083);
#16083=AXIS2_PLACEMENT_3D('',#837,#16084,#16085);
#16084=DIRECTION('',(0,0,1));
#16085=DIRECTION('',(0.4891402879342476,0.8722051242222792,0));
#16086=FACE_BOUND('',#16087,.T.);
#16087=EDGE_LOOP('',(#16088,#16089,#16090));
#16088=ORIENTED_EDGE('',*,*,#16091,.T.);
#16089=ORIENTED_EDGE('',*,*,#16092,.T.);
#16090=ORIENTED_EDGE('',*,*,#16093,.T.);
#16091=EDGE_CURVE('',#838,#136,#16094,.F.);
#16092=EDGE_CURVE('',#136,#134,#16095,.T.);
#16093=EDGE_CURVE('',#134,#838,#16096,.T.);
#16094=LINE('',#837,#16097);
#16095=LINE('',#135,#16098);
#16096=LINE('',#133,#16099);
#16097=VECTOR('',#16100,1.0);
#16098=VECTOR('',#16101,1.0);
#16099=VECTOR('',#16102,1.0);
#16100=DIRECTION('',(0.4891402879342476,0.8722051242222792,0));
#16101=DIRECTION('',(0.3826713211467935,0.9238845490491588,0));
#16102=DIRECTION('',(-0.4813386448508325,-0.8765347163536444,0));
#16103=FACE_SURFACE('',(#16108),#16104,.T.);
#16104=PLANE('',#16105);
#16105=AXIS2_PLACEMENT_3D('',#131,#16106,#16107);
#16106=DIRECTION('',(0,0,1));
#16107=DIRECTION('',(-0.00016409232854226367,0.9999999865368537,0));
#16108=FACE_BOUND('',#16109,.T.);
#16109=EDGE_LOOP('',(#16110,#16111,#16112));
#16110=ORIENTED_EDGE('',*,*,#16113,.T.);
#16111=ORIENTED_EDGE('',*,*,#16114,.T.);
#16112=ORIENTED_EDGE('',*,*,#16115,.T.);
#16113=EDGE_CURVE('',#132,#478,#16116,.F.);
#16114=EDGE_CURVE('',#478,#134,#16117,.T.);
#16115=EDGE_CURVE('',#134,#132,#16118,.T.);
#16116=LINE('',#131,#16119);
#16117=LINE('',#477,#16120);
#16118=LINE('',#133,#16121);
#16119=VECTOR('',#16122,1.0);
#16120=VECTOR('',#16123,1.0);
#16121=VECTOR('',#16124,1.0);
#16122=DIRECTION('',(-0.00016409232854226367,0.9999999865368537,0));
#16123=DIRECTION('',(-0.0032756612715240537,-0.9999946350072256,0));
#16124=DIRECTION('',(0.6087830422768121,0.7933367553795735,0));
#16125=FACE_SURFACE('',(#16130),#16126,.T.);
#16126=PLANE('',#16127);
#16127=AXIS2_PLACEMENT_3D('',#133,#16128,#16129);
#16128=DIRECTION('',(0,-0,1));
#16129=DIRECTION('',(0.0032756612715240537,0.9999946350072256,0));
#16130=FACE_BOUND('',#16131,.T.);
#16131=EDGE_LOOP('',(#16132,#16133,#16134));
#16132=ORIENTED_EDGE('',*,*,#16135,.T.);
#16133=ORIENTED_EDGE('',*,*,#16136,.T.);
#16134=ORIENTED_EDGE('',*,*,#16137,.T.);
#16135=EDGE_CURVE('',#134,#478,#16138,.F.);
#16136=EDGE_CURVE('',#478,#848,#16139,.T.);
#16137=EDGE_CURVE('',#848,#134,#16140,.T.);
#16138=LINE('',#133,#16141);
#16139=LINE('',#477,#16142);
#16140=LINE('',#847,#16143);
#16141=VECTOR('',#16144,1.0);
#16142=VECTOR('',#16145,1.0);
#16143=VECTOR('',#16146,1.0);
#16144=DIRECTION('',(0.0032756612715240537,0.9999946350072256,0));
#16145=DIRECTION('',(-0.5021662800016805,0.8647710837148026,0));
#16146=DIRECTION('',(0.03370353783892611,-0.9994318743852129,0));
#16147=FACE_SURFACE('',(#16152),#16148,.T.);
#16148=PLANE('',#16149);
#16149=AXIS2_PLACEMENT_3D('',#133,#16150,#16151);
#16150=DIRECTION('',(0,0,1));
#16151=DIRECTION('',(-0.03370353783892611,0.9994318743852129,0));
#16152=FACE_BOUND('',#16153,.T.);
#16153=EDGE_LOOP('',(#16154,#16155,#16156));
#16154=ORIENTED_EDGE('',*,*,#16157,.T.);
#16155=ORIENTED_EDGE('',*,*,#16158,.T.);
#16156=ORIENTED_EDGE('',*,*,#16159,.T.);
#16157=EDGE_CURVE('',#134,#848,#16160,.F.);
#16158=EDGE_CURVE('',#848,#838,#16161,.T.);
#16159=EDGE_CURVE('',#838,#134,#16162,.T.);
#16160=LINE('',#133,#16163);
#16161=LINE('',#847,#16164);
#16162=LINE('',#837,#16165);
#16163=VECTOR('',#16166,1.0);
#16164=VECTOR('',#16167,1.0);
#16165=VECTOR('',#16168,1.0);
#16166=DIRECTION('',(-0.03370353783892611,0.9994318743852129,0));
#16167=DIRECTION('',(0,-1,0));
#16168=DIRECTION('',(0.4813386448508325,0.8765347163536444,0));
#16169=FACE_SURFACE('',(#16174),#16170,.T.);
#16170=PLANE('',#16171);
#16171=AXIS2_PLACEMENT_3D('',#477,#16172,#16173);
#16172=DIRECTION('',(0,0,1));
#16173=DIRECTION('',(0.00016409232854226367,-0.9999999865368537,0));
#16174=FACE_BOUND('',#16175,.T.);
#16175=EDGE_LOOP('',(#16176,#16177,#16178));
#16176=ORIENTED_EDGE('',*,*,#16179,.T.);
#16177=ORIENTED_EDGE('',*,*,#16180,.T.);
#16178=ORIENTED_EDGE('',*,*,#16181,.T.);
#16179=EDGE_CURVE('',#478,#132,#16182,.F.);
#16180=EDGE_CURVE('',#132,#480,#16183,.T.);
#16181=EDGE_CURVE('',#480,#478,#16184,.T.);
#16182=LINE('',#477,#16185);
#16183=LINE('',#131,#16186);
#16184=LINE('',#479,#16187);
#16185=VECTOR('',#16188,1.0);
#16186=VECTOR('',#16189,1.0);
#16187=VECTOR('',#16190,1.0);
#16188=DIRECTION('',(0.00016409232854226367,-0.9999999865368537,0));
#16189=DIRECTION('',(0.003364540953797391,0.9999943399160668,0));
#16190=DIRECTION('',(-0.6087635579670773,0.7933517066794935,0));
#16191=FACE_SURFACE('',(#16196),#16192,.T.);
#16192=PLANE('',#16193);
#16193=AXIS2_PLACEMENT_3D('',#479,#16194,#16195);
#16194=DIRECTION('',(0,0,1));
#16195=DIRECTION('',(-0.003364540953797391,-0.9999943399160668,0));
#16196=FACE_BOUND('',#16197,.T.);
#16197=EDGE_LOOP('',(#16198,#16199,#16200));
#16198=ORIENTED_EDGE('',*,*,#16201,.T.);
#16199=ORIENTED_EDGE('',*,*,#16202,.T.);
#16200=ORIENTED_EDGE('',*,*,#16203,.T.);
#16201=EDGE_CURVE('',#480,#132,#16204,.F.);
#16202=EDGE_CURVE('',#132,#130,#16205,.T.);
#16203=EDGE_CURVE('',#130,#480,#16206,.T.);
#16204=LINE('',#479,#16207);
#16205=LINE('',#131,#16208);
#16206=LINE('',#129,#16209);
#16207=VECTOR('',#16210,1.0);
#16208=VECTOR('',#16211,1.0);
#16209=VECTOR('',#16212,1.0);
#16210=DIRECTION('',(-0.003364540953797391,-0.9999943399160668,0));
#16211=DIRECTION('',(0.7933367553795735,0.6087830422768121,0));
#16212=DIRECTION('',(-0.0011619387765913693,0.9999993249489119,0));
#16213=FACE_SURFACE('',(#16218),#16214,.T.);
#16214=PLANE('',#16215);
#16215=AXIS2_PLACEMENT_3D('',#479,#16216,#16217);
#16216=DIRECTION('',(0,0,1));
#16217=DIRECTION('',(0.0011619387765913693,-0.9999993249489119,0));
#16218=FACE_BOUND('',#16219,.T.);
#16219=EDGE_LOOP('',(#16220,#16221,#16222));
#16220=ORIENTED_EDGE('',*,*,#16223,.T.);
#16221=ORIENTED_EDGE('',*,*,#16224,.T.);
#16222=ORIENTED_EDGE('',*,*,#16225,.T.);
#16223=EDGE_CURVE('',#480,#130,#16226,.F.);
#16224=EDGE_CURVE('',#130,#482,#16227,.T.);
#16225=EDGE_CURVE('',#482,#480,#16228,.T.);
#16226=LINE('',#479,#16229);
#16227=LINE('',#129,#16230);
#16228=LINE('',#481,#16231);
#16229=VECTOR('',#16232,1.0);
#16230=VECTOR('',#16233,1.0);
#16231=VECTOR('',#16234,1.0);
#16232=DIRECTION('',(0.0011619387765913693,-0.9999993249489119,0));
#16233=DIRECTION('',(0.0034659206606606845,0.9999939936789491,0));
#16234=DIRECTION('',(-0.793342502756077,0.6087755524992146,0));
#16235=FACE_SURFACE('',(#16240),#16236,.T.);
#16236=PLANE('',#16237);
#16237=AXIS2_PLACEMENT_3D('',#481,#16238,#16239);
#16238=DIRECTION('',(0,0,1));
#16239=DIRECTION('',(-0.0034659206606606845,-0.9999939936789491,0));
#16240=FACE_BOUND('',#16241,.T.);
#16241=EDGE_LOOP('',(#16242,#16243,#16244));
#16242=ORIENTED_EDGE('',*,*,#16245,.T.);
#16243=ORIENTED_EDGE('',*,*,#16246,.T.);
#16244=ORIENTED_EDGE('',*,*,#16247,.T.);
#16245=EDGE_CURVE('',#482,#130,#16248,.F.);
#16246=EDGE_CURVE('',#130,#128,#16249,.T.);
#16247=EDGE_CURVE('',#128,#482,#16250,.T.);
#16248=LINE('',#481,#16251);
#16249=LINE('',#129,#16252);
#16250=LINE('',#127,#16253);
#16251=VECTOR('',#16254,1.0);
#16252=VECTOR('',#16255,1.0);
#16253=VECTOR('',#16256,1.0);
#16254=DIRECTION('',(-0.0034659206606606845,-0.9999939936789491,0));
#16255=DIRECTION('',(0.9238845490491588,0.3826713211467935,0));
#16256=DIRECTION('',(-0.0018419380704280083,0.9999983036306335,0));
#16257=FACE_SURFACE('',(#16262),#16258,.T.);
#16258=PLANE('',#16259);
#16259=AXIS2_PLACEMENT_3D('',#481,#16260,#16261);
#16260=DIRECTION('',(0,0,1));
#16261=DIRECTION('',(0.0018419380704280083,-0.9999983036306335,0));
#16262=FACE_BOUND('',#16263,.T.);
#16263=EDGE_LOOP('',(#16264,#16265,#16266));
#16264=ORIENTED_EDGE('',*,*,#16267,.T.);
#16265=ORIENTED_EDGE('',*,*,#16268,.T.);
#16266=ORIENTED_EDGE('',*,*,#16269,.T.);
#16267=EDGE_CURVE('',#482,#128,#16270,.F.);
#16268=EDGE_CURVE('',#128,#484,#16271,.T.);
#16269=EDGE_CURVE('',#484,#482,#16272,.T.);
#16270=LINE('',#481,#16273);
#16271=LINE('',#127,#16274);
#16272=LINE('',#483,#16275);
#16273=VECTOR('',#16276,1.0);
#16274=VECTOR('',#16277,1.0);
#16275=VECTOR('',#16278,1.0);
#16276=DIRECTION('',(0.0018419380704280083,-0.9999983036306335,0));
#16277=DIRECTION('',(0.003571871591318776,0.9999936208463206,0));
#16278=DIRECTION('',(-0.9238811838122566,0.38267944574756485,0));
#16279=FACE_SURFACE('',(#16284),#16280,.T.);
#16280=PLANE('',#16281);
#16281=AXIS2_PLACEMENT_3D('',#483,#16282,#16283);
#16282=DIRECTION('',(0,0,1));
#16283=DIRECTION('',(-0.003571871591318776,-0.9999936208463206,0));
#16284=FACE_BOUND('',#16285,.T.);
#16285=EDGE_LOOP('',(#16286,#16287,#16288));
#16286=ORIENTED_EDGE('',*,*,#16289,.T.);
#16287=ORIENTED_EDGE('',*,*,#16290,.T.);
#16288=ORIENTED_EDGE('',*,*,#16291,.T.);
#16289=EDGE_CURVE('',#484,#128,#16292,.F.);
#16290=EDGE_CURVE('',#128,#126,#16293,.T.);
#16291=EDGE_CURVE('',#126,#484,#16294,.T.);
#16292=LINE('',#483,#16295);
#16293=LINE('',#127,#16296);
#16294=LINE('',#125,#16297);
#16295=VECTOR('',#16298,1.0);
#16296=VECTOR('',#16299,1.0);
#16297=VECTOR('',#16300,1.0);
#16298=DIRECTION('',(-0.003571871591318776,-0.9999936208463206,0));
#16299=DIRECTION('',(0.9914462454770343,0.13051567848152362,0));
#16300=DIRECTION('',(-0.002146759041955742,0.999997695710153,0));
#16301=FACE_SURFACE('',(#16306),#16302,.T.);
#16302=PLANE('',#16303);
#16303=AXIS2_PLACEMENT_3D('',#483,#16304,#16305);
#16304=DIRECTION('',(0,0,1));
#16305=DIRECTION('',(0.002146759041955742,-0.999997695710153,0));
#16306=FACE_BOUND('',#16307,.T.);
#16307=EDGE_LOOP('',(#16308,#16309,#16310));
#16308=ORIENTED_EDGE('',*,*,#16311,.T.);
#16309=ORIENTED_EDGE('',*,*,#16312,.T.);
#16310=ORIENTED_EDGE('',*,*,#16313,.T.);
#16311=EDGE_CURVE('',#484,#126,#16314,.F.);
#16312=EDGE_CURVE('',#126,#486,#16315,.T.);
#16313=EDGE_CURVE('',#486,#484,#16316,.T.);
#16314=LINE('',#483,#16317);
#16315=LINE('',#125,#16318);
#16316=LINE('',#485,#16319);
#16317=VECTOR('',#16320,1.0);
#16318=VECTOR('',#16321,1.0);
#16319=VECTOR('',#16322,1.0);
#16320=DIRECTION('',(0.002146759041955742,-0.999997695710153,0));
#16321=DIRECTION('',(0.0036751281067315465,0.9999932466938961,0));
#16322=DIRECTION('',(-0.9914463807373266,0.13051465098928883,0));
#16323=FACE_SURFACE('',(#16328),#16324,.T.);
#16324=PLANE('',#16325);
#16325=AXIS2_PLACEMENT_3D('',#485,#16326,#16327);
#16326=DIRECTION('',(0,0,1));
#16327=DIRECTION('',(-0.0036751281067315465,-0.9999932466938961,0));
#16328=FACE_BOUND('',#16329,.T.);
#16329=EDGE_LOOP('',(#16330,#16331,#16332));
#16330=ORIENTED_EDGE('',*,*,#16333,.T.);
#16331=ORIENTED_EDGE('',*,*,#16334,.T.);
#16332=ORIENTED_EDGE('',*,*,#16335,.T.);
#16333=EDGE_CURVE('',#486,#126,#16336,.F.);
#16334=EDGE_CURVE('',#126,#124,#16337,.T.);
#16335=EDGE_CURVE('',#124,#486,#16338,.T.);
#16336=LINE('',#485,#16339);
#16337=LINE('',#125,#16340);
#16338=LINE('',#123,#16341);
#16339=VECTOR('',#16342,1.0);
#16340=VECTOR('',#16343,1.0);
#16341=VECTOR('',#16344,1.0);
#16342=DIRECTION('',(-0.0036751281067315465,-0.9999932466938961,0));
#16343=DIRECTION('',(0.991446245477033,-0.13051567848153253,0));
#16344=DIRECTION('',(-0.0020490330088912346,0.9999979007296607,0));
#16345=FACE_SURFACE('',(#16350),#16346,.T.);
#16346=PLANE('',#16347);
#16347=AXIS2_PLACEMENT_3D('',#485,#16348,#16349);
#16348=DIRECTION('',(-0,0,1));
#16349=DIRECTION('',(0.0020490330088912346,-0.9999979007296607,0));
#16350=FACE_BOUND('',#16351,.T.);
#16351=EDGE_LOOP('',(#16352,#16353,#16354));
#16352=ORIENTED_EDGE('',*,*,#16355,.T.);
#16353=ORIENTED_EDGE('',*,*,#16356,.T.);
#16354=ORIENTED_EDGE('',*,*,#16357,.T.);
#16355=EDGE_CURVE('',#486,#124,#16358,.F.);
#16356=EDGE_CURVE('',#124,#488,#16359,.T.);
#16357=EDGE_CURVE('',#488,#486,#16360,.T.);
#16358=LINE('',#485,#16361);
#16359=LINE('',#123,#16362);
#16360=LINE('',#487,#16363);
#16361=VECTOR('',#16364,1.0);
#16362=VECTOR('',#16365,1.0);
#16363=VECTOR('',#16366,1.0);
#16364=DIRECTION('',(0.0020490330088912346,-0.9999979007296607,0));
#16365=DIRECTION('',(0.003766779537380619,0.9999929056607936,0));
#16366=DIRECTION('',(-0.9914450821837965,-0.1305245149907286,0));
#16367=FACE_SURFACE('',(#16372),#16368,.T.);
#16368=PLANE('',#16369);
#16369=AXIS2_PLACEMENT_3D('',#487,#16370,#16371);
#16370=DIRECTION('',(0,0,1));
#16371=DIRECTION('',(-0.003766779537380619,-0.9999929056607936,0));
#16372=FACE_BOUND('',#16373,.T.);
#16373=EDGE_LOOP('',(#16374,#16375,#16376));
#16374=ORIENTED_EDGE('',*,*,#16377,.T.);
#16375=ORIENTED_EDGE('',*,*,#16378,.T.);
#16376=ORIENTED_EDGE('',*,*,#16379,.T.);
#16377=EDGE_CURVE('',#488,#124,#16380,.F.);
#16378=EDGE_CURVE('',#124,#122,#16381,.T.);
#16379=EDGE_CURVE('',#122,#488,#16382,.T.);
#16380=LINE('',#487,#16383);
#16381=LINE('',#123,#16384);
#16382=LINE('',#121,#16385);
#16383=VECTOR('',#16386,1.0);
#16384=VECTOR('',#16387,1.0);
#16385=VECTOR('',#16388,1.0);
#16386=DIRECTION('',(-0.003766779537380619,-0.9999929056607936,0));
#16387=DIRECTION('',(0.9238788723493256,-0.3826850261331614,0));
#16388=DIRECTION('',(-0.0015569751418782517,0.9999987879134692,0));
#16389=FACE_SURFACE('',(#16394),#16390,.T.);
#16390=PLANE('',#16391);
#16391=AXIS2_PLACEMENT_3D('',#487,#16392,#16393);
#16392=DIRECTION('',(-0,0,1));
#16393=DIRECTION('',(0.0015569751418782517,-0.9999987879134692,0));
#16394=FACE_BOUND('',#16395,.T.);
#16395=EDGE_LOOP('',(#16396,#16397,#16398));
#16396=ORIENTED_EDGE('',*,*,#16399,.T.);
#16397=ORIENTED_EDGE('',*,*,#16400,.T.);
#16398=ORIENTED_EDGE('',*,*,#16401,.T.);
#16399=EDGE_CURVE('',#488,#122,#16402,.F.);
#16400=EDGE_CURVE('',#122,#490,#16403,.T.);
#16401=EDGE_CURVE('',#490,#488,#16404,.T.);
#16402=LINE('',#487,#16405);
#16403=LINE('',#121,#16406);
#16404=LINE('',#489,#16407);
#16405=VECTOR('',#16408,1.0);
#16406=VECTOR('',#16409,1.0);
#16407=VECTOR('',#16410,1.0);
#16408=DIRECTION('',(0.0015569751418782517,-0.9999987879134692,0));
#16409=DIRECTION('',(0.003840657642931901,0.9999926246472369,0));
#16410=DIRECTION('',(-0.9238867652843404,-0.38266597043954426,0));
#16411=FACE_SURFACE('',(#16416),#16412,.T.);
#16412=PLANE('',#16413);
#16413=AXIS2_PLACEMENT_3D('',#489,#16414,#16415);
#16414=DIRECTION('',(0,0,1));
#16415=DIRECTION('',(-0.003840657642931901,-0.9999926246472369,0));
#16416=FACE_BOUND('',#16417,.T.);
#16417=EDGE_LOOP('',(#16418,#16419,#16420));
#16418=ORIENTED_EDGE('',*,*,#16421,.T.);
#16419=ORIENTED_EDGE('',*,*,#16422,.T.);
#16420=ORIENTED_EDGE('',*,*,#16423,.T.);
#16421=EDGE_CURVE('',#490,#122,#16424,.F.);
#16422=EDGE_CURVE('',#122,#666,#16425,.T.);
#16423=EDGE_CURVE('',#666,#490,#16426,.T.);
#16424=LINE('',#489,#16427);
#16425=LINE('',#121,#16428);
#16426=LINE('',#665,#16429);
#16427=VECTOR('',#16430,1.0);
#16428=VECTOR('',#16431,1.0);
#16429=VECTOR('',#16432,1.0);
#16430=DIRECTION('',(-0.003840657642931901,-0.9999926246472369,0));
#16431=DIRECTION('',(0.9080664226766937,0.4188261835262359,0));
#16432=DIRECTION('',(-0.9310609154385122,0.36486377148574184,0));
#16433=FACE_SURFACE('',(#16438),#16434,.T.);
#16434=PLANE('',#16435);
#16435=AXIS2_PLACEMENT_3D('',#489,#16436,#16437);
#16436=DIRECTION('',(-0,0,1));
#16437=DIRECTION('',(0.9310609154385122,-0.36486377148574184,0));
#16438=FACE_BOUND('',#16439,.T.);
#16439=EDGE_LOOP('',(#16440,#16441,#16442));
#16440=ORIENTED_EDGE('',*,*,#16443,.T.);
#16441=ORIENTED_EDGE('',*,*,#16444,.T.);
#16442=ORIENTED_EDGE('',*,*,#16445,.T.);
#16443=EDGE_CURVE('',#490,#666,#16446,.F.);
#16444=EDGE_CURVE('',#666,#492,#16447,.T.);
#16445=EDGE_CURVE('',#492,#490,#16448,.T.);
#16446=LINE('',#489,#16449);
#16447=LINE('',#665,#16450);
#16448=LINE('',#491,#16451);
#16449=VECTOR('',#16452,1.0);
#16450=VECTOR('',#16453,1.0);
#16451=VECTOR('',#16454,1.0);
#16452=DIRECTION('',(0.9310609154385122,-0.36486377148574184,0));
#16453=DIRECTION('',(-0.9295985832501521,0.3685735666312903,0));
#16454=DIRECTION('',(-0.793342502756077,-0.6087755524992146,0));
#16455=FACE_SURFACE('',(#16460),#16456,.T.);
#16456=PLANE('',#16457);
#16457=AXIS2_PLACEMENT_3D('',#491,#16458,#16459);
#16458=DIRECTION('',(0,0,1));
#16459=DIRECTION('',(0.9295985832501521,-0.3685735666312903,0));
#16460=FACE_BOUND('',#16461,.T.);
#16461=EDGE_LOOP('',(#16462,#16463,#16464));
#16462=ORIENTED_EDGE('',*,*,#16465,.T.);
#16463=ORIENTED_EDGE('',*,*,#16466,.T.);
#16464=ORIENTED_EDGE('',*,*,#16467,.T.);
#16465=EDGE_CURVE('',#492,#666,#16468,.F.);
#16466=EDGE_CURVE('',#666,#712,#16469,.T.);
#16467=EDGE_CURVE('',#712,#492,#16470,.T.);
#16468=LINE('',#491,#16471);
#16469=LINE('',#665,#16472);
#16470=LINE('',#711,#16473);
#16471=VECTOR('',#16474,1.0);
#16472=VECTOR('',#16475,1.0);
#16473=VECTOR('',#16476,1.0);
#16474=DIRECTION('',(0.9295985832501521,-0.3685735666312903,0));
#16475=DIRECTION('',(0.1305369052181005,0.991443450921978,0));
#16476=DIRECTION('',(-0.9313527639777432,0.36411815257003893,0));
#16477=FACE_SURFACE('',(#16482),#16478,.T.);
#16478=PLANE('',#16479);
#16479=AXIS2_PLACEMENT_3D('',#491,#16480,#16481);
#16480=DIRECTION('',(-0,0,1));
#16481=DIRECTION('',(0.9313527639777432,-0.36411815257003893,0));
#16482=FACE_BOUND('',#16483,.T.);
#16483=EDGE_LOOP('',(#16484,#16485,#16486));
#16484=ORIENTED_EDGE('',*,*,#16487,.T.);
#16485=ORIENTED_EDGE('',*,*,#16488,.T.);
#16486=ORIENTED_EDGE('',*,*,#16489,.T.);
#16487=EDGE_CURVE('',#492,#712,#16490,.F.);
#16488=EDGE_CURVE('',#712,#494,#16491,.T.);
#16489=EDGE_CURVE('',#494,#492,#16492,.T.);
#16490=LINE('',#491,#16493);
#16491=LINE('',#711,#16494);
#16492=LINE('',#493,#16495);
#16493=VECTOR('',#16496,1.0);
#16494=VECTOR('',#16497,1.0);
#16495=VECTOR('',#16498,1.0);
#16496=DIRECTION('',(0.9313527639777432,-0.36411815257003893,0));
#16497=DIRECTION('',(-0.929710586486911,0.3682909520666562,0));
#16498=DIRECTION('',(-0.6087635579670773,-0.7933517066794935,0));
#16499=FACE_SURFACE('',(#16504),#16500,.T.);
#16500=PLANE('',#16501);
#16501=AXIS2_PLACEMENT_3D('',#493,#16502,#16503);
#16502=DIRECTION('',(0,0,1));
#16503=DIRECTION('',(0.929710586486911,-0.3682909520666562,0));
#16504=FACE_BOUND('',#16505,.T.);
#16505=EDGE_LOOP('',(#16506,#16507,#16508));
#16506=ORIENTED_EDGE('',*,*,#16509,.T.);
#16507=ORIENTED_EDGE('',*,*,#16510,.T.);
#16508=ORIENTED_EDGE('',*,*,#16511,.T.);
#16509=EDGE_CURVE('',#494,#712,#16512,.F.);
#16510=EDGE_CURVE('',#712,#710,#16513,.T.);
#16511=EDGE_CURVE('',#710,#494,#16514,.T.);
#16512=LINE('',#493,#16515);
#16513=LINE('',#711,#16516);
#16514=LINE('',#709,#16517);
#16515=VECTOR('',#16518,1.0);
#16516=VECTOR('',#16519,1.0);
#16517=VECTOR('',#16520,1.0);
#16518=DIRECTION('',(0.929710586486911,-0.3682909520666562,0));
#16519=DIRECTION('',(0.38266330894066647,0.9238878676498463,0));
#16520=DIRECTION('',(-0.9315196048970763,0.3636911130236684,0));
#16521=FACE_SURFACE('',(#16526),#16522,.T.);
#16522=PLANE('',#16523);
#16523=AXIS2_PLACEMENT_3D('',#493,#16524,#16525);
#16524=DIRECTION('',(-0,0,1));
#16525=DIRECTION('',(0.9315196048970763,-0.3636911130236684,0));
#16526=FACE_BOUND('',#16527,.T.);
#16527=EDGE_LOOP('',(#16528,#16529,#16530));
#16528=ORIENTED_EDGE('',*,*,#16531,.T.);
#16529=ORIENTED_EDGE('',*,*,#16532,.T.);
#16530=ORIENTED_EDGE('',*,*,#16533,.T.);
#16531=EDGE_CURVE('',#494,#710,#16534,.F.);
#16532=EDGE_CURVE('',#710,#496,#16535,.T.);
#16533=EDGE_CURVE('',#496,#494,#16536,.T.);
#16534=LINE('',#493,#16537);
#16535=LINE('',#709,#16538);
#16536=LINE('',#495,#16539);
#16537=VECTOR('',#16540,1.0);
#16538=VECTOR('',#16541,1.0);
#16539=VECTOR('',#16542,1.0);
#16540=DIRECTION('',(0.9315196048970763,-0.3636911130236684,0));
#16541=DIRECTION('',(-0.9298119473430764,0.36803497466691426,0));
#16542=DIRECTION('',(-0.38266933918522245,-0.9238853699715919,0));
#16543=FACE_SURFACE('',(#16548),#16544,.T.);
#16544=PLANE('',#16545);
#16545=AXIS2_PLACEMENT_3D('',#495,#16546,#16547);
#16546=DIRECTION('',(0,0,1));
#16547=DIRECTION('',(0.9298119473430764,-0.36803497466691426,0));
#16548=FACE_BOUND('',#16549,.T.);
#16549=EDGE_LOOP('',(#16550,#16551,#16552));
#16550=ORIENTED_EDGE('',*,*,#16553,.T.);
#16551=ORIENTED_EDGE('',*,*,#16554,.T.);
#16552=ORIENTED_EDGE('',*,*,#16555,.T.);
#16553=EDGE_CURVE('',#496,#710,#16556,.F.);
#16554=EDGE_CURVE('',#710,#708,#16557,.T.);
#16555=EDGE_CURVE('',#708,#496,#16558,.T.);
#16556=LINE('',#495,#16559);
#16557=LINE('',#709,#16560);
#16558=LINE('',#707,#16561);
#16559=VECTOR('',#16562,1.0);
#16560=VECTOR('',#16563,1.0);
#16561=VECTOR('',#16564,1.0);
#16562=DIRECTION('',(0.9298119473430764,-0.36803497466691426,0));
#16563=DIRECTION('',(0.6087798048722535,0.7933392396570972,0));
#16564=DIRECTION('',(-0.9315489455296588,0.3636159541089755,0));
#16565=FACE_SURFACE('',(#16570),#16566,.T.);
#16566=PLANE('',#16567);
#16567=AXIS2_PLACEMENT_3D('',#495,#16568,#16569);
#16568=DIRECTION('',(-0,0,1));
#16569=DIRECTION('',(0.9315489455296588,-0.3636159541089755,0));
#16570=FACE_BOUND('',#16571,.T.);
#16571=EDGE_LOOP('',(#16572,#16573,#16574));
#16572=ORIENTED_EDGE('',*,*,#16575,.T.);
#16573=ORIENTED_EDGE('',*,*,#16576,.T.);
#16574=ORIENTED_EDGE('',*,*,#16577,.T.);
#16575=EDGE_CURVE('',#496,#708,#16578,.F.);
#16576=EDGE_CURVE('',#708,#852,#16579,.T.);
#16577=EDGE_CURVE('',#852,#496,#16580,.T.);
#16578=LINE('',#495,#16581);
#16579=LINE('',#707,#16582);
#16580=LINE('',#851,#16583);
#16581=VECTOR('',#16584,1.0);
#16582=VECTOR('',#16585,1.0);
#16583=VECTOR('',#16586,1.0);
#16584=DIRECTION('',(0.9315489455296588,-0.3636159541089755,0));
#16585=DIRECTION('',(0.13154710721262453,0.9913099205515852,0));
#16586=DIRECTION('',(-0.9986880918626213,-0.05120639776235383,0));
#16587=FACE_SURFACE('',(#16592),#16588,.T.);
#16588=PLANE('',#16589);
#16589=AXIS2_PLACEMENT_3D('',#851,#16590,#16591);
#16590=DIRECTION('',(0,0,1));
#16591=DIRECTION('',(-0.13154710721262453,-0.9913099205515852,0));
#16592=FACE_BOUND('',#16593,.T.);
#16593=EDGE_LOOP('',(#16594,#16595,#16596));
#16594=ORIENTED_EDGE('',*,*,#16597,.T.);
#16595=ORIENTED_EDGE('',*,*,#16598,.T.);
#16596=ORIENTED_EDGE('',*,*,#16599,.T.);
#16597=EDGE_CURVE('',#852,#708,#16600,.F.);
#16598=EDGE_CURVE('',#708,#706,#16601,.T.);
#16599=EDGE_CURVE('',#706,#852,#16602,.T.);
#16600=LINE('',#851,#16603);
#16601=LINE('',#707,#16604);
#16602=LINE('',#705,#16605);
#16603=VECTOR('',#16606,1.0);
#16604=VECTOR('',#16607,1.0);
#16605=VECTOR('',#16608,1.0);
#16606=DIRECTION('',(-0.13154710721262453,-0.9913099205515852,0));
#16607=DIRECTION('',(0.7933479308247887,0.6087684786977939,0));
#16608=DIRECTION('',(0.12319888945634742,0.9923819998552588,0));
#16609=FACE_SURFACE('',(#16614),#16610,.T.);
#16610=PLANE('',#16611);
#16611=AXIS2_PLACEMENT_3D('',#851,#16612,#16613);
#16612=DIRECTION('',(0,0,1));
#16613=DIRECTION('',(-0.12319888945634742,-0.9923819998552588,0));
#16614=FACE_BOUND('',#16615,.T.);
#16615=EDGE_LOOP('',(#16616,#16617,#16618));
#16616=ORIENTED_EDGE('',*,*,#16619,.T.);
#16617=ORIENTED_EDGE('',*,*,#16620,.T.);
#16618=ORIENTED_EDGE('',*,*,#16621,.T.);
#16619=EDGE_CURVE('',#852,#706,#16622,.F.);
#16620=EDGE_CURVE('',#706,#704,#16623,.T.);
#16621=EDGE_CURVE('',#704,#852,#16624,.T.);
#16622=LINE('',#851,#16625);
#16623=LINE('',#705,#16626);
#16624=LINE('',#703,#16627);
#16625=VECTOR('',#16628,1.0);
#16626=VECTOR('',#16629,1.0);
#16627=VECTOR('',#16630,1.0);
#16628=DIRECTION('',(-0.12319888945634742,-0.9923819998552588,0));
#16629=DIRECTION('',(0.9238841406354295,0.3826723071798299,0));
#16630=DIRECTION('',(0.11284799855711142,0.9936122630189576,0));
#16631=FACE_SURFACE('',(#16636),#16632,.T.);
#16632=PLANE('',#16633);
#16633=AXIS2_PLACEMENT_3D('',#665,#16634,#16635);
#16634=DIRECTION('',(0,0,1));
#16635=DIRECTION('',(-0.9080664226766937,-0.4188261835262359,0));
#16636=FACE_BOUND('',#16637,.T.);
#16637=EDGE_LOOP('',(#16638,#16639,#16640));
#16638=ORIENTED_EDGE('',*,*,#16641,.T.);
#16639=ORIENTED_EDGE('',*,*,#16642,.T.);
#16640=ORIENTED_EDGE('',*,*,#16643,.T.);
#16641=EDGE_CURVE('',#666,#122,#16644,.F.);
#16642=EDGE_CURVE('',#122,#668,#16645,.T.);
#16643=EDGE_CURVE('',#668,#666,#16646,.T.);
#16644=LINE('',#665,#16647);
#16645=LINE('',#121,#16648);
#16646=LINE('',#667,#16649);
#16647=VECTOR('',#16650,1.0);
#16648=VECTOR('',#16651,1.0);
#16649=VECTOR('',#16652,1.0);
#16650=DIRECTION('',(-0.9080664226766937,-0.4188261835262359,0));
#16651=DIRECTION('',(0.9099725198042473,0.41466855824996984,0));
#16652=DIRECTION('',(-0.13053923419243382,0.9914431442783055,0));
#16653=FACE_SURFACE('',(#16658),#16654,.T.);
#16654=PLANE('',#16655);
#16655=AXIS2_PLACEMENT_3D('',#667,#16656,#16657);
#16656=DIRECTION('',(0,0,1));
#16657=DIRECTION('',(-0.9099725198042473,-0.41466855824996984,0));
#16658=FACE_BOUND('',#16659,.T.);
#16659=EDGE_LOOP('',(#16660,#16661,#16662));
#16660=ORIENTED_EDGE('',*,*,#16663,.T.);
#16661=ORIENTED_EDGE('',*,*,#16664,.T.);
#16662=ORIENTED_EDGE('',*,*,#16665,.T.);
#16663=EDGE_CURVE('',#668,#122,#16666,.F.);
#16664=EDGE_CURVE('',#122,#120,#16667,.T.);
#16665=EDGE_CURVE('',#120,#668,#16668,.T.);
#16666=LINE('',#667,#16669);
#16667=LINE('',#121,#16670);
#16668=LINE('',#119,#16671);
#16669=VECTOR('',#16672,1.0);
#16670=VECTOR('',#16673,1.0);
#16671=VECTOR('',#16674,1.0);
#16672=DIRECTION('',(-0.9099725198042473,-0.41466855824996984,0));
#16673=DIRECTION('',(0.7933511211746223,-0.6087643210068818,0));
#16674=DIRECTION('',(0.9083339368098039,0.4182456924340087,0));
#16675=FACE_SURFACE('',(#16680),#16676,.T.);
#16676=PLANE('',#16677);
#16677=AXIS2_PLACEMENT_3D('',#667,#16678,#16679);
#16678=DIRECTION('',(0,0,1));
#16679=DIRECTION('',(-0.9083339368098039,-0.4182456924340087,0));
#16680=FACE_BOUND('',#16681,.T.);
#16681=EDGE_LOOP('',(#16682,#16683,#16684));
#16682=ORIENTED_EDGE('',*,*,#16685,.T.);
#16683=ORIENTED_EDGE('',*,*,#16686,.T.);
#16684=ORIENTED_EDGE('',*,*,#16687,.T.);
#16685=EDGE_CURVE('',#668,#120,#16688,.F.);
#16686=EDGE_CURVE('',#120,#670,#16689,.T.);
#16687=EDGE_CURVE('',#670,#668,#16690,.T.);
#16688=LINE('',#667,#16691);
#16689=LINE('',#119,#16692);
#16690=LINE('',#669,#16693);
#16691=VECTOR('',#16694,1.0);
#16692=VECTOR('',#16695,1.0);
#16693=VECTOR('',#16696,1.0);
#16694=DIRECTION('',(-0.9083339368098039,-0.4182456924340087,0));
#16695=DIRECTION('',(0.9103296046336709,0.41388405493266417,0));
#16696=DIRECTION('',(-0.38266330894066647,0.9238878676498463,0));
#16697=FACE_SURFACE('',(#16702),#16698,.T.);
#16698=PLANE('',#16699);
#16699=AXIS2_PLACEMENT_3D('',#669,#16700,#16701);
#16700=DIRECTION('',(0,0,1));
#16701=DIRECTION('',(-0.9103296046336709,-0.41388405493266417,0));
#16702=FACE_BOUND('',#16703,.T.);
#16703=EDGE_LOOP('',(#16704,#16705,#16706));
#16704=ORIENTED_EDGE('',*,*,#16707,.T.);
#16705=ORIENTED_EDGE('',*,*,#16708,.T.);
#16706=ORIENTED_EDGE('',*,*,#16709,.T.);
#16707=EDGE_CURVE('',#670,#120,#16710,.F.);
#16708=EDGE_CURVE('',#120,#118,#16711,.T.);
#16709=EDGE_CURVE('',#118,#670,#16712,.T.);
#16710=LINE('',#669,#16713);
#16711=LINE('',#119,#16714);
#16712=LINE('',#117,#16715);
#16713=VECTOR('',#16716,1.0);
#16714=VECTOR('',#16717,1.0);
#16715=VECTOR('',#16718,1.0);
#16716=DIRECTION('',(-0.9103296046336709,-0.41388405493266417,0));
#16717=DIRECTION('',(0.6087586442260364,-0.7933554771223792,0));
#16718=DIRECTION('',(0.9085222769751438,0.4178364180392851,0));
#16719=FACE_SURFACE('',(#16724),#16720,.T.);
#16720=PLANE('',#16721);
#16721=AXIS2_PLACEMENT_3D('',#669,#16722,#16723);
#16722=DIRECTION('',(0,0,1));
#16723=DIRECTION('',(-0.9085222769751438,-0.4178364180392851,0));
#16724=FACE_BOUND('',#16725,.T.);
#16725=EDGE_LOOP('',(#16726,#16727,#16728));
#16726=ORIENTED_EDGE('',*,*,#16729,.T.);
#16727=ORIENTED_EDGE('',*,*,#16730,.T.);
#16728=ORIENTED_EDGE('',*,*,#16731,.T.);
#16729=EDGE_CURVE('',#670,#118,#16732,.F.);
#16730=EDGE_CURVE('',#118,#326,#16733,.T.);
#16731=EDGE_CURVE('',#326,#670,#16734,.T.);
#16732=LINE('',#669,#16735);
#16733=LINE('',#117,#16736);
#16734=LINE('',#325,#16737);
#16735=VECTOR('',#16738,1.0);
#16736=VECTOR('',#16739,1.0);
#16737=VECTOR('',#16740,1.0);
#16738=DIRECTION('',(-0.9085222769751438,-0.4178364180392851,0));
#16739=DIRECTION('',(0.9999964411425999,0.0026679021974055474,0));
#16740=DIRECTION('',(0.008715565573227562,0.9999620187370812,0));
#16741=FACE_SURFACE('',(#16746),#16742,.T.);
#16742=PLANE('',#16743);
#16743=AXIS2_PLACEMENT_3D('',#325,#16744,#16745);
#16744=DIRECTION('',(0,0,1));
#16745=DIRECTION('',(-0.9999964411425999,-0.0026679021974055474,0));
#16746=FACE_BOUND('',#16747,.T.);
#16747=EDGE_LOOP('',(#16748,#16749,#16750));
#16748=ORIENTED_EDGE('',*,*,#16751,.T.);
#16749=ORIENTED_EDGE('',*,*,#16752,.T.);
#16750=ORIENTED_EDGE('',*,*,#16753,.T.);
#16751=EDGE_CURVE('',#326,#118,#16754,.F.);
#16752=EDGE_CURVE('',#118,#328,#16755,.T.);
#16753=EDGE_CURVE('',#328,#326,#16756,.T.);
#16754=LINE('',#325,#16757);
#16755=LINE('',#117,#16758);
#16756=LINE('',#327,#16759);
#16757=VECTOR('',#16760,1.0);
#16758=VECTOR('',#16761,1.0);
#16759=VECTOR('',#16762,1.0);
#16760=DIRECTION('',(-0.9999964411425999,-0.0026679021974055474,0));
#16761=DIRECTION('',(0.9999979486645176,-0.002025504074659626,0));
#16762=DIRECTION('',(0.38268431955744037,0.9238791650236836,0));
#16763=FACE_SURFACE('',(#16768),#16764,.T.);
#16764=PLANE('',#16765);
#16765=AXIS2_PLACEMENT_3D('',#327,#16766,#16767);
#16766=DIRECTION('',(0,0,1));
#16767=DIRECTION('',(-0.9999979486645176,0.002025504074659626,0));
#16768=FACE_BOUND('',#16769,.T.);
#16769=EDGE_LOOP('',(#16770,#16771,#16772));
#16770=ORIENTED_EDGE('',*,*,#16773,.T.);
#16771=ORIENTED_EDGE('',*,*,#16774,.T.);
#16772=ORIENTED_EDGE('',*,*,#16775,.T.);
#16773=EDGE_CURVE('',#328,#118,#16776,.F.);
#16774=EDGE_CURVE('',#118,#116,#16777,.T.);
#16775=EDGE_CURVE('',#116,#328,#16778,.T.);
#16776=LINE('',#327,#16779);
#16777=LINE('',#117,#16780);
#16778=LINE('',#115,#16781);
#16779=VECTOR('',#16782,1.0);
#16780=VECTOR('',#16783,1.0);
#16781=VECTOR('',#16784,1.0);
#16782=DIRECTION('',(-0.9999979486645176,0.002025504074659626,0));
#16783=DIRECTION('',(0.3826713211467935,-0.9238845490491588,0));
#16784=DIRECTION('',(0.9999967663184162,0.0025430990367841357,0));
#16785=FACE_SURFACE('',(#16790),#16786,.T.);
#16786=PLANE('',#16787);
#16787=AXIS2_PLACEMENT_3D('',#327,#16788,#16789);
#16788=DIRECTION('',(0,0,1));
#16789=DIRECTION('',(-0.9999967663184162,-0.0025430990367841357,0));
#16790=FACE_BOUND('',#16791,.T.);
#16791=EDGE_LOOP('',(#16792,#16793,#16794));
#16792=ORIENTED_EDGE('',*,*,#16795,.T.);
#16793=ORIENTED_EDGE('',*,*,#16796,.T.);
#16794=ORIENTED_EDGE('',*,*,#16797,.T.);
#16795=EDGE_CURVE('',#328,#116,#16798,.F.);
#16796=EDGE_CURVE('',#116,#282,#16799,.T.);
#16797=EDGE_CURVE('',#282,#328,#16800,.T.);
#16798=LINE('',#327,#16801);
#16799=LINE('',#115,#16802);
#16800=LINE('',#281,#16803);
#16801=VECTOR('',#16804,1.0);
#16802=VECTOR('',#16805,1.0);
#16803=VECTOR('',#16806,1.0);
#16804=DIRECTION('',(-0.9999967663184162,-0.0025430990367841357,0));
#16805=DIRECTION('',(0.9999968493507573,-0.002510236753566073,0));
#16806=DIRECTION('',(0.13053827357286926,0.9914432707586525,0));
#16807=FACE_SURFACE('',(#16812),#16808,.T.);
#16808=PLANE('',#16809);
#16809=AXIS2_PLACEMENT_3D('',#281,#16810,#16811);
#16810=DIRECTION('',(0,0,1));
#16811=DIRECTION('',(-0.9999968493507573,0.002510236753566073,0));
#16812=FACE_BOUND('',#16813,.T.);
#16813=EDGE_LOOP('',(#16814,#16815,#16816));
#16814=ORIENTED_EDGE('',*,*,#16817,.T.);
#16815=ORIENTED_EDGE('',*,*,#16818,.T.);
#16816=ORIENTED_EDGE('',*,*,#16819,.T.);
#16817=EDGE_CURVE('',#282,#116,#16820,.F.);
#16818=EDGE_CURVE('',#116,#114,#16821,.T.);
#16819=EDGE_CURVE('',#114,#282,#16822,.T.);
#16820=LINE('',#281,#16823);
#16821=LINE('',#115,#16824);
#16822=LINE('',#113,#16825);
#16823=VECTOR('',#16826,1.0);
#16824=VECTOR('',#16827,1.0);
#16825=VECTOR('',#16828,1.0);
#16826=DIRECTION('',(-0.9999968493507573,0.002510236753566073,0));
#16827=DIRECTION('',(0.13055378108204757,-0.9914412288407118,0));
#16828=DIRECTION('',(0.999997116621211,0.002401405685030191,0));
#16829=FACE_SURFACE('',(#16834),#16830,.T.);
#16830=PLANE('',#16831);
#16831=AXIS2_PLACEMENT_3D('',#281,#16832,#16833);
#16832=DIRECTION('',(0,0,1));
#16833=DIRECTION('',(-0.999997116621211,-0.002401405685030191,0));
#16834=FACE_BOUND('',#16835,.T.);
#16835=EDGE_LOOP('',(#16836,#16837,#16838));
#16836=ORIENTED_EDGE('',*,*,#16839,.T.);
#16837=ORIENTED_EDGE('',*,*,#16840,.T.);
#16838=ORIENTED_EDGE('',*,*,#16841,.T.);
#16839=EDGE_CURVE('',#282,#114,#16842,.F.);
#16840=EDGE_CURVE('',#114,#284,#16843,.T.);
#16841=EDGE_CURVE('',#284,#282,#16844,.T.);
#16842=LINE('',#281,#16845);
#16843=LINE('',#113,#16846);
#16844=LINE('',#283,#16847);
#16845=VECTOR('',#16848,1.0);
#16846=VECTOR('',#16849,1.0);
#16847=VECTOR('',#16850,1.0);
#16848=DIRECTION('',(-0.999997116621211,-0.002401405685030191,0));
#16849=DIRECTION('',(0.9999964746402527,-0.002655316754417259,0));
#16850=DIRECTION('',(-0.13053340082785728,0.9914439123159282,0));
#16851=FACE_SURFACE('',(#16856),#16852,.T.);
#16852=PLANE('',#16853);
#16853=AXIS2_PLACEMENT_3D('',#283,#16854,#16855);
#16854=DIRECTION('',(0,0,1));
#16855=DIRECTION('',(-0.9999964746402527,0.002655316754417259,0));
#16856=FACE_BOUND('',#16857,.T.);
#16857=EDGE_LOOP('',(#16858,#16859,#16860));
#16858=ORIENTED_EDGE('',*,*,#16861,.T.);
#16859=ORIENTED_EDGE('',*,*,#16862,.T.);
#16860=ORIENTED_EDGE('',*,*,#16863,.T.);
#16861=EDGE_CURVE('',#284,#114,#16864,.F.);
#16862=EDGE_CURVE('',#114,#112,#16865,.T.);
#16863=EDGE_CURVE('',#112,#284,#16866,.T.);
#16864=LINE('',#283,#16867);
#16865=LINE('',#113,#16868);
#16866=LINE('',#111,#16869);
#16867=VECTOR('',#16870,1.0);
#16868=VECTOR('',#16871,1.0);
#16869=VECTOR('',#16872,1.0);
#16870=DIRECTION('',(-0.9999964746402527,0.002655316754417259,0));
#16871=DIRECTION('',(-0.1305537810820565,-0.9914412288407107,0));
#16872=DIRECTION('',(0.9999974614907073,0.0022532226124763444,0));
#16873=FACE_SURFACE('',(#16878),#16874,.T.);
#16874=PLANE('',#16875);
#16875=AXIS2_PLACEMENT_3D('',#283,#16876,#16877);
#16876=DIRECTION('',(0,0,1));
#16877=DIRECTION('',(-0.9999974614907073,-0.0022532226124763444,0));
#16878=FACE_BOUND('',#16879,.T.);
#16879=EDGE_LOOP('',(#16880,#16881,#16882));
#16880=ORIENTED_EDGE('',*,*,#16883,.T.);
#16881=ORIENTED_EDGE('',*,*,#16884,.T.);
#16882=ORIENTED_EDGE('',*,*,#16885,.T.);
#16883=EDGE_CURVE('',#284,#112,#16886,.F.);
#16884=EDGE_CURVE('',#112,#286,#16887,.T.);
#16885=EDGE_CURVE('',#286,#284,#16888,.T.);
#16886=LINE('',#283,#16889);
#16887=LINE('',#111,#16890);
#16888=LINE('',#285,#16891);
#16889=VECTOR('',#16892,1.0);
#16890=VECTOR('',#16893,1.0);
#16891=VECTOR('',#16894,1.0);
#16892=DIRECTION('',(-0.9999974614907073,-0.0022532226124763444,0));
#16893=DIRECTION('',(0.9999969995038276,-0.002449690458385538,0));
#16894=DIRECTION('',(-0.382671008331921,0.9238846786164553,0));
#16895=FACE_SURFACE('',(#16900),#16896,.T.);
#16896=PLANE('',#16897);
#16897=AXIS2_PLACEMENT_3D('',#285,#16898,#16899);
#16898=DIRECTION('',(0,0,1));
#16899=DIRECTION('',(-0.9999969995038276,0.002449690458385538,0));
#16900=FACE_BOUND('',#16901,.T.);
#16901=EDGE_LOOP('',(#16902,#16903,#16904));
#16902=ORIENTED_EDGE('',*,*,#16905,.T.);
#16903=ORIENTED_EDGE('',*,*,#16906,.T.);
#16904=ORIENTED_EDGE('',*,*,#16907,.T.);
#16905=EDGE_CURVE('',#286,#112,#16908,.F.);
#16906=EDGE_CURVE('',#112,#110,#16909,.T.);
#16907=EDGE_CURVE('',#110,#286,#16910,.T.);
#16908=LINE('',#285,#16911);
#16909=LINE('',#111,#16912);
#16910=LINE('',#109,#16913);
#16911=VECTOR('',#16914,1.0);
#16912=VECTOR('',#16915,1.0);
#16913=VECTOR('',#16916,1.0);
#16914=DIRECTION('',(-0.9999969995038276,0.002449690458385538,0));
#16915=DIRECTION('',(-0.3826850261331614,-0.9238788723493256,0));
#16916=DIRECTION('',(0.9999977746409843,0.0021096713202096162,0));
#16917=FACE_SURFACE('',(#16922),#16918,.T.);
#16918=PLANE('',#16919);
#16919=AXIS2_PLACEMENT_3D('',#285,#16920,#16921);
#16920=DIRECTION('',(0,0,1));
#16921=DIRECTION('',(-0.9999977746409843,-0.0021096713202096162,0));
#16922=FACE_BOUND('',#16923,.T.);
#16923=EDGE_LOOP('',(#16924,#16925,#16926));
#16924=ORIENTED_EDGE('',*,*,#16927,.T.);
#16925=ORIENTED_EDGE('',*,*,#16928,.T.);
#16926=ORIENTED_EDGE('',*,*,#16929,.T.);
#16927=EDGE_CURVE('',#286,#110,#16930,.F.);
#16928=EDGE_CURVE('',#110,#288,#16931,.T.);
#16929=EDGE_CURVE('',#288,#286,#16932,.T.);
#16930=LINE('',#285,#16933);
#16931=LINE('',#109,#16934);
#16932=LINE('',#287,#16935);
#16933=VECTOR('',#16936,1.0);
#16934=VECTOR('',#16937,1.0);
#16935=VECTOR('',#16938,1.0);
#16936=DIRECTION('',(-0.9999977746409843,-0.0021096713202096162,0));
#16937=DIRECTION('',(0.999998173066939,-0.0019115079869630378,0));
#16938=DIRECTION('',(-0.6087587206462993,0.7933554184834694,0));
#16939=FACE_SURFACE('',(#16944),#16940,.T.);
#16940=PLANE('',#16941);
#16941=AXIS2_PLACEMENT_3D('',#287,#16942,#16943);
#16942=DIRECTION('',(0,0,1));
#16943=DIRECTION('',(-0.999998173066939,0.0019115079869630378,0));
#16944=FACE_BOUND('',#16945,.T.);
#16945=EDGE_LOOP('',(#16946,#16947,#16948));
#16946=ORIENTED_EDGE('',*,*,#16949,.T.);
#16947=ORIENTED_EDGE('',*,*,#16950,.T.);
#16948=ORIENTED_EDGE('',*,*,#16951,.T.);
#16949=EDGE_CURVE('',#288,#110,#16952,.F.);
#16950=EDGE_CURVE('',#110,#108,#16953,.T.);
#16951=EDGE_CURVE('',#108,#288,#16954,.T.);
#16952=LINE('',#287,#16955);
#16953=LINE('',#109,#16956);
#16954=LINE('',#107,#16957);
#16955=VECTOR('',#16958,1.0);
#16956=VECTOR('',#16959,1.0);
#16957=VECTOR('',#16960,1.0);
#16958=DIRECTION('',(-0.999998173066939,0.0019115079869630378,0));
#16959=DIRECTION('',(-0.6087399228228632,-0.7933698421049382,0));
#16960=DIRECTION('',(0.9999980358815332,0.0019819770623577433,0));
#16961=FACE_SURFACE('',(#16966),#16962,.T.);
#16962=PLANE('',#16963);
#16963=AXIS2_PLACEMENT_3D('',#287,#16964,#16965);
#16964=DIRECTION('',(0,0,1));
#16965=DIRECTION('',(-0.9999980358815332,-0.0019819770623577433,0));
#16966=FACE_BOUND('',#16967,.T.);
#16967=EDGE_LOOP('',(#16968,#16969,#16970));
#16968=ORIENTED_EDGE('',*,*,#16971,.T.);
#16969=ORIENTED_EDGE('',*,*,#16972,.T.);
#16970=ORIENTED_EDGE('',*,*,#16973,.T.);
#16971=EDGE_CURVE('',#288,#108,#16974,.F.);
#16972=EDGE_CURVE('',#108,#290,#16975,.T.);
#16973=EDGE_CURVE('',#290,#288,#16976,.T.);
#16974=LINE('',#287,#16977);
#16975=LINE('',#107,#16978);
#16976=LINE('',#289,#16979);
#16977=VECTOR('',#16980,1.0);
#16978=VECTOR('',#16981,1.0);
#16979=VECTOR('',#16982,1.0);
#16980=DIRECTION('',(-0.9999980358815332,-0.0019819770623577433,0));
#16981=DIRECTION('',(0.9999994115457829,-0.001084853947771856,0));
#16982=DIRECTION('',(-0.7933596495720815,0.6087532065056118,0));
#16983=FACE_SURFACE('',(#16988),#16984,.T.);
#16984=PLANE('',#16985);
#16985=AXIS2_PLACEMENT_3D('',#289,#16986,#16987);
#16986=DIRECTION('',(0,0,1));
#16987=DIRECTION('',(-0.9999994115457829,0.001084853947771856,0));
#16988=FACE_BOUND('',#16989,.T.);
#16989=EDGE_LOOP('',(#16990,#16991,#16992));
#16990=ORIENTED_EDGE('',*,*,#16993,.T.);
#16991=ORIENTED_EDGE('',*,*,#16994,.T.);
#16992=ORIENTED_EDGE('',*,*,#16995,.T.);
#16993=EDGE_CURVE('',#290,#108,#16996,.F.);
#16994=EDGE_CURVE('',#108,#106,#16997,.T.);
#16995=EDGE_CURVE('',#106,#290,#16998,.T.);
#16996=LINE('',#289,#16999);
#16997=LINE('',#107,#17000);
#16998=LINE('',#105,#17001);
#16999=VECTOR('',#17002,1.0);
#17000=VECTOR('',#17003,1.0);
#17001=VECTOR('',#17004,1.0);
#17002=DIRECTION('',(-0.9999994115457829,0.001084853947771856,0));
#17003=DIRECTION('',(-0.7933698421049382,-0.6087399228228632,0));
#17004=DIRECTION('',(0.999998234653674,0.0018790129151736409,0));
#17005=FACE_SURFACE('',(#17010),#17006,.T.);
#17006=PLANE('',#17007);
#17007=AXIS2_PLACEMENT_3D('',#289,#17008,#17009);
#17008=DIRECTION('',(0,0,1));
#17009=DIRECTION('',(-0.999998234653674,-0.0018790129151736409,0));
#17010=FACE_BOUND('',#17011,.T.);
#17011=EDGE_LOOP('',(#17012,#17013,#17014));
#17012=ORIENTED_EDGE('',*,*,#17015,.T.);
#17013=ORIENTED_EDGE('',*,*,#17016,.T.);
#17014=ORIENTED_EDGE('',*,*,#17017,.T.);
#17015=EDGE_CURVE('',#290,#106,#17018,.F.);
#17016=EDGE_CURVE('',#106,#836,#17019,.T.);
#17017=EDGE_CURVE('',#836,#290,#17020,.T.);
#17018=LINE('',#289,#17021);
#17019=LINE('',#105,#17022);
#17020=LINE('',#835,#17023);
#17021=VECTOR('',#17024,1.0);
#17022=VECTOR('',#17025,1.0);
#17023=VECTOR('',#17026,1.0);
#17024=DIRECTION('',(-0.999998234653674,-0.0018790129151736409,0));
#17025=DIRECTION('',(0.9995716924535509,-0.02926485341743277,0));
#17026=DIRECTION('',(-0.871514777777478,0.4903692405886337,0));
#17027=FACE_SURFACE('',(#17032),#17028,.T.);
#17028=PLANE('',#17029);
#17029=AXIS2_PLACEMENT_3D('',#835,#17030,#17031);
#17030=DIRECTION('',(0,0,1));
#17031=DIRECTION('',(-0.9995716924535509,0.02926485341743277,0));
#17032=FACE_BOUND('',#17033,.T.);
#17033=EDGE_LOOP('',(#17034,#17035,#17036));
#17034=ORIENTED_EDGE('',*,*,#17037,.T.);
#17035=ORIENTED_EDGE('',*,*,#17038,.T.);
#17036=ORIENTED_EDGE('',*,*,#17039,.T.);
#17037=EDGE_CURVE('',#836,#106,#17040,.F.);
#17038=EDGE_CURVE('',#106,#838,#17041,.T.);
#17039=EDGE_CURVE('',#838,#836,#17042,.T.);
#17040=LINE('',#835,#17043);
#17041=LINE('',#105,#17044);
#17042=LINE('',#837,#17045);
#17043=VECTOR('',#17046,1.0);
#17044=VECTOR('',#17047,1.0);
#17045=VECTOR('',#17048,1.0);
#17046=DIRECTION('',(-0.9995716924535509,0.02926485341743277,0));
#17047=DIRECTION('',(-0.8765328029198328,-0.481342129265143,0));
#17048=DIRECTION('',(1,0,0));
#17049=FACE_SURFACE('',(#17054),#17050,.T.);
#17050=PLANE('',#17051);
#17051=AXIS2_PLACEMENT_3D('',#837,#17052,#17053);
#17052=DIRECTION('',(0,0,1));
#17053=DIRECTION('',(0.8765328029198328,0.481342129265143,0));
#17054=FACE_BOUND('',#17055,.T.);
#17055=EDGE_LOOP('',(#17056,#17057,#17058));
#17056=ORIENTED_EDGE('',*,*,#17059,.T.);
#17057=ORIENTED_EDGE('',*,*,#17060,.T.);
#17058=ORIENTED_EDGE('',*,*,#17061,.T.);
#17059=EDGE_CURVE('',#838,#106,#17062,.F.);
#17060=EDGE_CURVE('',#106,#104,#17063,.T.);
#17061=EDGE_CURVE('',#104,#838,#17064,.T.);
#17062=LINE('',#837,#17065);
#17063=LINE('',#105,#17066);
#17064=LINE('',#103,#17067);
#17065=VECTOR('',#17068,1.0);
#17066=VECTOR('',#17069,1.0);
#17067=VECTOR('',#17070,1.0);
#17068=DIRECTION('',(0.8765328029198328,0.481342129265143,0));
#17069=DIRECTION('',(-0.9238788723493256,-0.3826850261331614,0));
#17070=DIRECTION('',(-0.8722037739289193,-0.4891426956872099,0));
#17071=FACE_SURFACE('',(#17076),#17072,.T.);
#17072=PLANE('',#17073);
#17073=AXIS2_PLACEMENT_3D('',#837,#17074,#17075);
#17074=DIRECTION('',(0,0,1));
#17075=DIRECTION('',(0.8722037739289193,0.4891426956872099,0));
#17076=FACE_BOUND('',#17077,.T.);
#17077=EDGE_LOOP('',(#17078,#17079,#17080));
#17078=ORIENTED_EDGE('',*,*,#17081,.T.);
#17079=ORIENTED_EDGE('',*,*,#17082,.T.);
#17080=ORIENTED_EDGE('',*,*,#17083,.T.);
#17081=EDGE_CURVE('',#838,#104,#17084,.F.);
#17082=EDGE_CURVE('',#104,#102,#17085,.T.);
#17083=EDGE_CURVE('',#102,#838,#17086,.T.);
#17084=LINE('',#837,#17087);
#17085=LINE('',#103,#17088);
#17086=LINE('',#101,#17089);
#17087=VECTOR('',#17090,1.0);
#17088=VECTOR('',#17091,1.0);
#17089=VECTOR('',#17092,1.0);
#17090=DIRECTION('',(0.8722037739289193,0.4891426956872099,0));
#17091=DIRECTION('',(-0.9914412288407107,-0.1305537810820565,0));
#17092=DIRECTION('',(-0.8557074168659415,-0.5174599662975076,0));
#17093=FACE_SURFACE('',(#17098),#17094,.T.);
#17094=PLANE('',#17095);
#17095=AXIS2_PLACEMENT_3D('',#101,#17096,#17097);
#17096=DIRECTION('',(0,0,1));
#17097=DIRECTION('',(-0.9914412288407118,0.13055378108204757,0));
#17098=FACE_BOUND('',#17099,.T.);
#17099=EDGE_LOOP('',(#17100,#17101,#17102));
#17100=ORIENTED_EDGE('',*,*,#17103,.T.);
#17101=ORIENTED_EDGE('',*,*,#17104,.T.);
#17102=ORIENTED_EDGE('',*,*,#17105,.T.);
#17103=EDGE_CURVE('',#102,#100,#17106,.F.);
#17104=EDGE_CURVE('',#100,#838,#17107,.T.);
#17105=EDGE_CURVE('',#838,#102,#17108,.T.);
#17106=LINE('',#101,#17109);
#17107=LINE('',#99,#17110);
#17108=LINE('',#837,#17111);
#17109=VECTOR('',#17112,1.0);
#17110=VECTOR('',#17113,1.0);
#17111=VECTOR('',#17114,1.0);
#17112=DIRECTION('',(-0.9914412288407118,0.13055378108204757,0));
#17113=DIRECTION('',(-0.8236027626399405,-0.5671670735963591,0));
#17114=DIRECTION('',(0.8557074168659415,0.5174599662975076,0));
#17115=FACE_SURFACE('',(#17120),#17116,.T.);
#17116=PLANE('',#17117);
#17117=AXIS2_PLACEMENT_3D('',#837,#17118,#17119);
#17118=DIRECTION('',(0,0,1));
#17119=DIRECTION('',(0.8236027626399405,0.5671670735963591,0));
#17120=FACE_BOUND('',#17121,.T.);
#17121=EDGE_LOOP('',(#17122,#17123,#17124));
#17122=ORIENTED_EDGE('',*,*,#17125,.T.);
#17123=ORIENTED_EDGE('',*,*,#17126,.T.);
#17124=ORIENTED_EDGE('',*,*,#17127,.T.);
#17125=EDGE_CURVE('',#838,#100,#17128,.F.);
#17126=EDGE_CURVE('',#100,#98,#17129,.T.);
#17127=EDGE_CURVE('',#98,#838,#17130,.T.);
#17128=LINE('',#837,#17131);
#17129=LINE('',#99,#17132);
#17130=LINE('',#97,#17133);
#17131=VECTOR('',#17134,1.0);
#17132=VECTOR('',#17135,1.0);
#17133=VECTOR('',#17136,1.0);
#17134=DIRECTION('',(0.8236027626399405,0.5671670735963591,0));
#17135=DIRECTION('',(-0.9238845490491588,0.3826713211467935,0));
#17136=DIRECTION('',(-0.7733887272029448,-0.6339320757268944,0));
#17137=FACE_SURFACE('',(#17142),#17138,.T.);
#17138=PLANE('',#17139);
#17139=AXIS2_PLACEMENT_3D('',#837,#17140,#17141);
#17140=DIRECTION('',(0,0,1));
#17141=DIRECTION('',(0.7733887272029448,0.6339320757268944,0));
#17142=FACE_BOUND('',#17143,.T.);
#17143=EDGE_LOOP('',(#17144,#17145,#17146));
#17144=ORIENTED_EDGE('',*,*,#17147,.T.);
#17145=ORIENTED_EDGE('',*,*,#17148,.T.);
#17146=ORIENTED_EDGE('',*,*,#17149,.T.);
#17147=EDGE_CURVE('',#838,#98,#17150,.F.);
#17148=EDGE_CURVE('',#98,#96,#17151,.T.);
#17149=EDGE_CURVE('',#96,#838,#17152,.T.);
#17150=LINE('',#837,#17153);
#17151=LINE('',#97,#17154);
#17152=LINE('',#95,#17155);
#17153=VECTOR('',#17156,1.0);
#17154=VECTOR('',#17157,1.0);
#17155=VECTOR('',#17158,1.0);
#17156=DIRECTION('',(0.7733887272029448,0.6339320757268944,0));
#17157=DIRECTION('',(-0.7933554771223792,0.6087586442260364,0));
#17158=DIRECTION('',(-0.7071067811865475,-0.7071067811865475,0));
#17159=FACE_SURFACE('',(#17164),#17160,.T.);
#17160=PLANE('',#17161);
#17161=AXIS2_PLACEMENT_3D('',#95,#17162,#17163);
#17162=DIRECTION('',(0,0,1));
#17163=DIRECTION('',(-0.6087643210068818,0.7933511211746223,0));
#17164=FACE_BOUND('',#17165,.T.);
#17165=EDGE_LOOP('',(#17166,#17167,#17168));
#17166=ORIENTED_EDGE('',*,*,#17169,.T.);
#17167=ORIENTED_EDGE('',*,*,#17170,.T.);
#17168=ORIENTED_EDGE('',*,*,#17171,.T.);
#17169=EDGE_CURVE('',#96,#94,#17172,.F.);
#17170=EDGE_CURVE('',#94,#838,#17173,.T.);
#17171=EDGE_CURVE('',#838,#96,#17174,.T.);
#17172=LINE('',#95,#17175);
#17173=LINE('',#93,#17176);
#17174=LINE('',#837,#17177);
#17175=VECTOR('',#17178,1.0);
#17176=VECTOR('',#17179,1.0);
#17177=VECTOR('',#17180,1.0);
#17178=DIRECTION('',(-0.6087643210068818,0.7933511211746223,0));
#17179=DIRECTION('',(-0.6339278792735213,-0.7733921669371726,0));
#17180=DIRECTION('',(0.7071067811865475,0.7071067811865475,0));
#17181=FACE_SURFACE('',(#17186),#17182,.T.);
#17182=PLANE('',#17183);
#17183=AXIS2_PLACEMENT_3D('',#837,#17184,#17185);
#17184=DIRECTION('',(0,0,1));
#17185=DIRECTION('',(0.6339278792735213,0.7733921669371726,0));
#17186=FACE_BOUND('',#17187,.T.);
#17187=EDGE_LOOP('',(#17188,#17189,#17190));
#17188=ORIENTED_EDGE('',*,*,#17191,.T.);
#17189=ORIENTED_EDGE('',*,*,#17192,.T.);
#17190=ORIENTED_EDGE('',*,*,#17193,.T.);
#17191=EDGE_CURVE('',#838,#94,#17194,.F.);
#17192=EDGE_CURVE('',#94,#92,#17195,.T.);
#17193=EDGE_CURVE('',#92,#838,#17196,.T.);
#17194=LINE('',#837,#17197);
#17195=LINE('',#93,#17198);
#17196=LINE('',#91,#17199);
#17197=VECTOR('',#17200,1.0);
#17198=VECTOR('',#17201,1.0);
#17199=VECTOR('',#17202,1.0);
#17200=DIRECTION('',(0.6339278792735213,0.7733921669371726,0));
#17201=DIRECTION('',(-0.3826850261331614,0.9238788723493256,0));
#17202=DIRECTION('',(-0.5671645842382469,-0.8236044769097945,0));
#17203=FACE_SURFACE('',(#17208),#17204,.T.);
#17204=PLANE('',#17205);
#17205=AXIS2_PLACEMENT_3D('',#325,#17206,#17207);
#17206=DIRECTION('',(0,0,1));
#17207=DIRECTION('',(0.6087587206462993,0.7933554184834694,0));
#17208=FACE_BOUND('',#17209,.T.);
#17209=EDGE_LOOP('',(#17210,#17211,#17212));
#17210=ORIENTED_EDGE('',*,*,#17213,.T.);
#17211=ORIENTED_EDGE('',*,*,#17214,.T.);
#17212=ORIENTED_EDGE('',*,*,#17215,.T.);
#17213=EDGE_CURVE('',#326,#324,#17216,.F.);
#17214=EDGE_CURVE('',#324,#670,#17217,.T.);
#17215=EDGE_CURVE('',#670,#326,#17218,.T.);
#17216=LINE('',#325,#17219);
#17217=LINE('',#323,#17220);
#17218=LINE('',#669,#17221);
#17219=VECTOR('',#17222,1.0);
#17220=VECTOR('',#17223,1.0);
#17221=VECTOR('',#17224,1.0);
#17222=DIRECTION('',(0.6087587206462993,0.7933554184834694,0));
#17223=DIRECTION('',(0.002002439823564201,0.9999979951153667,0));
#17224=DIRECTION('',(-0.008715565573227562,-0.9999620187370812,0));
#17225=FACE_SURFACE('',(#17230),#17226,.T.);
#17226=PLANE('',#17227);
#17227=AXIS2_PLACEMENT_3D('',#669,#17228,#17229);
#17228=DIRECTION('',(0,0,1));
#17229=DIRECTION('',(-0.002002439823564201,-0.9999979951153667,0));
#17230=FACE_BOUND('',#17231,.T.);
#17231=EDGE_LOOP('',(#17232,#17233,#17234));
#17232=ORIENTED_EDGE('',*,*,#17235,.T.);
#17233=ORIENTED_EDGE('',*,*,#17236,.T.);
#17234=ORIENTED_EDGE('',*,*,#17237,.T.);
#17235=EDGE_CURVE('',#670,#324,#17238,.F.);
#17236=EDGE_CURVE('',#324,#672,#17239,.T.);
#17237=EDGE_CURVE('',#672,#670,#17240,.T.);
#17238=LINE('',#669,#17241);
#17239=LINE('',#323,#17242);
#17240=LINE('',#671,#17243);
#17241=VECTOR('',#17244,1.0);
#17242=VECTOR('',#17245,1.0);
#17243=VECTOR('',#17246,1.0);
#17244=DIRECTION('',(-0.002002439823564201,-0.9999979951153667,0));
#17245=DIRECTION('',(0.009191033306423003,0.9999577615613372,0));
#17246=DIRECTION('',(-0.6087798048722689,0.7933392396570853,0));
#17247=FACE_SURFACE('',(#17252),#17248,.T.);
#17248=PLANE('',#17249);
#17249=AXIS2_PLACEMENT_3D('',#671,#17250,#17251);
#17250=DIRECTION('',(0,0,1));
#17251=DIRECTION('',(-0.009191033306423003,-0.9999577615613372,0));
#17252=FACE_BOUND('',#17253,.T.);
#17253=EDGE_LOOP('',(#17254,#17255,#17256));
#17254=ORIENTED_EDGE('',*,*,#17257,.T.);
#17255=ORIENTED_EDGE('',*,*,#17258,.T.);
#17256=ORIENTED_EDGE('',*,*,#17259,.T.);
#17257=EDGE_CURVE('',#672,#324,#17260,.F.);
#17258=EDGE_CURVE('',#324,#322,#17261,.T.);
#17259=EDGE_CURVE('',#322,#672,#17262,.T.);
#17260=LINE('',#671,#17263);
#17261=LINE('',#323,#17264);
#17262=LINE('',#321,#17265);
#17263=VECTOR('',#17266,1.0);
#17264=VECTOR('',#17267,1.0);
#17265=VECTOR('',#17268,1.0);
#17266=DIRECTION('',(-0.009191033306423003,-0.9999577615613372,0));
#17267=DIRECTION('',(0.7933596495720492,0.608753206505654,0));
#17268=DIRECTION('',(0.0002612170105713069,0.9999999658828361,0));
#17269=FACE_SURFACE('',(#17274),#17270,.T.);
#17270=PLANE('',#17271);
#17271=AXIS2_PLACEMENT_3D('',#671,#17272,#17273);
#17272=DIRECTION('',(0,0,1));
#17273=DIRECTION('',(-0.0002612170105713069,-0.9999999658828361,0));
#17274=FACE_BOUND('',#17275,.T.);
#17275=EDGE_LOOP('',(#17276,#17277,#17278));
#17276=ORIENTED_EDGE('',*,*,#17279,.T.);
#17277=ORIENTED_EDGE('',*,*,#17280,.T.);
#17278=ORIENTED_EDGE('',*,*,#17281,.T.);
#17279=EDGE_CURVE('',#672,#322,#17282,.F.);
#17280=EDGE_CURVE('',#322,#674,#17283,.T.);
#17281=EDGE_CURVE('',#674,#672,#17284,.T.);
#17282=LINE('',#671,#17285);
#17283=LINE('',#321,#17286);
#17284=LINE('',#673,#17287);
#17285=VECTOR('',#17288,1.0);
#17286=VECTOR('',#17289,1.0);
#17287=VECTOR('',#17290,1.0);
#17288=DIRECTION('',(-0.0002612170105713069,-0.9999999658828361,0));
#17289=DIRECTION('',(0.009739581401328955,0.9999525691522209,0));
#17290=DIRECTION('',(-0.7933479308247732,0.6087684786978139,0));
#17291=FACE_SURFACE('',(#17296),#17292,.T.);
#17292=PLANE('',#17293);
#17293=AXIS2_PLACEMENT_3D('',#673,#17294,#17295);
#17294=DIRECTION('',(0,0,1));
#17295=DIRECTION('',(-0.009739581401328955,-0.9999525691522209,0));
#17296=FACE_BOUND('',#17297,.T.);
#17297=EDGE_LOOP('',(#17298,#17299,#17300));
#17298=ORIENTED_EDGE('',*,*,#17301,.T.);
#17299=ORIENTED_EDGE('',*,*,#17302,.T.);
#17300=ORIENTED_EDGE('',*,*,#17303,.T.);
#17301=EDGE_CURVE('',#674,#322,#17304,.F.);
#17302=EDGE_CURVE('',#322,#320,#17305,.T.);
#17303=EDGE_CURVE('',#320,#674,#17306,.T.);
#17304=LINE('',#673,#17307);
#17305=LINE('',#321,#17308);
#17306=LINE('',#319,#17309);
#17307=VECTOR('',#17310,1.0);
#17308=VECTOR('',#17311,1.0);
#17309=VECTOR('',#17312,1.0);
#17310=DIRECTION('',(-0.009739581401328955,-0.9999525691522209,0));
#17311=DIRECTION('',(0.9238658530077329,0.3827164559387198,0));
#17312=DIRECTION('',(-0.0008131096716170947,0.9999996694262763,0));
#17313=FACE_SURFACE('',(#17318),#17314,.T.);
#17314=PLANE('',#17315);
#17315=AXIS2_PLACEMENT_3D('',#673,#17316,#17317);
#17316=DIRECTION('',(0,0,1));
#17317=DIRECTION('',(0.0008131096716170947,-0.9999996694262763,0));
#17318=FACE_BOUND('',#17319,.T.);
#17319=EDGE_LOOP('',(#17320,#17321,#17322));
#17320=ORIENTED_EDGE('',*,*,#17323,.T.);
#17321=ORIENTED_EDGE('',*,*,#17324,.T.);
#17322=ORIENTED_EDGE('',*,*,#17325,.T.);
#17323=EDGE_CURVE('',#674,#320,#17326,.F.);
#17324=EDGE_CURVE('',#320,#676,#17327,.T.);
#17325=EDGE_CURVE('',#676,#674,#17328,.T.);
#17326=LINE('',#673,#17329);
#17327=LINE('',#319,#17330);
#17328=LINE('',#675,#17331);
#17329=VECTOR('',#17332,1.0);
#17330=VECTOR('',#17333,1.0);
#17331=VECTOR('',#17334,1.0);
#17332=DIRECTION('',(0.0008131096716170947,-0.9999996694262763,0));
#17333=DIRECTION('',(0.010318442725517107,0.9999467634527951,0));
#17334=DIRECTION('',(-0.9238777783680087,0.38268766721413017,0));
#17335=FACE_SURFACE('',(#17340),#17336,.T.);
#17336=PLANE('',#17337);
#17337=AXIS2_PLACEMENT_3D('',#675,#17338,#17339);
#17338=DIRECTION('',(0,0,1));
#17339=DIRECTION('',(-0.010318442725517107,-0.9999467634527951,0));
#17340=FACE_BOUND('',#17341,.T.);
#17341=EDGE_LOOP('',(#17342,#17343,#17344));
#17342=ORIENTED_EDGE('',*,*,#17345,.T.);
#17343=ORIENTED_EDGE('',*,*,#17346,.T.);
#17344=ORIENTED_EDGE('',*,*,#17347,.T.);
#17345=EDGE_CURVE('',#676,#320,#17348,.F.);
#17346=EDGE_CURVE('',#320,#318,#17349,.T.);
#17347=EDGE_CURVE('',#318,#676,#17350,.T.);
#17348=LINE('',#675,#17351);
#17349=LINE('',#319,#17352);
#17350=LINE('',#317,#17353);
#17351=VECTOR('',#17354,1.0);
#17352=VECTOR('',#17355,1.0);
#17353=VECTOR('',#17356,1.0);
#17354=DIRECTION('',(-0.010318442725517107,-0.9999467634527951,0));
#17355=DIRECTION('',(0.9914487842138389,0.13049639183096454,0));
#17356=DIRECTION('',(-0.0011061377835048592,0.9999993882294148,0));
#17357=FACE_SURFACE('',(#17362),#17358,.T.);
#17358=PLANE('',#17359);
#17359=AXIS2_PLACEMENT_3D('',#675,#17360,#17361);
#17360=DIRECTION('',(0,0,1));
#17361=DIRECTION('',(0.0011061377835048592,-0.9999993882294148,0));
#17362=FACE_BOUND('',#17363,.T.);
#17363=EDGE_LOOP('',(#17364,#17365,#17366));
#17364=ORIENTED_EDGE('',*,*,#17367,.T.);
#17365=ORIENTED_EDGE('',*,*,#17368,.T.);
#17366=ORIENTED_EDGE('',*,*,#17369,.T.);
#17367=EDGE_CURVE('',#676,#318,#17370,.F.);
#17368=EDGE_CURVE('',#318,#678,#17371,.T.);
#17369=EDGE_CURVE('',#678,#676,#17372,.T.);
#17370=LINE('',#675,#17373);
#17371=LINE('',#317,#17374);
#17372=LINE('',#677,#17375);
#17373=VECTOR('',#17376,1.0);
#17374=VECTOR('',#17377,1.0);
#17375=VECTOR('',#17378,1.0);
#17376=DIRECTION('',(0.0011061377835048592,-0.9999993882294148,0));
#17377=DIRECTION('',(0.010878463963998008,0.999940827760215,0));
#17378=DIRECTION('',(-0.9914454731415148,0.13052154529884286,0));
#17379=FACE_SURFACE('',(#17384),#17380,.T.);
#17380=PLANE('',#17381);
#17381=AXIS2_PLACEMENT_3D('',#677,#17382,#17383);
#17382=DIRECTION('',(0,0,1));
#17383=DIRECTION('',(-0.010878463963998008,-0.999940827760215,0));
#17384=FACE_BOUND('',#17385,.T.);
#17385=EDGE_LOOP('',(#17386,#17387,#17388));
#17386=ORIENTED_EDGE('',*,*,#17389,.T.);
#17387=ORIENTED_EDGE('',*,*,#17390,.T.);
#17388=ORIENTED_EDGE('',*,*,#17391,.T.);
#17389=EDGE_CURVE('',#678,#318,#17392,.F.);
#17390=EDGE_CURVE('',#318,#316,#17393,.T.);
#17391=EDGE_CURVE('',#316,#678,#17394,.T.);
#17392=LINE('',#677,#17395);
#17393=LINE('',#317,#17396);
#17394=LINE('',#315,#17397);
#17395=VECTOR('',#17398,1.0);
#17396=VECTOR('',#17399,1.0);
#17397=VECTOR('',#17400,1.0);
#17398=DIRECTION('',(-0.010878463963998008,-0.999940827760215,0));
#17399=DIRECTION('',(0.9914494253387275,-0.1304915207801139,0));
#17400=DIRECTION('',(-0.0005791771973709637,0.9999998322768728,0));
#17401=FACE_SURFACE('',(#17406),#17402,.T.);
#17402=PLANE('',#17403);
#17403=AXIS2_PLACEMENT_3D('',#677,#17404,#17405);
#17404=DIRECTION('',(-0,0,1));
#17405=DIRECTION('',(0.0005791771973709637,-0.9999998322768728,0));
#17406=FACE_BOUND('',#17407,.T.);
#17407=EDGE_LOOP('',(#17408,#17409,#17410));
#17408=ORIENTED_EDGE('',*,*,#17411,.T.);
#17409=ORIENTED_EDGE('',*,*,#17412,.T.);
#17410=ORIENTED_EDGE('',*,*,#17413,.T.);
#17411=EDGE_CURVE('',#678,#316,#17414,.F.);
#17412=EDGE_CURVE('',#316,#680,#17415,.T.);
#17413=EDGE_CURVE('',#680,#678,#17416,.T.);
#17414=LINE('',#677,#17417);
#17415=LINE('',#315,#17418);
#17416=LINE('',#679,#17419);
#17417=VECTOR('',#17420,1.0);
#17418=VECTOR('',#17421,1.0);
#17419=VECTOR('',#17422,1.0);
#17420=DIRECTION('',(0.0005791771973709637,-0.9999998322768728,0));
#17421=DIRECTION('',(0.011371108983570985,0.999935346850227,0));
#17422=DIRECTION('',(-0.9914454731415159,-0.13052154529883458,0));
#17423=FACE_SURFACE('',(#17428),#17424,.T.);
#17424=PLANE('',#17425);
#17425=AXIS2_PLACEMENT_3D('',#679,#17426,#17427);
#17426=DIRECTION('',(0,0,1));
#17427=DIRECTION('',(-0.011371108983570985,-0.999935346850227,0));
#17428=FACE_BOUND('',#17429,.T.);
#17429=EDGE_LOOP('',(#17430,#17431,#17432));
#17430=ORIENTED_EDGE('',*,*,#17433,.T.);
#17431=ORIENTED_EDGE('',*,*,#17434,.T.);
#17432=ORIENTED_EDGE('',*,*,#17435,.T.);
#17433=EDGE_CURVE('',#680,#316,#17436,.F.);
#17434=EDGE_CURVE('',#316,#314,#17437,.T.);
#17435=EDGE_CURVE('',#314,#680,#17438,.T.);
#17436=LINE('',#679,#17439);
#17437=LINE('',#315,#17440);
#17438=LINE('',#313,#17441);
#17439=VECTOR('',#17442,1.0);
#17440=VECTOR('',#17443,1.0);
#17441=VECTOR('',#17444,1.0);
#17442=DIRECTION('',(-0.011371108983570985,-0.999935346850227,0));
#17443=DIRECTION('',(0.9238658530077329,-0.3827164559387198,0));
#17444=DIRECTION('',(0.0007238700803590487,0.999999738006019,0));
#17445=FACE_SURFACE('',(#17450),#17446,.T.);
#17446=PLANE('',#17447);
#17447=AXIS2_PLACEMENT_3D('',#679,#17448,#17449);
#17448=DIRECTION('',(-0,0,1));
#17449=DIRECTION('',(-0.0007238700803590487,-0.999999738006019,0));
#17450=FACE_BOUND('',#17451,.T.);
#17451=EDGE_LOOP('',(#17452,#17453,#17454));
#17452=ORIENTED_EDGE('',*,*,#17455,.T.);
#17453=ORIENTED_EDGE('',*,*,#17456,.T.);
#17454=ORIENTED_EDGE('',*,*,#17457,.T.);
#17455=EDGE_CURVE('',#680,#314,#17458,.F.);
#17456=EDGE_CURVE('',#314,#682,#17459,.T.);
#17457=EDGE_CURVE('',#682,#680,#17460,.T.);
#17458=LINE('',#679,#17461);
#17459=LINE('',#313,#17462);
#17460=LINE('',#681,#17463);
#17461=VECTOR('',#17464,1.0);
#17462=VECTOR('',#17465,1.0);
#17463=VECTOR('',#17466,1.0);
#17464=DIRECTION('',(-0.0007238700803590487,-0.999999738006019,0));
#17465=DIRECTION('',(0.011756028258668066,0.9999308955120757,0));
#17466=DIRECTION('',(-0.9238777783679992,-0.38268766721415276,0));
#17467=FACE_SURFACE('',(#17472),#17468,.T.);
#17468=PLANE('',#17469);
#17469=AXIS2_PLACEMENT_3D('',#681,#17470,#17471);
#17470=DIRECTION('',(0,0,1));
#17471=DIRECTION('',(-0.011756028258668066,-0.9999308955120757,0));
#17472=FACE_BOUND('',#17473,.T.);
#17473=EDGE_LOOP('',(#17474,#17475,#17476));
#17474=ORIENTED_EDGE('',*,*,#17477,.T.);
#17475=ORIENTED_EDGE('',*,*,#17478,.T.);
#17476=ORIENTED_EDGE('',*,*,#17479,.T.);
#17477=EDGE_CURVE('',#682,#314,#17480,.F.);
#17478=EDGE_CURVE('',#314,#312,#17481,.T.);
#17479=EDGE_CURVE('',#312,#682,#17482,.T.);
#17480=LINE('',#681,#17483);
#17481=LINE('',#313,#17484);
#17482=LINE('',#311,#17485);
#17483=VECTOR('',#17486,1.0);
#17484=VECTOR('',#17487,1.0);
#17485=VECTOR('',#17488,1.0);
#17486=DIRECTION('',(-0.011756028258668066,-0.9999308955120757,0));
#17487=DIRECTION('',(0.7933736019433548,-0.6087350225996753,0));
#17488=DIRECTION('',(0.002678745182218188,0.999996412155688,0));
#17489=FACE_SURFACE('',(#17494),#17490,.T.);
#17490=PLANE('',#17491);
#17491=AXIS2_PLACEMENT_3D('',#681,#17492,#17493);
#17492=DIRECTION('',(-0,0,1));
#17493=DIRECTION('',(-0.002678745182218188,-0.999996412155688,0));
#17494=FACE_BOUND('',#17495,.T.);
#17495=EDGE_LOOP('',(#17496,#17497,#17498));
#17496=ORIENTED_EDGE('',*,*,#17499,.T.);
#17497=ORIENTED_EDGE('',*,*,#17500,.T.);
#17498=ORIENTED_EDGE('',*,*,#17501,.T.);
#17499=EDGE_CURVE('',#682,#312,#17502,.F.);
#17500=EDGE_CURVE('',#312,#684,#17503,.T.);
#17501=EDGE_CURVE('',#684,#682,#17504,.T.);
#17502=LINE('',#681,#17505);
#17503=LINE('',#311,#17506);
#17504=LINE('',#683,#17507);
#17505=VECTOR('',#17508,1.0);
#17506=VECTOR('',#17509,1.0);
#17507=VECTOR('',#17510,1.0);
#17508=DIRECTION('',(-0.002678745182218188,-0.999996412155688,0));
#17509=DIRECTION('',(0.012002708797498186,0.9999279648962331,0));
#17510=DIRECTION('',(-0.7933479308247732,-0.6087684786978139,0));
#17511=FACE_SURFACE('',(#17516),#17512,.T.);
#17512=PLANE('',#17513);
#17513=AXIS2_PLACEMENT_3D('',#683,#17514,#17515);
#17514=DIRECTION('',(0,0,1));
#17515=DIRECTION('',(-0.012002708797498186,-0.9999279648962331,0));
#17516=FACE_BOUND('',#17517,.T.);
#17517=EDGE_LOOP('',(#17518,#17519,#17520));
#17518=ORIENTED_EDGE('',*,*,#17521,.T.);
#17519=ORIENTED_EDGE('',*,*,#17522,.T.);
#17520=ORIENTED_EDGE('',*,*,#17523,.T.);
#17521=EDGE_CURVE('',#684,#312,#17524,.F.);
#17522=EDGE_CURVE('',#312,#310,#17525,.T.);
#17523=EDGE_CURVE('',#310,#684,#17526,.T.);
#17524=LINE('',#683,#17527);
#17525=LINE('',#311,#17528);
#17526=LINE('',#309,#17529);
#17527=VECTOR('',#17530,1.0);
#17528=VECTOR('',#17531,1.0);
#17529=VECTOR('',#17532,1.0);
#17530=DIRECTION('',(-0.012002708797498186,-0.9999279648962331,0));
#17531=DIRECTION('',(0.6087350225996753,-0.7933736019433548,0));
#17532=DIRECTION('',(0.005104299063446773,0.9999869729806838,0));
#17533=FACE_SURFACE('',(#17538),#17534,.T.);
#17534=PLANE('',#17535);
#17535=AXIS2_PLACEMENT_3D('',#683,#17536,#17537);
#17536=DIRECTION('',(-0,0,1));
#17537=DIRECTION('',(-0.005104299063446773,-0.9999869729806838,0));
#17538=FACE_BOUND('',#17539,.T.);
#17539=EDGE_LOOP('',(#17540,#17541,#17542));
#17540=ORIENTED_EDGE('',*,*,#17543,.T.);
#17541=ORIENTED_EDGE('',*,*,#17544,.T.);
#17542=ORIENTED_EDGE('',*,*,#17545,.T.);
#17543=EDGE_CURVE('',#684,#310,#17546,.F.);
#17544=EDGE_CURVE('',#310,#686,#17547,.T.);
#17545=EDGE_CURVE('',#686,#684,#17548,.T.);
#17546=LINE('',#683,#17549);
#17547=LINE('',#309,#17550);
#17548=LINE('',#685,#17551);
#17549=VECTOR('',#17552,1.0);
#17550=VECTOR('',#17553,1.0);
#17551=VECTOR('',#17554,1.0);
#17552=DIRECTION('',(-0.005104299063446773,-0.9999869729806838,0));
#17553=DIRECTION('',(0.012097796522953926,0.9999268189819139,0));
#17554=DIRECTION('',(-0.6087571521511065,-0.7933566220211908,0));
#17555=FACE_SURFACE('',(#17560),#17556,.T.);
#17556=PLANE('',#17557);
#17557=AXIS2_PLACEMENT_3D('',#685,#17558,#17559);
#17558=DIRECTION('',(0,0,1));
#17559=DIRECTION('',(-0.012097796522953926,-0.9999268189819139,0));
#17560=FACE_BOUND('',#17561,.T.);
#17561=EDGE_LOOP('',(#17562,#17563,#17564));
#17562=ORIENTED_EDGE('',*,*,#17565,.T.);
#17563=ORIENTED_EDGE('',*,*,#17566,.T.);
#17564=ORIENTED_EDGE('',*,*,#17567,.T.);
#17565=EDGE_CURVE('',#686,#310,#17568,.F.);
#17566=EDGE_CURVE('',#310,#836,#17569,.T.);
#17567=EDGE_CURVE('',#836,#686,#17570,.T.);
#17568=LINE('',#685,#17571);
#17569=LINE('',#309,#17572);
#17570=LINE('',#835,#17573);
#17571=VECTOR('',#17574,1.0);
#17572=VECTOR('',#17575,1.0);
#17573=VECTOR('',#17576,1.0);
#17574=DIRECTION('',(-0.012097796522953926,-0.9999268189819139,0));
#17575=DIRECTION('',(0.4789004135032348,-0.8778692351064769,0));
#17576=DIRECTION('',(-0.05217969371365444,0.9986377118674967,0));
#17577=FACE_SURFACE('',(#17582),#17578,.T.);
#17578=PLANE('',#17579);
#17579=AXIS2_PLACEMENT_3D('',#685,#17580,#17581);
#17580=DIRECTION('',(-0,0,1));
#17581=DIRECTION('',(0.05217969371365444,-0.9986377118674967,0));
#17582=FACE_BOUND('',#17583,.T.);
#17583=EDGE_LOOP('',(#17584,#17585,#17586));
#17584=ORIENTED_EDGE('',*,*,#17587,.T.);
#17585=ORIENTED_EDGE('',*,*,#17588,.T.);
#17586=ORIENTED_EDGE('',*,*,#17589,.T.);
#17587=EDGE_CURVE('',#686,#836,#17590,.F.);
#17588=EDGE_CURVE('',#836,#688,#17591,.T.);
#17589=EDGE_CURVE('',#688,#686,#17592,.T.);
#17590=LINE('',#685,#17593);
#17591=LINE('',#835,#17594);
#17592=LINE('',#687,#17595);
#17593=VECTOR('',#17596,1.0);
#17594=VECTOR('',#17597,1.0);
#17595=VECTOR('',#17598,1.0);
#17596=DIRECTION('',(0.05217969371365444,-0.9986377118674967,0));
#17597=DIRECTION('',(-0.047827829575281935,0.9988555945271158,0));
#17598=DIRECTION('',(-0.38269402966214716,-0.9238751428959151,0));
#17599=FACE_SURFACE('',(#17604),#17600,.T.);
#17600=PLANE('',#17601);
#17601=AXIS2_PLACEMENT_3D('',#687,#17602,#17603);
#17602=DIRECTION('',(-0,0,1));
#17603=DIRECTION('',(0.047827829575281935,-0.9988555945271158,0));
#17604=FACE_BOUND('',#17605,.T.);
#17605=EDGE_LOOP('',(#17606,#17607,#17608));
#17606=ORIENTED_EDGE('',*,*,#17609,.T.);
#17607=ORIENTED_EDGE('',*,*,#17610,.T.);
#17608=ORIENTED_EDGE('',*,*,#17611,.T.);
#17609=EDGE_CURVE('',#688,#836,#17612,.F.);
#17610=EDGE_CURVE('',#836,#690,#17613,.T.);
#17611=EDGE_CURVE('',#690,#688,#17614,.T.);
#17612=LINE('',#687,#17615);
#17613=LINE('',#835,#17616);
#17614=LINE('',#689,#17617);
#17615=VECTOR('',#17618,1.0);
#17616=VECTOR('',#17619,1.0);
#17617=VECTOR('',#17620,1.0);
#17618=DIRECTION('',(0.047827829575281935,-0.9988555945271158,0));
#17619=DIRECTION('',(-0.046047356585136374,0.9989392578888474,0));
#17620=DIRECTION('',(-0.13053923419237096,-0.9914431442783137,0));
#17621=FACE_SURFACE('',(#17626),#17622,.T.);
#17622=PLANE('',#17623);
#17623=AXIS2_PLACEMENT_3D('',#689,#17624,#17625);
#17624=DIRECTION('',(-0,0,1));
#17625=DIRECTION('',(0.046047356585136374,-0.9989392578888474,0));
#17626=FACE_BOUND('',#17627,.T.);
#17627=EDGE_LOOP('',(#17628,#17629,#17630));
#17628=ORIENTED_EDGE('',*,*,#17631,.T.);
#17629=ORIENTED_EDGE('',*,*,#17632,.T.);
#17630=ORIENTED_EDGE('',*,*,#17633,.T.);
#17631=EDGE_CURVE('',#690,#836,#17634,.F.);
#17632=EDGE_CURVE('',#836,#852,#17635,.T.);
#17633=EDGE_CURVE('',#852,#690,#17636,.T.);
#17634=LINE('',#689,#17637);
#17635=LINE('',#835,#17638);
#17636=LINE('',#851,#17639);
#17637=VECTOR('',#17640,1.0);
#17638=VECTOR('',#17641,1.0);
#17639=VECTOR('',#17642,1.0);
#17640=DIRECTION('',(0.046047356585136374,-0.9989392578888474,0));
#17641=DIRECTION('',(0,1,0));
#17642=DIRECTION('',(-0.052966176123413825,-0.9985963069162951,0));
#17643=FACE_SURFACE('',(#17648),#17644,.T.);
#17644=PLANE('',#17645);
#17645=AXIS2_PLACEMENT_3D('',#689,#17646,#17647);
#17646=DIRECTION('',(0,-0,1));
#17647=DIRECTION('',(0.052966176123413825,0.9985963069162951,0));
#17648=FACE_BOUND('',#17649,.T.);
#17649=EDGE_LOOP('',(#17650,#17651,#17652));
#17650=ORIENTED_EDGE('',*,*,#17653,.T.);
#17651=ORIENTED_EDGE('',*,*,#17654,.T.);
#17652=ORIENTED_EDGE('',*,*,#17655,.T.);
#17653=EDGE_CURVE('',#690,#852,#17656,.F.);
#17654=EDGE_CURVE('',#852,#692,#17657,.T.);
#17655=EDGE_CURVE('',#692,#690,#17658,.T.);
#17656=LINE('',#689,#17659);
#17657=LINE('',#851,#17660);
#17658=LINE('',#691,#17661);
#17659=VECTOR('',#17662,1.0);
#17660=VECTOR('',#17663,1.0);
#17661=VECTOR('',#17664,1.0);
#17662=DIRECTION('',(0.052966176123413825,0.9985963069162951,0));
#17663=DIRECTION('',(-0.055095853761220864,-0.9984810698747986,0));
#17664=DIRECTION('',(0.13053690521803765,-0.9914434509219863,0));
#17665=FACE_SURFACE('',(#17670),#17666,.T.);
#17666=PLANE('',#17667);
#17667=AXIS2_PLACEMENT_3D('',#691,#17668,#17669);
#17668=DIRECTION('',(0,-0,1));
#17669=DIRECTION('',(0.055095853761220864,0.9984810698747986,0));
#17670=FACE_BOUND('',#17671,.T.);
#17671=EDGE_LOOP('',(#17672,#17673,#17674));
#17672=ORIENTED_EDGE('',*,*,#17675,.T.);
#17673=ORIENTED_EDGE('',*,*,#17676,.T.);
#17674=ORIENTED_EDGE('',*,*,#17677,.T.);
#17675=EDGE_CURVE('',#692,#852,#17678,.F.);
#17676=EDGE_CURVE('',#852,#694,#17679,.T.);
#17677=EDGE_CURVE('',#694,#692,#17680,.T.);
#17678=LINE('',#691,#17681);
#17679=LINE('',#851,#17682);
#17680=LINE('',#693,#17683);
#17681=VECTOR('',#17684,1.0);
#17682=VECTOR('',#17685,1.0);
#17683=VECTOR('',#17686,1.0);
#17684=DIRECTION('',(0.055095853761220864,0.9984810698747986,0));
#17685=DIRECTION('',(-0.06019114553124309,-0.9981868692783115,0));
#17686=DIRECTION('',(0.38269402966214716,-0.9238751428959151,0));
#17687=FACE_SURFACE('',(#17692),#17688,.T.);
#17688=PLANE('',#17689);
#17689=AXIS2_PLACEMENT_3D('',#693,#17690,#17691);
#17690=DIRECTION('',(0,-0,1));
#17691=DIRECTION('',(0.06019114553124309,0.9981868692783115,0));
#17692=FACE_BOUND('',#17693,.T.);
#17693=EDGE_LOOP('',(#17694,#17695,#17696));
#17694=ORIENTED_EDGE('',*,*,#17697,.T.);
#17695=ORIENTED_EDGE('',*,*,#17698,.T.);
#17696=ORIENTED_EDGE('',*,*,#17699,.T.);
#17697=EDGE_CURVE('',#694,#852,#17700,.F.);
#17698=EDGE_CURVE('',#852,#696,#17701,.T.);
#17699=EDGE_CURVE('',#696,#694,#17702,.T.);
#17700=LINE('',#693,#17703);
#17701=LINE('',#851,#17704);
#17702=LINE('',#695,#17705);
#17703=VECTOR('',#17706,1.0);
#17704=VECTOR('',#17707,1.0);
#17705=VECTOR('',#17708,1.0);
#17706=DIRECTION('',(0.06019114553124309,0.9981868692783115,0));
#17707=DIRECTION('',(-0.06796930540086539,-0.9976874127317252,0));
#17708=DIRECTION('',(0.608757152151091,-0.7933566220212027,0));
#17709=FACE_SURFACE('',(#17714),#17710,.T.);
#17710=PLANE('',#17711);
#17711=AXIS2_PLACEMENT_3D('',#695,#17712,#17713);
#17712=DIRECTION('',(0,-0,1));
#17713=DIRECTION('',(0.06796930540086539,0.9976874127317252,0));
#17714=FACE_BOUND('',#17715,.T.);
#17715=EDGE_LOOP('',(#17716,#17717,#17718));
#17716=ORIENTED_EDGE('',*,*,#17719,.T.);
#17717=ORIENTED_EDGE('',*,*,#17720,.T.);
#17718=ORIENTED_EDGE('',*,*,#17721,.T.);
#17719=EDGE_CURVE('',#696,#852,#17722,.F.);
#17720=EDGE_CURVE('',#852,#698,#17723,.T.);
#17721=EDGE_CURVE('',#698,#696,#17724,.T.);
#17722=LINE('',#695,#17725);
#17723=LINE('',#851,#17726);
#17724=LINE('',#697,#17727);
#17725=VECTOR('',#17728,1.0);
#17726=VECTOR('',#17729,1.0);
#17727=VECTOR('',#17730,1.0);
#17728=DIRECTION('',(0.06796930540086539,0.9976874127317252,0));
#17729=DIRECTION('',(-0.07791287650895641,-0.9969601715585734,0));
#17730=DIRECTION('',(0.7933479308247887,-0.6087684786977939,0));
#17731=FACE_SURFACE('',(#17736),#17732,.T.);
#17732=PLANE('',#17733);
#17733=AXIS2_PLACEMENT_3D('',#697,#17734,#17735);
#17734=DIRECTION('',(0,-0,1));
#17735=DIRECTION('',(0.07791287650895641,0.9969601715585734,0));
#17736=FACE_BOUND('',#17737,.T.);
#17737=EDGE_LOOP('',(#17738,#17739,#17740));
#17738=ORIENTED_EDGE('',*,*,#17741,.T.);
#17739=ORIENTED_EDGE('',*,*,#17742,.T.);
#17740=ORIENTED_EDGE('',*,*,#17743,.T.);
#17741=EDGE_CURVE('',#698,#852,#17744,.F.);
#17742=EDGE_CURVE('',#852,#700,#17745,.T.);
#17743=EDGE_CURVE('',#700,#698,#17746,.T.);
#17744=LINE('',#697,#17747);
#17745=LINE('',#851,#17748);
#17746=LINE('',#699,#17749);
#17747=VECTOR('',#17750,1.0);
#17748=VECTOR('',#17751,1.0);
#17749=VECTOR('',#17752,1.0);
#17750=DIRECTION('',(0.07791287650895641,0.9969601715585734,0));
#17751=DIRECTION('',(-0.0892971938987692,-0.9960050256709578,0));
#17752=DIRECTION('',(0.92388414063542,-0.3826723071798525,0));
#17753=FACE_SURFACE('',(#17758),#17754,.T.);
#17754=PLANE('',#17755);
#17755=AXIS2_PLACEMENT_3D('',#699,#17756,#17757);
#17756=DIRECTION('',(0,-0,1));
#17757=DIRECTION('',(0.0892971938987692,0.9960050256709578,0));
#17758=FACE_BOUND('',#17759,.T.);
#17759=EDGE_LOOP('',(#17760,#17761,#17762));
#17760=ORIENTED_EDGE('',*,*,#17763,.T.);
#17761=ORIENTED_EDGE('',*,*,#17764,.T.);
#17762=ORIENTED_EDGE('',*,*,#17765,.T.);
#17763=EDGE_CURVE('',#700,#852,#17766,.F.);
#17764=EDGE_CURVE('',#852,#702,#17767,.T.);
#17765=EDGE_CURVE('',#702,#700,#17768,.T.);
#17766=LINE('',#699,#17769);
#17767=LINE('',#851,#17770);
#17768=LINE('',#701,#17771);
#17769=VECTOR('',#17772,1.0);
#17770=VECTOR('',#17773,1.0);
#17771=VECTOR('',#17774,1.0);
#17772=DIRECTION('',(0.0892971938987692,0.9960050256709578,0));
#17773=DIRECTION('',(-0.10125163918459366,-0.9948608473361654,0));
#17774=DIRECTION('',(0.9914431442783137,-0.13053923419237096,0));
#17775=FACE_SURFACE('',(#17780),#17776,.T.);
#17776=PLANE('',#17777);
#17777=AXIS2_PLACEMENT_3D('',#701,#17778,#17779);
#17778=DIRECTION('',(0,-0,1));
#17779=DIRECTION('',(0.10125163918459366,0.9948608473361654,0));
#17780=FACE_BOUND('',#17781,.T.);
#17781=EDGE_LOOP('',(#17782,#17783,#17784));
#17782=ORIENTED_EDGE('',*,*,#17785,.T.);
#17783=ORIENTED_EDGE('',*,*,#17786,.T.);
#17784=ORIENTED_EDGE('',*,*,#17787,.T.);
#17785=EDGE_CURVE('',#702,#852,#17788,.F.);
#17786=EDGE_CURVE('',#852,#704,#17789,.T.);
#17787=EDGE_CURVE('',#704,#702,#17790,.T.);
#17788=LINE('',#701,#17791);
#17789=LINE('',#851,#17792);
#17790=LINE('',#703,#17793);
#17791=VECTOR('',#17794,1.0);
#17792=VECTOR('',#17795,1.0);
#17793=VECTOR('',#17796,1.0);
#17794=DIRECTION('',(0.10125163918459366,0.9948608473361654,0));
#17795=DIRECTION('',(-0.11284799855711142,-0.9936122630189576,0));
#17796=DIRECTION('',(0.9914431442783127,0.13053923419237923,0));
#17797=FACE_SURFACE('',(#17802),#17798,.T.);
#17798=PLANE('',#17799);
#17799=AXIS2_PLACEMENT_3D('',#309,#17800,#17801);
#17800=DIRECTION('',(0,0,1));
#17801=DIRECTION('',(0.38268431955744037,-0.9238791650236836,0));
#17802=FACE_BOUND('',#17803,.T.);
#17803=EDGE_LOOP('',(#17804,#17805,#17806));
#17804=ORIENTED_EDGE('',*,*,#17807,.T.);
#17805=ORIENTED_EDGE('',*,*,#17808,.T.);
#17806=ORIENTED_EDGE('',*,*,#17809,.T.);
#17807=EDGE_CURVE('',#310,#308,#17810,.F.);
#17808=EDGE_CURVE('',#308,#836,#17811,.T.);
#17809=EDGE_CURVE('',#836,#310,#17812,.T.);
#17810=LINE('',#309,#17813);
#17811=LINE('',#307,#17814);
#17812=LINE('',#835,#17815);
#17813=VECTOR('',#17816,1.0);
#17814=VECTOR('',#17817,1.0);
#17815=VECTOR('',#17818,1.0);
#17816=DIRECTION('',(0.38268431955744037,-0.9238791650236836,0));
#17817=DIRECTION('',(0.4863945379094313,-0.8737392937781103,0));
#17818=DIRECTION('',(-0.4789004135032348,0.8778692351064769,0));
#17819=FACE_SURFACE('',(#17824),#17820,.T.);
#17820=PLANE('',#17821);
#17821=AXIS2_PLACEMENT_3D('',#835,#17822,#17823);
#17822=DIRECTION('',(0,0,1));
#17823=DIRECTION('',(-0.4863945379094313,0.8737392937781103,0));
#17824=FACE_BOUND('',#17825,.T.);
#17825=EDGE_LOOP('',(#17826,#17827,#17828));
#17826=ORIENTED_EDGE('',*,*,#17829,.T.);
#17827=ORIENTED_EDGE('',*,*,#17830,.T.);
#17828=ORIENTED_EDGE('',*,*,#17831,.T.);
#17829=EDGE_CURVE('',#836,#308,#17832,.F.);
#17830=EDGE_CURVE('',#308,#306,#17833,.T.);
#17831=EDGE_CURVE('',#306,#836,#17834,.T.);
#17832=LINE('',#835,#17835);
#17833=LINE('',#307,#17836);
#17834=LINE('',#305,#17837);
#17835=VECTOR('',#17838,1.0);
#17836=VECTOR('',#17839,1.0);
#17837=VECTOR('',#17840,1.0);
#17838=DIRECTION('',(-0.4863945379094313,0.8737392937781103,0));
#17839=DIRECTION('',(0.13053827357286926,-0.9914432707586525,0));
#17840=DIRECTION('',(0.5140641731293266,-0.8577517274275009,0));
#17841=FACE_SURFACE('',(#17846),#17842,.T.);
#17842=PLANE('',#17843);
#17843=AXIS2_PLACEMENT_3D('',#835,#17844,#17845);
#17844=DIRECTION('',(0,0,1));
#17845=DIRECTION('',(-0.5140641731293266,0.8577517274275009,0));
#17846=FACE_BOUND('',#17847,.T.);
#17847=EDGE_LOOP('',(#17848,#17849,#17850));
#17848=ORIENTED_EDGE('',*,*,#17851,.T.);
#17849=ORIENTED_EDGE('',*,*,#17852,.T.);
#17850=ORIENTED_EDGE('',*,*,#17853,.T.);
#17851=EDGE_CURVE('',#836,#306,#17854,.F.);
#17852=EDGE_CURVE('',#306,#304,#17855,.T.);
#17853=EDGE_CURVE('',#304,#836,#17856,.T.);
#17854=LINE('',#835,#17857);
#17855=LINE('',#305,#17858);
#17856=LINE('',#303,#17859);
#17857=VECTOR('',#17860,1.0);
#17858=VECTOR('',#17861,1.0);
#17859=VECTOR('',#17862,1.0);
#17860=DIRECTION('',(-0.5140641731293266,0.8577517274275009,0));
#17861=DIRECTION('',(-0.13053340082785728,-0.9914439123159282,0));
#17862=DIRECTION('',(0.5627736767552189,-0.8266110262701633,0));
#17863=FACE_SURFACE('',(#17868),#17864,.T.);
#17864=PLANE('',#17865);
#17865=AXIS2_PLACEMENT_3D('',#303,#17866,#17867);
#17866=DIRECTION('',(0,0,1));
#17867=DIRECTION('',(-0.382671008331921,-0.9238846786164553,0));
#17868=FACE_BOUND('',#17869,.T.);
#17869=EDGE_LOOP('',(#17870,#17871,#17872));
#17870=ORIENTED_EDGE('',*,*,#17873,.T.);
#17871=ORIENTED_EDGE('',*,*,#17874,.T.);
#17872=ORIENTED_EDGE('',*,*,#17875,.T.);
#17873=EDGE_CURVE('',#304,#302,#17876,.F.);
#17874=EDGE_CURVE('',#302,#836,#17877,.T.);
#17875=EDGE_CURVE('',#836,#304,#17878,.T.);
#17876=LINE('',#303,#17879);
#17877=LINE('',#301,#17880);
#17878=LINE('',#835,#17881);
#17879=VECTOR('',#17882,1.0);
#17880=VECTOR('',#17883,1.0);
#17881=VECTOR('',#17884,1.0);
#17882=DIRECTION('',(-0.382671008331921,-0.9238846786164553,0));
#17883=DIRECTION('',(0.6283835650504118,-0.7779036541722469,0));
#17884=DIRECTION('',(-0.5627736767552189,0.8266110262701633,0));
#17885=FACE_SURFACE('',(#17890),#17886,.T.);
#17886=PLANE('',#17887);
#17887=AXIS2_PLACEMENT_3D('',#835,#17888,#17889);
#17888=DIRECTION('',(0,0,1));
#17889=DIRECTION('',(-0.6283835650504118,0.7779036541722469,0));
#17890=FACE_BOUND('',#17891,.T.);
#17891=EDGE_LOOP('',(#17892,#17893,#17894));
#17892=ORIENTED_EDGE('',*,*,#17895,.T.);
#17893=ORIENTED_EDGE('',*,*,#17896,.T.);
#17894=ORIENTED_EDGE('',*,*,#17897,.T.);
#17895=EDGE_CURVE('',#836,#302,#17898,.F.);
#17896=EDGE_CURVE('',#302,#300,#17899,.T.);
#17897=EDGE_CURVE('',#300,#836,#17900,.T.);
#17898=LINE('',#835,#17901);
#17899=LINE('',#301,#17902);
#17900=LINE('',#299,#17903);
#17901=VECTOR('',#17904,1.0);
#17902=VECTOR('',#17905,1.0);
#17903=VECTOR('',#17906,1.0);
#17904=DIRECTION('',(-0.6283835650504118,0.7779036541722469,0));
#17905=DIRECTION('',(-0.6087350225996753,-0.7933736019433548,0));
#17906=DIRECTION('',(0.7006428368052703,-0.7135121689456062,0));
#17907=FACE_SURFACE('',(#17912),#17908,.T.);
#17908=PLANE('',#17909);
#17909=AXIS2_PLACEMENT_3D('',#835,#17910,#17911);
#17910=DIRECTION('',(0,0,1));
#17911=DIRECTION('',(-0.7006428368052703,0.7135121689456062,0));
#17912=FACE_BOUND('',#17913,.T.);
#17913=EDGE_LOOP('',(#17914,#17915,#17916));
#17914=ORIENTED_EDGE('',*,*,#17917,.T.);
#17915=ORIENTED_EDGE('',*,*,#17918,.T.);
#17916=ORIENTED_EDGE('',*,*,#17919,.T.);
#17917=EDGE_CURVE('',#836,#300,#17920,.F.);
#17918=EDGE_CURVE('',#300,#298,#17921,.T.);
#17919=EDGE_CURVE('',#298,#836,#17922,.T.);
#17920=LINE('',#835,#17923);
#17921=LINE('',#299,#17924);
#17922=LINE('',#297,#17925);
#17923=VECTOR('',#17926,1.0);
#17924=VECTOR('',#17927,1.0);
#17925=VECTOR('',#17928,1.0);
#17926=DIRECTION('',(-0.7006428368052703,0.7135121689456062,0));
#17927=DIRECTION('',(-0.793373601943387,-0.6087350225996332,0));
#17928=DIRECTION('',(0.7665968514031154,-0.6421287000429352,0));
#17929=FACE_SURFACE('',(#17934),#17930,.T.);
#17930=PLANE('',#17931);
#17931=AXIS2_PLACEMENT_3D('',#297,#17932,#17933);
#17932=DIRECTION('',(0,0,1));
#17933=DIRECTION('',(-0.9238658530077329,-0.3827164559387198,0));
#17934=FACE_BOUND('',#17935,.T.);
#17935=EDGE_LOOP('',(#17936,#17937,#17938));
#17936=ORIENTED_EDGE('',*,*,#17939,.T.);
#17937=ORIENTED_EDGE('',*,*,#17940,.T.);
#17938=ORIENTED_EDGE('',*,*,#17941,.T.);
#17939=EDGE_CURVE('',#298,#296,#17942,.F.);
#17940=EDGE_CURVE('',#296,#836,#17943,.T.);
#17941=EDGE_CURVE('',#836,#298,#17944,.T.);
#17942=LINE('',#297,#17945);
#17943=LINE('',#295,#17946);
#17944=LINE('',#835,#17947);
#17945=VECTOR('',#17948,1.0);
#17946=VECTOR('',#17949,1.0);
#17947=VECTOR('',#17950,1.0);
#17948=DIRECTION('',(-0.9238658530077329,-0.3827164559387198,0));
#17949=DIRECTION('',(0.8170604785608708,-0.57655197022808,0));
#17950=DIRECTION('',(-0.7665968514031154,0.6421287000429352,0));
#17951=FACE_SURFACE('',(#17956),#17952,.T.);
#17952=PLANE('',#17953);
#17953=AXIS2_PLACEMENT_3D('',#835,#17954,#17955);
#17954=DIRECTION('',(0,0,1));
#17955=DIRECTION('',(-0.8170604785608708,0.57655197022808,0));
#17956=FACE_BOUND('',#17957,.T.);
#17957=EDGE_LOOP('',(#17958,#17959,#17960));
#17958=ORIENTED_EDGE('',*,*,#17961,.T.);
#17959=ORIENTED_EDGE('',*,*,#17962,.T.);
#17960=ORIENTED_EDGE('',*,*,#17963,.T.);
#17961=EDGE_CURVE('',#836,#296,#17964,.F.);
#17962=EDGE_CURVE('',#296,#294,#17965,.T.);
#17963=EDGE_CURVE('',#294,#836,#17966,.T.);
#17964=LINE('',#835,#17967);
#17965=LINE('',#295,#17968);
#17966=LINE('',#293,#17969);
#17967=VECTOR('',#17970,1.0);
#17968=VECTOR('',#17971,1.0);
#17969=VECTOR('',#17972,1.0);
#17970=DIRECTION('',(-0.8170604785608708,0.57655197022808,0));
#17971=DIRECTION('',(-0.9914494253387275,-0.1304915207801139,0));
#17972=DIRECTION('',(0.8496994520927377,-0.5272673336300111,0));
#17973=FACE_SURFACE('',(#17978),#17974,.T.);
#17974=PLANE('',#17975);
#17975=AXIS2_PLACEMENT_3D('',#835,#17976,#17977);
#17976=DIRECTION('',(0,0,1));
#17977=DIRECTION('',(-0.8496994520927377,0.5272673336300111,0));
#17978=FACE_BOUND('',#17979,.T.);
#17979=EDGE_LOOP('',(#17980,#17981,#17982));
#17980=ORIENTED_EDGE('',*,*,#17983,.T.);
#17981=ORIENTED_EDGE('',*,*,#17984,.T.);
#17982=ORIENTED_EDGE('',*,*,#17985,.T.);
#17983=EDGE_CURVE('',#836,#294,#17986,.F.);
#17984=EDGE_CURVE('',#294,#292,#17987,.T.);
#17985=EDGE_CURVE('',#292,#836,#17988,.T.);
#17986=LINE('',#835,#17989);
#17987=LINE('',#293,#17990);
#17988=LINE('',#291,#17991);
#17989=VECTOR('',#17992,1.0);
#17990=VECTOR('',#17993,1.0);
#17991=VECTOR('',#17994,1.0);
#17992=DIRECTION('',(-0.8496994520927377,0.5272673336300111,0));
#17993=DIRECTION('',(-0.9914487842138389,0.13049639183096454,0));
#17994=DIRECTION('',(0.8667478236816509,-0.49874663922990187,0));
#17995=FACE_SURFACE('',(#18000),#17996,.T.);
#17996=PLANE('',#17997);
#17997=AXIS2_PLACEMENT_3D('',#291,#17998,#17999);
#17998=DIRECTION('',(0,0,1));
#17999=DIRECTION('',(-0.9238658530077329,0.3827164559387198,0));
#18000=FACE_BOUND('',#18001,.T.);
#18001=EDGE_LOOP('',(#18002,#18003,#18004));
#18002=ORIENTED_EDGE('',*,*,#18005,.T.);
#18003=ORIENTED_EDGE('',*,*,#18006,.T.);
#18004=ORIENTED_EDGE('',*,*,#18007,.T.);
#18005=EDGE_CURVE('',#292,#290,#18008,.F.);
#18006=EDGE_CURVE('',#290,#836,#18009,.T.);
#18007=EDGE_CURVE('',#836,#292,#18010,.T.);
#18008=LINE('',#291,#18011);
#18009=LINE('',#289,#18012);
#18010=LINE('',#835,#18013);
#18011=VECTOR('',#18014,1.0);
#18012=VECTOR('',#18015,1.0);
#18013=VECTOR('',#18016,1.0);
#18014=DIRECTION('',(-0.9238658530077329,0.3827164559387198,0));
#18015=DIRECTION('',(0.871514777777478,-0.4903692405886337,0));
#18016=DIRECTION('',(-0.8667478236816509,0.49874663922990187,0));
#18017=FACE_SURFACE('',(#18022),#18018,.T.);
#18018=PLANE('',#18019);
#18019=AXIS2_PLACEMENT_3D('',#475,#18020,#18021);
#18020=DIRECTION('',(0,0,1));
#18021=DIRECTION('',(-0.13054078122086607,0.9914429405862176,0));
#18022=FACE_BOUND('',#18023,.T.);
#18023=EDGE_LOOP('',(#18024,#18025,#18026));
#18024=ORIENTED_EDGE('',*,*,#18027,.T.);
#18025=ORIENTED_EDGE('',*,*,#18028,.T.);
#18026=ORIENTED_EDGE('',*,*,#18029,.T.);
#18027=EDGE_CURVE('',#476,#474,#18030,.F.);
#18028=EDGE_CURVE('',#474,#848,#18031,.T.);
#18029=EDGE_CURVE('',#848,#476,#18032,.T.);
#18030=LINE('',#475,#18033);
#18031=LINE('',#473,#18034);
#18032=LINE('',#847,#18035);
#18033=VECTOR('',#18036,1.0);
#18034=VECTOR('',#18037,1.0);
#18035=VECTOR('',#18038,1.0);
#18036=DIRECTION('',(-0.13054078122086607,0.9914429405862176,0));
#18037=DIRECTION('',(-0.5399221996201784,0.84171492701348,0));
#18038=DIRECTION('',(0.5112505097634563,-0.8594317403183375,0));
#18039=FACE_SURFACE('',(#18044),#18040,.T.);
#18040=PLANE('',#18041);
#18041=AXIS2_PLACEMENT_3D('',#847,#18042,#18043);
#18042=DIRECTION('',(0,0,1));
#18043=DIRECTION('',(0.5399221996201784,-0.84171492701348,0));
#18044=FACE_BOUND('',#18045,.T.);
#18045=EDGE_LOOP('',(#18046,#18047,#18048));
#18046=ORIENTED_EDGE('',*,*,#18049,.T.);
#18047=ORIENTED_EDGE('',*,*,#18050,.T.);
#18048=ORIENTED_EDGE('',*,*,#18051,.T.);
#18049=EDGE_CURVE('',#848,#474,#18052,.F.);
#18050=EDGE_CURVE('',#474,#520,#18053,.T.);
#18051=EDGE_CURVE('',#520,#848,#18054,.T.);
#18052=LINE('',#847,#18055);
#18053=LINE('',#473,#18056);
#18054=LINE('',#519,#18057);
#18055=VECTOR('',#18058,1.0);
#18056=VECTOR('',#18059,1.0);
#18057=VECTOR('',#18060,1.0);
#18058=DIRECTION('',(0.5399221996201784,-0.84171492701348,0));
#18059=DIRECTION('',(0.13054201444961414,0.991442778209331,0));
#18060=DIRECTION('',(-0.5885041349602341,0.8084942072363328,0));
#18061=FACE_SURFACE('',(#18066),#18062,.T.);
#18062=PLANE('',#18063);
#18063=AXIS2_PLACEMENT_3D('',#847,#18064,#18065);
#18064=DIRECTION('',(0,0,1));
#18065=DIRECTION('',(0.5885041349602341,-0.8084942072363328,0));
#18066=FACE_BOUND('',#18067,.T.);
#18067=EDGE_LOOP('',(#18068,#18069,#18070));
#18068=ORIENTED_EDGE('',*,*,#18071,.T.);
#18069=ORIENTED_EDGE('',*,*,#18072,.T.);
#18070=ORIENTED_EDGE('',*,*,#18073,.T.);
#18071=EDGE_CURVE('',#848,#520,#18074,.F.);
#18072=EDGE_CURVE('',#520,#518,#18075,.T.);
#18073=EDGE_CURVE('',#518,#848,#18076,.T.);
#18074=LINE('',#847,#18077);
#18075=LINE('',#519,#18078);
#18076=LINE('',#517,#18079);
#18077=VECTOR('',#18080,1.0);
#18078=VECTOR('',#18081,1.0);
#18079=VECTOR('',#18082,1.0);
#18080=DIRECTION('',(0.5885041349602341,-0.8084942072363328,0));
#18081=DIRECTION('',(0.38266597043955625,0.9238867652843354,0));
#18082=DIRECTION('',(-0.6523640172298222,0.7579057916547203,0));
#18083=FACE_SURFACE('',(#18088),#18084,.T.);
#18084=PLANE('',#18085);
#18085=AXIS2_PLACEMENT_3D('',#517,#18086,#18087);
#18086=DIRECTION('',(0,-0,1));
#18087=DIRECTION('',(0.6087635579670773,0.7933517066794935,0));
#18088=FACE_BOUND('',#18089,.T.);
#18089=EDGE_LOOP('',(#18090,#18091,#18092));
#18090=ORIENTED_EDGE('',*,*,#18093,.T.);
#18091=ORIENTED_EDGE('',*,*,#18094,.T.);
#18092=ORIENTED_EDGE('',*,*,#18095,.T.);
#18093=EDGE_CURVE('',#518,#516,#18096,.F.);
#18094=EDGE_CURVE('',#516,#848,#18097,.T.);
#18095=EDGE_CURVE('',#848,#518,#18098,.T.);
#18096=LINE('',#517,#18099);
#18097=LINE('',#515,#18100);
#18098=LINE('',#847,#18101);
#18099=VECTOR('',#18102,1.0);
#18100=VECTOR('',#18103,1.0);
#18101=VECTOR('',#18104,1.0);
#18102=DIRECTION('',(0.6087635579670773,0.7933517066794935,0));
#18103=DIRECTION('',(-0.7213002295722772,0.692622537042349,0));
#18104=DIRECTION('',(0.6523640172298222,-0.7579057916547203,0));
#18105=FACE_SURFACE('',(#18110),#18106,.T.);
#18106=PLANE('',#18107);
#18107=AXIS2_PLACEMENT_3D('',#847,#18108,#18109);
#18108=DIRECTION('',(0,0,1));
#18109=DIRECTION('',(0.7213002295722772,-0.692622537042349,0));
#18110=FACE_BOUND('',#18111,.T.);
#18111=EDGE_LOOP('',(#18112,#18113,#18114));
#18112=ORIENTED_EDGE('',*,*,#18115,.T.);
#18113=ORIENTED_EDGE('',*,*,#18116,.T.);
#18114=ORIENTED_EDGE('',*,*,#18117,.T.);
#18115=EDGE_CURVE('',#848,#516,#18118,.F.);
#18116=EDGE_CURVE('',#516,#514,#18119,.T.);
#18117=EDGE_CURVE('',#514,#848,#18120,.T.);
#18118=LINE('',#847,#18121);
#18119=LINE('',#515,#18122);
#18120=LINE('',#513,#18123);
#18121=VECTOR('',#18124,1.0);
#18122=VECTOR('',#18125,1.0);
#18123=VECTOR('',#18126,1.0);
#18124=DIRECTION('',(0.7213002295722772,-0.692622537042349,0));
#18125=DIRECTION('',(0.7933471047137486,0.6087695552853415,0));
#18126=DIRECTION('',(-0.783198441582755,0.621771823985571,0));
#18127=FACE_SURFACE('',(#18132),#18128,.T.);
#18128=PLANE('',#18129);
#18129=AXIS2_PLACEMENT_3D('',#847,#18130,#18131);
#18130=DIRECTION('',(0,0,1));
#18131=DIRECTION('',(0.783198441582755,-0.621771823985571,0));
#18132=FACE_BOUND('',#18133,.T.);
#18133=EDGE_LOOP('',(#18134,#18135,#18136));
#18134=ORIENTED_EDGE('',*,*,#18137,.T.);
#18135=ORIENTED_EDGE('',*,*,#18138,.T.);
#18136=ORIENTED_EDGE('',*,*,#18139,.T.);
#18137=EDGE_CURVE('',#848,#514,#18140,.F.);
#18138=EDGE_CURVE('',#514,#512,#18141,.T.);
#18139=EDGE_CURVE('',#512,#848,#18142,.T.);
#18140=LINE('',#847,#18143);
#18141=LINE('',#513,#18144);
#18142=LINE('',#511,#18145);
#18143=VECTOR('',#18146,1.0);
#18144=VECTOR('',#18147,1.0);
#18145=VECTOR('',#18148,1.0);
#18146=DIRECTION('',(0.783198441582755,-0.621771823985571,0));
#18147=DIRECTION('',(0.9238710767942496,0.38270384563397514,0));
#18148=DIRECTION('',(-0.8299721059948791,0.5578048971373639,0));
#18149=FACE_SURFACE('',(#18154),#18150,.T.);
#18150=PLANE('',#18151);
#18151=AXIS2_PLACEMENT_3D('',#511,#18152,#18153);
#18152=DIRECTION('',(0,-0,1));
#18153=DIRECTION('',(0.991446380737331,0.13051465098925558,0));
#18154=FACE_BOUND('',#18155,.T.);
#18155=EDGE_LOOP('',(#18156,#18157,#18158));
#18156=ORIENTED_EDGE('',*,*,#18159,.T.);
#18157=ORIENTED_EDGE('',*,*,#18160,.T.);
#18158=ORIENTED_EDGE('',*,*,#18161,.T.);
#18159=EDGE_CURVE('',#512,#510,#18162,.F.);
#18160=EDGE_CURVE('',#510,#848,#18163,.T.);
#18161=EDGE_CURVE('',#848,#512,#18164,.T.);
#18162=LINE('',#511,#18165);
#18163=LINE('',#509,#18166);
#18164=LINE('',#847,#18167);
#18165=VECTOR('',#18168,1.0);
#18166=VECTOR('',#18169,1.0);
#18167=VECTOR('',#18170,1.0);
#18168=DIRECTION('',(0.991446380737331,0.13051465098925558,0));
#18169=DIRECTION('',(-0.8599119023831502,0.5104424748586188,0));
#18170=DIRECTION('',(0.8299721059948791,-0.5578048971373639,0));
#18171=FACE_SURFACE('',(#18176),#18172,.T.);
#18172=PLANE('',#18173);
#18173=AXIS2_PLACEMENT_3D('',#847,#18174,#18175);
#18174=DIRECTION('',(0,0,1));
#18175=DIRECTION('',(0.8599119023831502,-0.5104424748586188,0));
#18176=FACE_BOUND('',#18177,.T.);
#18177=EDGE_LOOP('',(#18178,#18179,#18180));
#18178=ORIENTED_EDGE('',*,*,#18181,.T.);
#18179=ORIENTED_EDGE('',*,*,#18182,.T.);
#18180=ORIENTED_EDGE('',*,*,#18183,.T.);
#18181=EDGE_CURVE('',#848,#510,#18184,.F.);
#18182=EDGE_CURVE('',#510,#508,#18185,.T.);
#18183=EDGE_CURVE('',#508,#848,#18186,.T.);
#18184=LINE('',#847,#18187);
#18185=LINE('',#509,#18188);
#18186=LINE('',#507,#18189);
#18187=VECTOR('',#18190,1.0);
#18188=VECTOR('',#18191,1.0);
#18189=VECTOR('',#18192,1.0);
#18190=DIRECTION('',(0.8599119023831502,-0.5104424748586188,0));
#18191=DIRECTION('',(0.9914450821838008,-0.1305245149906953,0));
#18192=DIRECTION('',(-0.875287465022102,0.4836029916937885,0));
#18193=FACE_SURFACE('',(#18198),#18194,.T.);
#18194=PLANE('',#18195);
#18195=AXIS2_PLACEMENT_3D('',#847,#18196,#18197);
#18196=DIRECTION('',(0,0,1));
#18197=DIRECTION('',(0.875287465022102,-0.4836029916937885,0));
#18198=FACE_BOUND('',#18199,.T.);
#18199=EDGE_LOOP('',(#18200,#18201,#18202));
#18200=ORIENTED_EDGE('',*,*,#18203,.T.);
#18201=ORIENTED_EDGE('',*,*,#18204,.T.);
#18202=ORIENTED_EDGE('',*,*,#18205,.T.);
#18203=EDGE_CURVE('',#848,#508,#18206,.F.);
#18204=EDGE_CURVE('',#508,#506,#18207,.T.);
#18205=EDGE_CURVE('',#506,#848,#18208,.T.);
#18206=LINE('',#847,#18209);
#18207=LINE('',#507,#18210);
#18208=LINE('',#505,#18211);
#18209=VECTOR('',#18212,1.0);
#18210=VECTOR('',#18213,1.0);
#18211=VECTOR('',#18214,1.0);
#18212=DIRECTION('',(0.875287465022102,-0.4836029916937885,0));
#18213=DIRECTION('',(0.9238766589170515,-0.3826903697615946,0));
#18214=DIRECTION('',(-0.8791978165735536,0.47645692285063507,0));
#18215=FACE_SURFACE('',(#18220),#18216,.T.);
#18216=PLANE('',#18217);
#18217=AXIS2_PLACEMENT_3D('',#847,#18218,#18219);
#18218=DIRECTION('',(-0,0,1));
#18219=DIRECTION('',(0.8791978165735536,-0.47645692285063507,0));
#18220=FACE_BOUND('',#18221,.T.);
#18221=EDGE_LOOP('',(#18222,#18223,#18224));
#18222=ORIENTED_EDGE('',*,*,#18225,.T.);
#18223=ORIENTED_EDGE('',*,*,#18226,.T.);
#18224=ORIENTED_EDGE('',*,*,#18227,.T.);
#18225=EDGE_CURVE('',#848,#506,#18228,.F.);
#18226=EDGE_CURVE('',#506,#852,#18229,.T.);
#18227=EDGE_CURVE('',#852,#848,#18230,.T.);
#18228=LINE('',#847,#18231);
#18229=LINE('',#505,#18232);
#18230=LINE('',#851,#18233);
#18231=VECTOR('',#18234,1.0);
#18232=VECTOR('',#18235,1.0);
#18233=VECTOR('',#18236,1.0);
#18234=DIRECTION('',(0.8791978165735536,-0.47645692285063507,0));
#18235=DIRECTION('',(0.9995305562277363,0.030637675614709856,0));
#18236=DIRECTION('',(-1,0,0));
#18237=FACE_SURFACE('',(#18242),#18238,.T.);
#18238=PLANE('',#18239);
#18239=AXIS2_PLACEMENT_3D('',#851,#18240,#18241);
#18240=DIRECTION('',(0,0,1));
#18241=DIRECTION('',(-0.9995305562277363,-0.030637675614709856,0));
#18242=FACE_BOUND('',#18243,.T.);
#18243=EDGE_LOOP('',(#18244,#18245,#18246));
#18244=ORIENTED_EDGE('',*,*,#18247,.T.);
#18245=ORIENTED_EDGE('',*,*,#18248,.T.);
#18246=ORIENTED_EDGE('',*,*,#18249,.T.);
#18247=EDGE_CURVE('',#852,#506,#18250,.F.);
#18248=EDGE_CURVE('',#506,#504,#18251,.T.);
#18249=EDGE_CURVE('',#504,#852,#18252,.T.);
#18250=LINE('',#851,#18253);
#18251=LINE('',#505,#18254);
#18252=LINE('',#503,#18255);
#18253=VECTOR('',#18256,1.0);
#18254=VECTOR('',#18257,1.0);
#18255=VECTOR('',#18258,1.0);
#18256=DIRECTION('',(-0.9995305562277363,-0.030637675614709856,0));
#18257=DIRECTION('',(0.7933471047137486,-0.6087695552853415,0));
#18258=DIRECTION('',(0.9994349916024196,0.033610973813201085,0));
#18259=FACE_SURFACE('',(#18264),#18260,.T.);
#18260=PLANE('',#18261);
#18261=AXIS2_PLACEMENT_3D('',#851,#18262,#18263);
#18262=DIRECTION('',(0,0,1));
#18263=DIRECTION('',(-0.9994349916024196,-0.033610973813201085,0));
#18264=FACE_BOUND('',#18265,.T.);
#18265=EDGE_LOOP('',(#18266,#18267,#18268));
#18266=ORIENTED_EDGE('',*,*,#18269,.T.);
#18267=ORIENTED_EDGE('',*,*,#18270,.T.);
#18268=ORIENTED_EDGE('',*,*,#18271,.T.);
#18269=EDGE_CURVE('',#852,#504,#18272,.F.);
#18270=EDGE_CURVE('',#504,#502,#18273,.T.);
#18271=EDGE_CURVE('',#502,#852,#18274,.T.);
#18272=LINE('',#851,#18275);
#18273=LINE('',#503,#18276);
#18274=LINE('',#501,#18277);
#18275=VECTOR('',#18278,1.0);
#18276=VECTOR('',#18279,1.0);
#18277=VECTOR('',#18280,1.0);
#18278=DIRECTION('',(-0.9994349916024196,-0.033610973813201085,0));
#18279=DIRECTION('',(0.6087635579670773,-0.7933517066794935,0));
#18280=DIRECTION('',(0.9992987750817368,0.03744273120567517,0));
#18281=FACE_SURFACE('',(#18286),#18282,.T.);
#18282=PLANE('',#18283);
#18283=AXIS2_PLACEMENT_3D('',#501,#18284,#18285);
#18284=DIRECTION('',(-0,0,1));
#18285=DIRECTION('',(0.38266597043955625,-0.9238867652843354,0));
#18286=FACE_BOUND('',#18287,.T.);
#18287=EDGE_LOOP('',(#18288,#18289,#18290));
#18288=ORIENTED_EDGE('',*,*,#18291,.T.);
#18289=ORIENTED_EDGE('',*,*,#18292,.T.);
#18290=ORIENTED_EDGE('',*,*,#18293,.T.);
#18291=EDGE_CURVE('',#502,#500,#18294,.F.);
#18292=EDGE_CURVE('',#500,#852,#18295,.T.);
#18293=EDGE_CURVE('',#852,#502,#18296,.T.);
#18294=LINE('',#501,#18297);
#18295=LINE('',#499,#18298);
#18296=LINE('',#851,#18299);
#18297=VECTOR('',#18300,1.0);
#18298=VECTOR('',#18301,1.0);
#18299=VECTOR('',#18302,1.0);
#18300=DIRECTION('',(0.38266597043955625,-0.9238867652843354,0));
#18301=DIRECTION('',(0.9991232277979567,0.041866163838981084,0));
#18302=DIRECTION('',(-0.9992987750817368,-0.03744273120567517,0));
#18303=FACE_SURFACE('',(#18308),#18304,.T.);
#18304=PLANE('',#18305);
#18305=AXIS2_PLACEMENT_3D('',#851,#18306,#18307);
#18306=DIRECTION('',(0,0,1));
#18307=DIRECTION('',(-0.9991232277979567,-0.041866163838981084,0));
#18308=FACE_BOUND('',#18309,.T.);
#18309=EDGE_LOOP('',(#18310,#18311,#18312));
#18310=ORIENTED_EDGE('',*,*,#18313,.T.);
#18311=ORIENTED_EDGE('',*,*,#18314,.T.);
#18312=ORIENTED_EDGE('',*,*,#18315,.T.);
#18313=EDGE_CURVE('',#852,#500,#18316,.F.);
#18314=EDGE_CURVE('',#500,#498,#18317,.T.);
#18315=EDGE_CURVE('',#498,#852,#18318,.T.);
#18316=LINE('',#851,#18319);
#18317=LINE('',#499,#18320);
#18318=LINE('',#497,#18321);
#18319=VECTOR('',#18322,1.0);
#18320=VECTOR('',#18323,1.0);
#18321=VECTOR('',#18324,1.0);
#18322=DIRECTION('',(-0.9991232277979567,-0.041866163838981084,0));
#18323=DIRECTION('',(0.13054201444961414,-0.991442778209331,0));
#18324=DIRECTION('',(0.9989151944913077,0.04656644945014334,0));
#18325=FACE_SURFACE('',(#18330),#18326,.T.);
#18326=PLANE('',#18327);
#18327=AXIS2_PLACEMENT_3D('',#851,#18328,#18329);
#18328=DIRECTION('',(0,0,1));
#18329=DIRECTION('',(-0.9989151944913077,-0.04656644945014334,0));
#18330=FACE_BOUND('',#18331,.T.);
#18331=EDGE_LOOP('',(#18332,#18333,#18334));
#18332=ORIENTED_EDGE('',*,*,#18335,.T.);
#18333=ORIENTED_EDGE('',*,*,#18336,.T.);
#18334=ORIENTED_EDGE('',*,*,#18337,.T.);
#18335=EDGE_CURVE('',#852,#498,#18338,.F.);
#18336=EDGE_CURVE('',#498,#496,#18339,.T.);
#18337=EDGE_CURVE('',#496,#852,#18340,.T.);
#18338=LINE('',#851,#18341);
#18339=LINE('',#497,#18342);
#18340=LINE('',#495,#18343);
#18341=VECTOR('',#18344,1.0);
#18342=VECTOR('',#18345,1.0);
#18343=VECTOR('',#18346,1.0);
#18344=DIRECTION('',(-0.9989151944913077,-0.04656644945014334,0));
#18345=DIRECTION('',(-0.13054078122086607,-0.9914429405862176,0));
#18346=DIRECTION('',(0.9986880918626213,0.05120639776235383,0));
#18347=FACE_SURFACE('',(#18352),#18348,.T.);
#18348=PLANE('',#18349);
#18349=AXIS2_PLACEMENT_3D('',#477,#18350,#18351);
#18350=DIRECTION('',(0,0,1));
#18351=DIRECTION('',(-0.38266933918522245,0.9238853699715919,0));
#18352=FACE_BOUND('',#18353,.T.);
#18353=EDGE_LOOP('',(#18354,#18355,#18356));
#18354=ORIENTED_EDGE('',*,*,#18357,.T.);
#18355=ORIENTED_EDGE('',*,*,#18358,.T.);
#18356=ORIENTED_EDGE('',*,*,#18359,.T.);
#18357=EDGE_CURVE('',#478,#476,#18360,.F.);
#18358=EDGE_CURVE('',#476,#848,#18361,.T.);
#18359=EDGE_CURVE('',#848,#478,#18362,.T.);
#18360=LINE('',#477,#18363);
#18361=LINE('',#475,#18364);
#18362=LINE('',#847,#18365);
#18363=VECTOR('',#18366,1.0);
#18364=VECTOR('',#18367,1.0);
#18365=VECTOR('',#18368,1.0);
#18366=DIRECTION('',(-0.38266933918522245,0.9238853699715919,0));
#18367=DIRECTION('',(-0.5112505097634563,0.8594317403183375,0));
#18368=DIRECTION('',(0.5021662800016805,-0.8647710837148026,0));
#18369=FACE_SURFACE('',(#18374),#18370,.T.);
#18370=PLANE('',#18371);
#18371=AXIS2_PLACEMENT_3D('',#853,#18372,#18373);
#18372=DIRECTION('',(-0,-1,-0));
#18373=DIRECTION('',(-1,0,0));
#18374=FACE_BOUND('',#18375,.T.);
#18375=EDGE_LOOP('',(#18376,#18377,#18378));
#18376=ORIENTED_EDGE('',*,*,#18379,.T.);
#18377=ORIENTED_EDGE('',*,*,#18380,.T.);
#18378=ORIENTED_EDGE('',*,*,#18381,.T.);
#18379=EDGE_CURVE('',#854,#826,#18382,.F.);
#18380=EDGE_CURVE('',#826,#824,#18383,.T.);
#18381=EDGE_CURVE('',#824,#854,#18384,.T.);
#18382=LINE('',#853,#18385);
#18383=LINE('',#825,#18386);
#18384=LINE('',#823,#18387);
#18385=VECTOR('',#18388,1.0);
#18386=VECTOR('',#18389,1.0);
#18387=VECTOR('',#18390,1.0);
#18388=DIRECTION('',(-1,0,0));
#18389=DIRECTION('',(0.9920964332547062,0,-0.12547775549192028));
#18390=DIRECTION('',(0,0,1));
#18391=FACE_SURFACE('',(#18396),#18392,.T.);
#18392=PLANE('',#18393);
#18393=AXIS2_PLACEMENT_3D('',#823,#18394,#18395);
#18394=DIRECTION('',(0,-1,0));
#18395=DIRECTION('',(-0.9920964332547062,0,0.12547775549192028));
#18396=FACE_BOUND('',#18397,.T.);
#18397=EDGE_LOOP('',(#18398,#18399,#18400));
#18398=ORIENTED_EDGE('',*,*,#18401,.T.);
#18399=ORIENTED_EDGE('',*,*,#18402,.T.);
#18400=ORIENTED_EDGE('',*,*,#18403,.T.);
#18401=EDGE_CURVE('',#824,#826,#18404,.F.);
#18402=EDGE_CURVE('',#826,#818,#18405,.T.);
#18403=EDGE_CURVE('',#818,#824,#18406,.T.);
#18404=LINE('',#823,#18407);
#18405=LINE('',#825,#18408);
#18406=LINE('',#817,#18409);
#18407=VECTOR('',#18410,1.0);
#18408=VECTOR('',#18411,1.0);
#18409=VECTOR('',#18412,1.0);
#18410=DIRECTION('',(-0.9920964332547062,0,0.12547775549192028));
#18411=DIRECTION('',(0,0,-1));
#18412=DIRECTION('',(1,0,0));
#18413=FACE_SURFACE('',(#18418),#18414,.T.);
#18414=PLANE('',#18415);
#18415=AXIS2_PLACEMENT_3D('',#829,#18416,#18417);
#18416=DIRECTION('',(1,0,0));
#18417=DIRECTION('',(0,-1,0));
#18418=FACE_BOUND('',#18419,.T.);
#18419=EDGE_LOOP('',(#18420,#18421,#18422));
#18420=ORIENTED_EDGE('',*,*,#18423,.T.);
#18421=ORIENTED_EDGE('',*,*,#18424,.T.);
#18422=ORIENTED_EDGE('',*,*,#18425,.T.);
#18423=EDGE_CURVE('',#830,#854,#18426,.F.);
#18424=EDGE_CURVE('',#854,#822,#18427,.T.);
#18425=EDGE_CURVE('',#822,#830,#18428,.T.);
#18426=LINE('',#829,#18429);
#18427=LINE('',#853,#18430);
#18428=LINE('',#821,#18431);
#18429=VECTOR('',#18432,1.0);
#18430=VECTOR('',#18433,1.0);
#18431=VECTOR('',#18434,1.0);
#18432=DIRECTION('',(0,-1,0));
#18433=DIRECTION('',(0,0.9901983799508597,-0.13966806486342143));
#18434=DIRECTION('',(0,0,1));
#18435=FACE_SURFACE('',(#18440),#18436,.T.);
#18436=PLANE('',#18437);
#18437=AXIS2_PLACEMENT_3D('',#821,#18438,#18439);
#18438=DIRECTION('',(1,0,0));
#18439=DIRECTION('',(0,-0.9901983799508597,0.13966806486342143));
#18440=FACE_BOUND('',#18441,.T.);
#18441=EDGE_LOOP('',(#18442,#18443,#18444));
#18442=ORIENTED_EDGE('',*,*,#18445,.T.);
#18443=ORIENTED_EDGE('',*,*,#18446,.T.);
#18444=ORIENTED_EDGE('',*,*,#18447,.T.);
#18445=EDGE_CURVE('',#822,#854,#18448,.F.);
#18446=EDGE_CURVE('',#854,#824,#18449,.T.);
#18447=EDGE_CURVE('',#824,#822,#18450,.T.);
#18448=LINE('',#821,#18451);
#18449=LINE('',#853,#18452);
#18450=LINE('',#823,#18453);
#18451=VECTOR('',#18454,1.0);
#18452=VECTOR('',#18455,1.0);
#18453=VECTOR('',#18456,1.0);
#18454=DIRECTION('',(0,-0.9901983799508597,0.13966806486342143));
#18455=DIRECTION('',(0,0,-1));
#18456=DIRECTION('',(0,1,0));
#18457=FACE_SURFACE('',(#18462),#18458,.T.);
#18458=PLANE('',#18459);
#18459=AXIS2_PLACEMENT_3D('',#855,#18460,#18461);
#18460=DIRECTION('',(-0,-1,-0));
#18461=DIRECTION('',(-1,0,0));
#18462=FACE_BOUND('',#18463,.T.);
#18463=EDGE_LOOP('',(#18464,#18465,#18466));
#18464=ORIENTED_EDGE('',*,*,#18467,.T.);
#18465=ORIENTED_EDGE('',*,*,#18468,.T.);
#18466=ORIENTED_EDGE('',*,*,#18469,.T.);
#18467=EDGE_CURVE('',#856,#846,#18470,.F.);
#18468=EDGE_CURVE('',#846,#852,#18471,.T.);
#18469=EDGE_CURVE('',#852,#856,#18472,.T.);
#18470=LINE('',#855,#18473);
#18471=LINE('',#845,#18474);
#18472=LINE('',#851,#18475);
#18473=VECTOR('',#18476,1.0);
#18474=VECTOR('',#18477,1.0);
#18475=VECTOR('',#18478,1.0);
#18476=DIRECTION('',(-1,0,0));
#18477=DIRECTION('',(0.9913908963372139,0,-0.13093544462709725));
#18478=DIRECTION('',(0,0,1));
#18479=FACE_SURFACE('',(#18484),#18480,.T.);
#18480=PLANE('',#18481);
#18481=AXIS2_PLACEMENT_3D('',#851,#18482,#18483);
#18482=DIRECTION('',(0,-1,0));
#18483=DIRECTION('',(-0.9913908963372139,0,0.13093544462709725));
#18484=FACE_BOUND('',#18485,.T.);
#18485=EDGE_LOOP('',(#18486,#18487,#18488));
#18486=ORIENTED_EDGE('',*,*,#18489,.T.);
#18487=ORIENTED_EDGE('',*,*,#18490,.T.);
#18488=ORIENTED_EDGE('',*,*,#18491,.T.);
#18489=EDGE_CURVE('',#852,#846,#18492,.F.);
#18490=EDGE_CURVE('',#846,#848,#18493,.T.);
#18491=EDGE_CURVE('',#848,#852,#18494,.T.);
#18492=LINE('',#851,#18495);
#18493=LINE('',#845,#18496);
#18494=LINE('',#847,#18497);
#18495=VECTOR('',#18498,1.0);
#18496=VECTOR('',#18499,1.0);
#18497=VECTOR('',#18500,1.0);
#18498=DIRECTION('',(-0.9913908963372139,0,0.13093544462709725));
#18499=DIRECTION('',(0,0,-1));
#18500=DIRECTION('',(1,0,0));
#18501=FACE_SURFACE('',(#18506),#18502,.T.);
#18502=PLANE('',#18503);
#18503=AXIS2_PLACEMENT_3D('',#833,#18504,#18505);
#18504=DIRECTION('',(-1,0,0));
#18505=DIRECTION('',(0,1,0));
#18506=FACE_BOUND('',#18507,.T.);
#18507=EDGE_LOOP('',(#18508,#18509,#18510));
#18508=ORIENTED_EDGE('',*,*,#18511,.T.);
#18509=ORIENTED_EDGE('',*,*,#18512,.T.);
#18510=ORIENTED_EDGE('',*,*,#18513,.T.);
#18511=EDGE_CURVE('',#834,#856,#18514,.F.);
#18512=EDGE_CURVE('',#856,#836,#18515,.T.);
#18513=EDGE_CURVE('',#836,#834,#18516,.T.);
#18514=LINE('',#833,#18517);
#18515=LINE('',#855,#18518);
#18516=LINE('',#835,#18519);
#18517=VECTOR('',#18520,1.0);
#18518=VECTOR('',#18521,1.0);
#18519=VECTOR('',#18522,1.0);
#18520=DIRECTION('',(0,1,0));
#18521=DIRECTION('',(0,-0.9887957600783914,-0.14927472944539624));
#18522=DIRECTION('',(0,0,1));
#18523=FACE_SURFACE('',(#18528),#18524,.T.);
#18524=PLANE('',#18525);
#18525=AXIS2_PLACEMENT_3D('',#835,#18526,#18527);
#18526=DIRECTION('',(-1,0,0));
#18527=DIRECTION('',(0,0.9887957600783914,0.14927472944539624));
#18528=FACE_BOUND('',#18529,.T.);
#18529=EDGE_LOOP('',(#18530,#18531,#18532));
#18530=ORIENTED_EDGE('',*,*,#18533,.T.);
#18531=ORIENTED_EDGE('',*,*,#18534,.T.);
#18532=ORIENTED_EDGE('',*,*,#18535,.T.);
#18533=EDGE_CURVE('',#836,#856,#18536,.F.);
#18534=EDGE_CURVE('',#856,#852,#18537,.T.);
#18535=EDGE_CURVE('',#852,#836,#18538,.T.);
#18536=LINE('',#835,#18539);
#18537=LINE('',#855,#18540);
#18538=LINE('',#851,#18541);
#18539=VECTOR('',#18542,1.0);
#18540=VECTOR('',#18543,1.0);
#18541=VECTOR('',#18544,1.0);
#18542=DIRECTION('',(0,0.9887957600783914,0.14927472944539624));
#18543=DIRECTION('',(0,0,-1));
#18544=DIRECTION('',(0,-1,0));
#18545=FACE_SURFACE('',(#18550),#18546,.T.);
#18546=PLANE('',#18547);
#18547=AXIS2_PLACEMENT_3D('',#855,#18548,#18549);
#18548=DIRECTION('',(0,0,1));
#18549=DIRECTION('',(-0.9954650668637945,0.09512781219948827,0));
#18550=FACE_BOUND('',#18551,.T.);
#18551=EDGE_LOOP('',(#18552,#18553,#18554));
#18552=ORIENTED_EDGE('',*,*,#18555,.T.);
#18553=ORIENTED_EDGE('',*,*,#18556,.T.);
#18554=ORIENTED_EDGE('',*,*,#18557,.T.);
#18555=EDGE_CURVE('',#856,#828,#18558,.F.);
#18556=EDGE_CURVE('',#828,#846,#18559,.T.);
#18557=EDGE_CURVE('',#846,#856,#18560,.T.);
#18558=LINE('',#855,#18561);
#18559=LINE('',#827,#18562);
#18560=LINE('',#845,#18563);
#18561=VECTOR('',#18564,1.0);
#18562=VECTOR('',#18565,1.0);
#18563=VECTOR('',#18566,1.0);
#18564=DIRECTION('',(-0.9954650668637945,0.09512781219948827,0));
#18565=DIRECTION('',(0.7071067811865475,-0.7071067811865475,0));
#18566=DIRECTION('',(1,0,0));
#18567=FACE_SURFACE('',(#18572),#18568,.T.);
#18568=PLANE('',#18569);
#18569=AXIS2_PLACEMENT_3D('',#845,#18570,#18571);
#18570=DIRECTION('',(0,0,1));
#18571=DIRECTION('',(-0.7071067811865475,0.7071067811865475,0));
#18572=FACE_BOUND('',#18573,.T.);
#18573=EDGE_LOOP('',(#18574,#18575,#18576));
#18574=ORIENTED_EDGE('',*,*,#18577,.T.);
#18575=ORIENTED_EDGE('',*,*,#18578,.T.);
#18576=ORIENTED_EDGE('',*,*,#18579,.T.);
#18577=EDGE_CURVE('',#846,#828,#18580,.F.);
#18578=EDGE_CURVE('',#828,#826,#18581,.T.);
#18579=EDGE_CURVE('',#826,#846,#18582,.T.);
#18580=LINE('',#845,#18583);
#18581=LINE('',#827,#18584);
#18582=LINE('',#825,#18585);
#18583=VECTOR('',#18586,1.0);
#18584=VECTOR('',#18587,1.0);
#18585=VECTOR('',#18588,1.0);
#18586=DIRECTION('',(-0.7071067811865475,0.7071067811865475,0));
#18587=DIRECTION('',(0,-1,0));
#18588=DIRECTION('',(0.10713837948187396,0.9942441187364388,0));
#18589=FACE_SURFACE('',(#18594),#18590,.T.);
#18590=PLANE('',#18591);
#18591=AXIS2_PLACEMENT_3D('',#845,#18592,#18593);
#18592=DIRECTION('',(0,0,1));
#18593=DIRECTION('',(-0.10713837948187396,-0.9942441187364388,0));
#18594=FACE_BOUND('',#18595,.T.);
#18595=EDGE_LOOP('',(#18596,#18597,#18598));
#18596=ORIENTED_EDGE('',*,*,#18599,.T.);
#18597=ORIENTED_EDGE('',*,*,#18600,.T.);
#18598=ORIENTED_EDGE('',*,*,#18601,.T.);
#18599=EDGE_CURVE('',#846,#826,#18602,.F.);
#18600=EDGE_CURVE('',#826,#832,#18603,.T.);
#18601=EDGE_CURVE('',#832,#846,#18604,.T.);
#18602=LINE('',#845,#18605);
#18603=LINE('',#825,#18606);
#18604=LINE('',#831,#18607);
#18605=VECTOR('',#18608,1.0);
#18606=VECTOR('',#18609,1.0);
#18607=VECTOR('',#18610,1.0);
#18608=DIRECTION('',(-0.10713837948187396,-0.9942441187364388,0));
#18609=DIRECTION('',(0.7071067811865475,0.7071067811865475,0));
#18610=DIRECTION('',(0,1,0));
#18611=FACE_SURFACE('',(#18616),#18612,.T.);
#18612=PLANE('',#18613);
#18613=AXIS2_PLACEMENT_3D('',#831,#18614,#18615);
#18614=DIRECTION('',(-0,0,1));
#18615=DIRECTION('',(-0.7071067811865475,-0.7071067811865475,0));
#18616=FACE_BOUND('',#18617,.T.);
#18617=EDGE_LOOP('',(#18618,#18619,#18620));
#18618=ORIENTED_EDGE('',*,*,#18621,.T.);
#18619=ORIENTED_EDGE('',*,*,#18622,.T.);
#18620=ORIENTED_EDGE('',*,*,#18623,.T.);
#18621=EDGE_CURVE('',#832,#826,#18624,.F.);
#18622=EDGE_CURVE('',#826,#834,#18625,.T.);
#18623=EDGE_CURVE('',#834,#832,#18626,.T.);
#18624=LINE('',#831,#18627);
#18625=LINE('',#825,#18628);
#18626=LINE('',#833,#18629);
#18627=VECTOR('',#18630,1.0);
#18628=VECTOR('',#18631,1.0);
#18629=VECTOR('',#18632,1.0);
#18630=DIRECTION('',(-0.7071067811865475,-0.7071067811865475,0));
#18631=DIRECTION('',(0.9954650668637945,0.09512781219948827,0));
#18632=DIRECTION('',(-1,0,0));
#18633=FACE_SURFACE('',(#18638),#18634,.T.);
#18634=PLANE('',#18635);
#18635=AXIS2_PLACEMENT_3D('',#833,#18636,#18637);
#18636=DIRECTION('',(0,0,1));
#18637=DIRECTION('',(-0.9954650668637945,-0.09512781219948827,0));
#18638=FACE_BOUND('',#18639,.T.);
#18639=EDGE_LOOP('',(#18640,#18641,#18642));
#18640=ORIENTED_EDGE('',*,*,#18643,.T.);
#18641=ORIENTED_EDGE('',*,*,#18644,.T.);
#18642=ORIENTED_EDGE('',*,*,#18645,.T.);
#18643=EDGE_CURVE('',#834,#826,#18646,.F.);
#18644=EDGE_CURVE('',#826,#854,#18647,.T.);
#18645=EDGE_CURVE('',#854,#834,#18648,.T.);
#18646=LINE('',#833,#18649);
#18647=LINE('',#825,#18650);
#18648=LINE('',#853,#18651);
#18649=VECTOR('',#18652,1.0);
#18650=VECTOR('',#18653,1.0);
#18651=VECTOR('',#18654,1.0);
#18652=DIRECTION('',(-0.9954650668637945,-0.09512781219948827,0));
#18653=DIRECTION('',(1,0,0));
#18654=DIRECTION('',(-0.7071067811865466,0.7071067811865486,0));
#18655=FACE_SURFACE('',(#18660),#18656,.T.);
#18656=PLANE('',#18657);
#18657=AXIS2_PLACEMENT_3D('',#833,#18658,#18659);
#18658=DIRECTION('',(-0,0,1));
#18659=DIRECTION('',(0.7071067811865466,-0.7071067811865486,0));
#18660=FACE_BOUND('',#18661,.T.);
#18661=EDGE_LOOP('',(#18662,#18663,#18664));
#18662=ORIENTED_EDGE('',*,*,#18665,.T.);
#18663=ORIENTED_EDGE('',*,*,#18666,.T.);
#18664=ORIENTED_EDGE('',*,*,#18667,.T.);
#18665=EDGE_CURVE('',#834,#854,#18668,.F.);
#18666=EDGE_CURVE('',#854,#856,#18669,.T.);
#18667=EDGE_CURVE('',#856,#834,#18670,.T.);
#18668=LINE('',#833,#18671);
#18669=LINE('',#853,#18672);
#18670=LINE('',#855,#18673);
#18671=VECTOR('',#18674,1.0);
#18672=VECTOR('',#18675,1.0);
#18673=VECTOR('',#18676,1.0);
#18674=DIRECTION('',(0.7071067811865466,-0.7071067811865486,0));
#18675=DIRECTION('',(-0.10713837948187366,0.9942441187364388,0));
#18676=DIRECTION('',(0,-1,0));
#18677=FACE_SURFACE('',(#18682),#18678,.T.);
#18678=PLANE('',#18679);
#18679=AXIS2_PLACEMENT_3D('',#855,#18680,#18681);
#18680=DIRECTION('',(-0,0,1));
#18681=DIRECTION('',(0.10713837948187366,-0.9942441187364388,0));
#18682=FACE_BOUND('',#18683,.T.);
#18683=EDGE_LOOP('',(#18684,#18685,#18686));
#18684=ORIENTED_EDGE('',*,*,#18687,.T.);
#18685=ORIENTED_EDGE('',*,*,#18688,.T.);
#18686=ORIENTED_EDGE('',*,*,#18689,.T.);
#18687=EDGE_CURVE('',#856,#854,#18690,.F.);
#18688=EDGE_CURVE('',#854,#830,#18691,.T.);
#18689=EDGE_CURVE('',#830,#856,#18692,.T.);
#18690=LINE('',#855,#18693);
#18691=LINE('',#853,#18694);
#18692=LINE('',#829,#18695);
#18693=VECTOR('',#18696,1.0);
#18694=VECTOR('',#18697,1.0);
#18695=VECTOR('',#18698,1.0);
#18696=DIRECTION('',(0.10713837948187366,-0.9942441187364388,0));
#18697=DIRECTION('',(0,1,0));
#18698=DIRECTION('',(-0.7071067811865466,-0.7071067811865486,0));
#18699=FACE_SURFACE('',(#18704),#18700,.T.);
#18700=PLANE('',#18701);
#18701=AXIS2_PLACEMENT_3D('',#855,#18702,#18703);
#18702=DIRECTION('',(0,-0,1));
#18703=DIRECTION('',(0.7071067811865466,0.7071067811865486,0));
#18704=FACE_BOUND('',#18705,.T.);
#18705=EDGE_LOOP('',(#18706,#18707,#18708));
#18706=ORIENTED_EDGE('',*,*,#18709,.T.);
#18707=ORIENTED_EDGE('',*,*,#18710,.T.);
#18708=ORIENTED_EDGE('',*,*,#18711,.T.);
#18709=EDGE_CURVE('',#856,#830,#18712,.F.);
#18710=EDGE_CURVE('',#830,#828,#18713,.T.);
#18711=EDGE_CURVE('',#828,#856,#18714,.T.);
#18712=LINE('',#855,#18715);
#18713=LINE('',#829,#18716);
#18714=LINE('',#827,#18717);
#18715=VECTOR('',#18718,1.0);
#18716=VECTOR('',#18719,1.0);
#18717=VECTOR('',#18720,1.0);
#18718=DIRECTION('',(0.7071067811865466,0.7071067811865486,0));
#18719=DIRECTION('',(-1,0,0));
#18720=DIRECTION('',(0.9954650668637945,-0.09512781219948827,0));
ENDSEC;
END-ISO-10303-21;
